,State,Change in Recipiency Rate (2000-2023),% Change in Real Average WBA (2000-2023),% Change in Real Maximum WBA (2000-2023),% Change in Real Minimum WBA (2000-2023),Change in Recipiency Rate (2001-2023),% Change in Real Average WBA (2001-2023),% Change in Real Maximum WBA (2001-2023),% Change in Real Minimum WBA (2001-2023),Change in Recipiency Rate (2002-2023),% Change in Real Average WBA (2002-2023),% Change in Real Maximum WBA (2002-2023),% Change in Real Minimum WBA (2002-2023),Change in Recipiency Rate (2003-2023)_y,% Change in Real Average WBA (2003-2023)_y,% Change in Real Maximum WBA (2003-2023)_y,% Change in Real Minimum WBA (2003-2023)_y,Change in Recipiency Rate (2004-2023),% Change in Real Average WBA (2004-2023),% Change in Real Maximum WBA (2004-2023),% Change in Real Minimum WBA (2004-2023),Change in Recipiency Rate (2005-2023),% Change in Real Average WBA (2005-2023),% Change in Real Maximum WBA (2005-2023),% Change in Real Minimum WBA (2005-2023),Change in Recipiency Rate (2006-2023),% Change in Real Average WBA (2006-2023),% Change in Real Maximum WBA (2006-2023),% Change in Real Minimum WBA (2006-2023),Change in Recipiency Rate (2007-2023),% Change in Real Average WBA (2007-2023),% Change in Real Maximum WBA (2007-2023),% Change in Real Minimum WBA (2007-2023),Change in Recipiency Rate (2008-2023),% Change in Real Average WBA (2008-2023),% Change in Real Maximum WBA (2008-2023),% Change in Real Minimum WBA (2008-2023),Change in Recipiency Rate (2009-2023),% Change in Real Average WBA (2009-2023),% Change in Real Maximum WBA (2009-2023),% Change in Real Minimum WBA (2009-2023),Change in Recipiency Rate (2010-2023),% Change in Real Average WBA (2010-2023),% Change in Real Maximum WBA (2010-2023),% Change in Real Minimum WBA (2010-2023),Change in Recipiency Rate (2011-2023),% Change in Real Average WBA (2011-2023),% Change in Real Maximum WBA (2011-2023),% Change in Real Minimum WBA (2011-2023),Change in Recipiency Rate (2012-2023),% Change in Real Average WBA (2012-2023),% Change in Real Maximum WBA (2012-2023),% Change in Real Minimum WBA (2012-2023),Change in Recipiency Rate (2013-2023),% Change in Real Average WBA (2013-2023),% Change in Real Maximum WBA (2013-2023),% Change in Real Minimum WBA (2013-2023),Change in Recipiency Rate (2014-2023),% Change in Real Average WBA (2014-2023),% Change in Real Maximum WBA (2014-2023),% Change in Real Minimum WBA (2014-2023),Change in Recipiency Rate (2015-2023),% Change in Real Average WBA (2015-2023),% Change in Real Maximum WBA (2015-2023),% Change in Real Minimum WBA (2015-2023),Change in Recipiency Rate (2016-2023),% Change in Real Average WBA (2016-2023),% Change in Real Maximum WBA (2016-2023),% Change in Real Minimum WBA (2016-2023),Change in Recipiency Rate (2017-2023),% Change in Real Average WBA (2017-2023),% Change in Real Maximum WBA (2017-2023),% Change in Real Minimum WBA (2017-2023)
0,AK,-35.12707064032799,-9.836260085429528,-19.467741935483872,-31.295454545454543,-34.688605653008,-7.823871906841343,-16.51897675973918,-28.786808009422852,-34.353618676577,-7.334918602524238,-14.907758510502326,-27.40153698366955,-30.099423234774004,-7.374451487079487,-13.108549053730693,-25.870524767042667,-27.969828403178997,-5.970426282249586,-11.08143003428165,-24.140526976160604,-26.346769063297003,-2.2133573542658587,-8.364303739389763,-21.825704680630984,-24.709881911141995,-2.5894116138956673,-5.233689205219455,-19.149505215298205,-22.155126585479003,3.8540385403853947,-2.2226573974346384,-16.583885209713028,-22.01388268419,3.114186851211075,1.1957843534657402,-13.677898343803546,-24.054693991730996,-14.632365331685676,-32.4265800514278,-32.416722557567624,-21.317649199506,-18.26395611487577,-31.691634174704152,-31.683615819209038,-19.459462062689997,-15.777223607647548,-29.7527346910063,-29.74668835696026,-21.817866004329,-13.352337514253144,-28.240873814314455,-28.22886989553656,-21.254522756112,-13.775104958583912,-27.17858965944724,-27.17417489761503,-17.615847818904,-13.31774368334,-25.82082900014857,-25.815950920245395,-12.617325993688999,-16.13971196821718,-24.956789659577662,-24.950347567030786,-13.833057417084998,-17.48737716488409,-23.508234392952897,-23.507085020242922,-10.278309492154996,-13.652633373103804,-21.336011658592298,-21.337496747332814
1,AL,-12.997963883137,-13.793943825016747,-18.357894736842102,-43.6,-18.606606987875,-13.951225445478316,-16.45392362794204,-42.27882647259495,-16.856131650043,-14.58496830667069,-15.378320877202551,-41.54767388300323,-14.532989045053998,-16.736303183663857,-21.672389416279533,-40.19792648444863,-10.264631730989002,-14.831758261602351,-19.685202443823123,-38.68084078279778,-13.131697336878997,-14.831758261602351,-20.593805989250058,-36.48648648648649,-14.579729132292,-12.730524887436001,-17.895516858095593,-34.316770186335404,-15.357052737541002,-11.208032632569806,-19.178867295368104,-32.41011984021305,-13.16287473963,-11.695687449291633,-17.616442721334106,-29.617304492512485,-16.437366770773,-17.508162313432834,-24.379661677960314,-29.889502762430947,-6.987991396740001,-16.144135601256433,-26.01001669449082,-28.707865168539332,-4.3048076848540004,-12.563341984921509,-23.461785168007097,-26.26380011621151,-4.253734488700999,-10.962179850229683,-21.846029826682784,-24.68842729970327,-4.578815378056,-10.754383751734569,-20.62631121117536,-23.53118409159385,-2.9820255642860003,-10.136551286122566,-19.284004579040484,-22.21881703953418,-1.6173493545200008,-12.210709189055024,-19.426553085393728,-22.36157846436219,-0.876242201418001,-11.953951462352197,-18.533690457433956,-21.497061552737396,-1.9827062320009996,-10.776894942615716,-16.8658556192722,-19.91164405175135
2,AR,-24.383506265414997,-17.81087470449172,-17.673139158576056,-16.927272727272733,-36.687742558771,-19.83859810929213,-18.901428207090035,-17.971274685816883,-32.861926162913,-20.8027700578614,-20.81984561752988,-21.07445154603559,-26.169899350738003,-19.250243879778882,-21.810358075918252,-21.857362750128274,-19.803159692734997,-18.97925891400606,-19.824135648775577,-21.1425612702796,-18.548951214288998,-17.721399157476213,-16.958281647842263,-20.841995841995846,-18.592472315836996,-20.414797179745435,-22.453894223441555,-21.76369863013699,-19.930605467215,-20.026683842473318,-22.825592330795136,-22.886075949367093,-25.704953743431002,-19.257745366714655,-22.371071101617336,-21.884082749187904,-33.681361601706996,-25.69779867493053,-26.62955699123213,-26.23506619309009,-20.252278174287,-23.828929494763592,-27.087990828317572,-26.896000000000004,-13.915927310406998,-20.08550937844796,-26.248804105180767,-26.246973365617443,-12.534701831845998,-19.783110290724494,-25.677807642865485,-25.598436736687834,-9.719639817479,-21.076049943246307,-23.51473241130488,-23.518580515567468,-9.812006226797001,-18.81275979636635,-22.221542789005415,-22.21654749744638,-11.595790164395,-22.810834813499103,-22.359224782542345,-22.361937128292276,-11.301520290789,-11.116224369790858,-21.499105103993095,-21.494845360824748,-7.010270433607999,-11.229700745582669,-19.892303816601594,-19.884271436086276
3,AZ,-2.4528207204469994,-4.956615436964787,-15.741463414634152,191.47500000000002,-8.457286959033999,-6.977131438721133,-12.656755663430422,202.12490282456594,-8.885537670493997,-6.106784693820385,-10.968506778001135,207.95034337031169,-12.114035219819996,-3.6728359581561025,-9.089473684210532,214.51308335581336,-9.066584248866,-2.592269689043887,-6.969354230624225,221.80513386696114,-3.7228511231199994,-8.580624045385115,-18.10639104873886,121.1075289209179,-1.4762969314069978,-6.718245574974949,-15.307673449374848,128.6526769954893,-8.390472497739,-5.41791297477284,-12.616987909141496,135.9166329421287,-8.470484858488996,-4.058850469429816,-9.565445026178015,144.1675392670157,-15.001230671294996,-5.529875986471253,-9.905069893594831,143.25057375339037,-6.725778367761998,-1.9941520467836236,-8.921697864487221,145.9185825775153,-4.146779287206997,1.7485277153785412,-6.338791888081552,152.9067245119306,-2.082800977603,3.931782945736436,-4.320611532709251,158.34256592067362,1.3692681497180004,1.5820099405988688,-2.9061270376616166,28.92845294703085,0.3681752183880005,2.201487986339806,-1.0936784241868969,30.26815642458101,1.5227490791730025,3.9640198511166345,0.057927359091695725,28.643936886240766,0.9604056067000016,4.476030172682505,1.9898441190363578,31.117858749437698,0.6951265374930016,6.217518063125873,4.881899326006431,34.84848484848486
4,CA,1.3776777630929993,26.84387412160098,5.608695652173915,-46.025,-4.154544599533999,22.156181957276527,9.473589327564454,-44.05286343612335,-3.5365184267179997,-2.6086140564886806,-22.224712625276165,-42.97411516111991,-2.327040039742001,-12.472592342722207,-29.16921820779751,-41.75883463717292,2.7833719359359965,-14.070455768514295,-34.58824796682285,-40.40850124206458,3.9524824580039972,-18.146687697160875,-38.580964903408514,-38.57752489331436,2.885234030486,-17.60736683337302,-36.480125523012546,-36.4813180347161,3.1944923724649965,-18.35915991504758,-34.464709691344694,-34.476479514415786,4.357556244972999,-17.21304937385339,-32.17357310398749,-32.17090794847628,5.546819218757998,-20.348413337937917,-32.42829721534481,-32.42566510172144,13.778017685895,-16.463439172602516,-31.692913385826778,-31.698829484340397,17.402711978273,-12.283963659412631,-29.75302215281392,-29.76577748861418,16.533113156961,-9.763519387932524,-28.242245199409155,-28.24858757062147,14.761486038262001,-10.564411891426102,-27.177334732423926,-27.18381112984823,11.580242631321996,-8.808153582568195,-25.823001282599396,-25.833047062864996,10.396549218078999,-9.555139209620487,-24.95674740484429,-24.956551963851233,7.7575965616069995,-10.564411891426102,-23.510517697443,-23.521076868579527,4.261701192624001,-9.40909487649471,-21.33812623465786,-21.34790528233151
5,CO,3.7622761303980012,24.619720484904658,8.115727002967365,-46.04,-2.578434415973996,13.534522176497491,5.498610145934679,-44.07131011608624,-2.5988079762259977,6.454059758591119,-1.2869141154158765,-42.98393913778529,-0.03146777689699842,9.647066816128277,-1.2280416395575724,-41.77816141562366,5.065959579306001,16.38782721569195,1.0763725136627167,-40.41519434628975,7.810234788026002,17.785075716110203,1.861947496435468,-38.59808830223031,6.438115631524003,18.173164927695424,1.8420169946332827,-36.487758945386055,4.0982708532890015,16.24531835205993,1.6942056492129203,-34.48275862068965,4.447913292870001,16.78787220955897,10.852500912741881,-32.211055276381906,-5.277487027385996,8.366065733373624,5.826483487757414,-32.448673009514266,1.424245909133004,13.78265007578696,4.079184163167375,-31.730769230769234,5.3952521886700024,20.954022557799686,14.255699457493193,-29.776158250910985,6.785142497921001,19.247109239351296,6.687944716113741,-28.282828282828277,5.896952153031002,18.052152287605608,5.4833386410352905,-27.19913653534809,1.9236531066259999,17.403797192114652,4.097025799262887,-25.838372732270482,-1.312630804282,12.111003056404558,4.656172804044361,-24.972191323692993,-3.6169739522319997,8.209855849815623,2.8510938602681786,-23.52607709750567,-3.1201938162949974,9.639618219489824,2.900474469046554,-21.34110787172011
6,CT,-33.893587887789,9.806788099095192,11.02762430939227,-42.8,-33.178275986838,5.205178679588128,4.059652029826016,-41.19259766963674,-23.173082998460004,3.9537667389840845,3.8499302361635146,-40.0,-12.211228890127002,2.3798121200957953,5.4769715260464515,-38.31775700934579,-5.854143632304004,10.356192669658107,4.549592903779624,-36.160714285714285,-3.364466063878002,11.462720089840778,3.9977229797914426,-33.8473400154202,-5.7659301933470015,13.627442963447548,3.5876288659793856,-31.469648562300318,-4.300879077360004,13.818241389196068,2.2827331721593147,-29.67213114754098,-2.4007161890980013,14.352137596181553,2.5410756199612297,-26.916524701873932,-10.728822532268001,8.001709933157171,-1.0000492635105183,-26.854219948849106,5.870938961617,11.324307002083016,-2.4300245187289082,-25.456125108601213,9.245874444447,15.043258682783472,-2.718141110976634,-23.187108325872874,7.2605118163689975,15.665709410246812,-3.9342224771738565,-21.643835616438352,8.133999692651999,15.603161397670556,-5.5949640625734,-20.629047178538393,4.442389989684997,17.380469673931422,-4.133571854502083,-19.51219512195122,4.048538417121001,13.326265138849259,-4.884513441878073,-19.587628865979383,0.054707397406000835,9.750414659189648,-4.522995058912952,-18.750000000000004,-1.890835724140999,6.687396829052944,-5.608266791921088,-17.261330761812914
7,DC,-7.532700229921999,-0.2621117469747911,-18.951456310679614,-43.6,-5.459426531824999,-11.771070835104526,-17.061862498344148,-42.28407695456406,-9.812467653473004,-20.107079119571676,-15.993559640413258,-41.542288557213936,-7.838735132106003,-8.176480051480045,-14.056280027453665,-40.19088016967126,2.6800267244380005,-4.771637122002084,-11.872756703497785,-38.66898651587646,4.360614204565,-5.625826719576714,-21.435517771433947,-36.486486486486484,3.6615654341369988,-7.247613243956938,-18.764799377209776,-34.32696786213321,2.247247085838,-5.151427028374394,-16.40296414980973,-32.4065196548418,2.3357550629099997,-4.099634561263491,-12.932832707551103,-29.605591612581133,4.208545150565998,-8.268713086102288,-13.282548476454298,-29.885629040278467,9.190022225944999,-6.095504462633157,-11.823111048517704,-28.715874620829123,8.243483354029998,-1.4418303475070164,-8.784965034965037,-26.255230125523017,8.393872835183,0.5770925110132169,-6.858077952990181,-24.699599465954613,7.663808000688999,2.6712236362818715,-5.405099150141644,-23.515052888527254,8.421094405503998,4.179785535021673,-3.806414442097186,-22.22835079977937,9.577946146481,3.588929219600724,-3.976074537019288,-22.3568281938326,9.158577851455998,1.7696353748774176,-2.9151806481624987,-21.5140551071528,7.930824286592999,-8.26134126250653,-16.31357348125376,-19.90911672820222
8,DE,-16.979197975095,-17.767625115265325,-28.374603174603173,-43.60000000000001,-25.516927139957,-16.62842087370389,-26.70391787408225,-42.272262026612076,-25.764141193404,-19.725859247135848,-29.13499591682894,-41.554404145077726,-30.026078454065004,-20.464588316374098,-25.23445007787387,-40.19088016967126,-27.780185505962002,-14.387327631349276,-25.660626029654033,-38.66231647634585,-18.931248215209003,-11.206155238741793,-23.001842877619268,-36.4864864864865,-22.617204862025996,-8.702126669458789,-20.385334697766325,-34.34225844004657,-30.999410613755003,-7.164150854114425,-18.069576585082427,-32.41461953265429,-23.454722127776,-5.459714726291447,-14.667170953101353,-29.588014981273407,-19.800295492693,-7.005735412617908,-15.01111236674578,-29.89434431323804,-12.1236143026,-3.899093803575806,-13.582043817986817,-28.69785082174463,-9.741023640073,3.815218541644623,-10.606600895439591,-26.274509803921575,-8.650302788630999,3.127628259041205,-8.715002427577275,-24.699599465954613,-7.802242190946002,5.2973379132675,-7.293421539220117,-23.525423728813564,-9.847687971850998,7.927164704587962,-5.7245528998829975,-22.206896551724142,-9.171013583477,5.054886211512716,-5.889713856678069,-22.36751548520303,-7.524400103805001,6.2841974104772715,-4.849865047233468,-21.50313152400835,-4.582928330684998,5.083020889126947,-2.900671372008955,-19.88636363636364
9,FL,-12.203312184059001,-33.11246255786512,-43.592727272727274,-43.59375,-17.016316562018,-33.30014482259233,-42.27663454024486,-42.27694275663575,-20.231457029769,-33.67535214436794,-41.534750489974364,-41.52899254940071,-21.505747610719002,-32.34173438002112,-40.1843211352331,-40.19218025182239,-23.32348609067,-29.55403661392859,-38.668353629606194,-38.66802582398912,-24.329898186686,-27.95267892061009,-36.47309361946105,-36.466033086941216,-25.677075077637003,-27.09013554961907,-34.31571815718157,-34.31586608442503,-25.188107540735,-26.143823603107,-32.40664081223583,-32.39700374531835,-22.519837300678,-23.211587557963846,-29.59970953980212,-29.602184087363494,-22.124735070154998,-23.64521811211274,-29.879757707259742,-29.875679875679868,-11.065193398521,-20.963157612484583,-28.70340580043204,-28.71248025276461,-6.230417971595001,-19.274798707345127,-26.24572080639026,-26.23620760114425,-4.832178713686,-16.00843449022625,-24.68440473878423,-24.69753858990404,-4.015500385802001,-15.391239451174007,-23.510848126232744,-23.516949152542374,,,,,-0.060908757564000215,-15.220892774965488,-22.358476400220226,-22.36559139784946,1.6481308892819,-15.888597192101361,-21.49797570850202,-21.487603305785115,1.1870588726720004,-14.95181487679612,-19.89258417682296,-19.884598313359966
10,GA,-4.4500084983849995,-9.15109955072121,-22.01515151515152,-20.46153846153846,-16.352817881794,-14.603245165592352,-23.10737628384687,-18.604040934138023,-12.928801709290003,-18.856129086761854,-24.86131386861314,-17.56577199043317,-11.865283373267003,-17.58901758901759,-25.995686556434215,-17.762460233297983,-6.280565713902001,-14.049217002237139,-25.381464970461394,-15.683609676542536,-1.5703615702700013,-13.269222086775933,-22.711915308957128,-12.668918918918928,-3.030290412515002,-14.792636948325569,-20.086946395994257,-9.694323144104807,-5.062461221217002,-13.659040855768806,-22.902935889754353,-11.497860199714689,-6.635904080825003,-11.75524828885112,-19.700456336050546,-12.000000000000002,-12.169783159959998,-17.183997240903608,-22.44698082645874,-12.3728813559322,-4.335086903028001,-11.876691591357408,-21.142944691282363,-10.887675955185298,-2.183636816148002,-8.602150537634415,-18.427829945718923,-7.815750371471022,0.34969183251900016,-6.68415427960751,-16.701731671791553,-5.857359635811846,2.8568211064059987,-3.1119180914914084,-15.40452808480914,-4.406779661016959,4.646929360122998,-2.8178276926190082,-13.972923282634127,-2.7890943277969305,5.318116519756,-5.685388845247453,-14.123633936764834,-2.9715358148263973,6.607077940166,-6.502482234984919,-13.174763832658574,-1.897533206831124,6.708462353442999,-6.774725808017086,-11.396109485281466,0.12911555842478742
11,HI,8.000169540000002,14.201306105525022,13.145604395604401,-46.0,-3.341115867526001,11.080863077233301,11.470484748423415,-43.983402489626556,-9.370317553316,13.796309048340447,10.17039830939198,-42.91754756871036,-3.260298323905997,11.166795600551609,12.49658563234089,-41.68466522678185,-0.11377379114799746,10.538461538461535,9.047341664901507,-40.397350993377486,5.293606820806001,7.787887682222873,7.484928360779812,-38.49658314350796,1.9299751350060013,3.5951604814443234,5.589027047814386,-36.470588235294116,1.7993737805780008,3.5108048856874343,5.270556961378219,-34.46601941747572,-4.721369596679997,-0.2685576342788131,-1.04992552015761,-32.1608040201005,-7.174759652175999,-3.124542017176195,-5.400128629180446,-32.33082706766917,1.6573847770320005,-1.595855539345584,-6.766423688142343,-31.645569620253163,9.233726610328002,0.0787282361847058,-2.370510845087116,-29.687499999999993,7.590332452419002,3.3715947830982307,4.684561028925831,-28.19148936170212,4.0180210205070015,3.2392078465671283,4.049820625536868,-27.223719676549862,5.914372224644998,3.1715311378180013,4.039306825645432,-25.82417582417582,7.528521443321001,2.7130337497669275,3.9159286453208284,-24.999999999999996,5.003140638359,2.239613944999539,2.5701691031803477,-23.512747875354098,-8.873106299752997,-2.98805365581614,1.383452723826405,-21.282798833819243
12,IA,-22.727385776399,26.977758395115575,24.69961977186311,31.918918918918926,-29.836654289396996,24.056242011077988,23.34424009928918,25.282340862423002,-25.887749679099,23.184972076493487,20.431844888366623,20.757050964868878,-21.795222653910002,22.6659925851028,18.989913649227187,20.251293422025125,-14.020870222603998,25.87436773161559,18.606921991971355,20.369913686806427,-12.486031276784997,26.74560334320043,18.42703932401689,18.788026283767337,-17.406955824818,24.400769066438798,16.079708349555805,16.602962255136173,-17.580155295954004,22.769438353853953,15.592838009304929,14.92818460089476,-19.510790691171,22.50084146751936,15.336732899595553,16.798277099784645,-26.302733731038003,16.138811328280827,10.153494777147067,11.667810569663697,-16.987147641245,17.911958854736167,8.398611799702516,7.74834437086094,-11.697015311549002,21.190426638917803,11.293606624134645,11.209842788790162,-11.676914334394,19.947268682540997,10.898454671490873,11.489264504339884,-11.008007113055001,18.136817333441538,9.327288485899047,9.219064667710908,-10.730239340814002,15.783194814490805,7.665539542365636,8.95089285714287,-13.93919166177,12.027702962677973,5.027861397553317,4.877524709926952,-14.336175614169,8.009051452312956,2.231920199501237,2.455919395465999,-17.556256813658997,4.6209126841537955,0.21083509029241843,1.0140728476821232
13,ID,-18.440404875144996,8.746028779667352,5.186813186813196,-23.80392156862745,-27.304582816767997,5.997540871624385,0.5638241989143805,-21.016260162601633,-27.963882711306,2.8864430004862314,-3.676371930766128,-19.49451004764865,-29.656722139918003,4.681807960422756,-1.953018301010643,-17.79141104294479,-24.309436290892,10.6116048092002,0.3354297693920463,-15.869235765317166,-24.550868643998,9.436268747943013,0.5391779287164835,-13.297634984381974,-22.009010815849,8.619160950114331,4.944633263896513,-10.336871250576843,-32.667376429855,10.312796208530802,3.1502568339380144,-7.498214710783143,-29.76926299508199,6.166757890895813,-0.8699254349627112,-15.81455805892547,-29.660581013595998,5.7183085797338435,-0.6950928519555939,-25.154083204930664,-18.766529700826,12.760391434938478,8.801576175501086,-31.704745166959576,-12.932756951280997,19.609455292908528,11.22472693469673,-29.75415762834418,-9.869218035748997,20.78252296196356,11.298011704972689,-28.249630723781383,-5.035287606957997,16.88846482197559,8.51787468823219,-27.18755855349447,-11.369518823153,11.405733977887323,3.0355220667384417,-25.82553922504295,-7.804769515314999,9.010865492693883,0.307391365097126,-24.966209692990926,-6.071428721144997,6.351092022297348,-0.750008640652528,-23.518992324345607,-7.777325140097998,6.69233590025669,2.068671358498632,-21.351953045942114
14,IL,-5.448565694272,18.192472391255347,21.13732394366196,-40.470588235294116,-12.319632356352,11.05416966668077,12.134941329856572,-38.87658546406282,-14.426141867823,7.3926933158584465,9.668473063436398,-38.141809290953546,-12.428036009284,8.396031417941288,11.799688028077455,-36.933942667220606,-9.018516287224998,16.068345801425338,14.497287582786948,-35.41799617102744,-6.683177175791998,18.42200343239093,14.61935698817258,-33.36259877085163,-11.097541781924997,17.319910514541377,12.71911143147341,-31.729255677985158,-8.496750447677998,14.757757451091939,10.350910957146517,-29.91689750692521,-6.656766902877997,17.709642664751296,13.774059130894894,-27.351040918880116,-11.239641120207,11.683277962347722,8.345668125846377,-27.817403708987165,-1.1895556230149984,18.932281035968604,10.4607481136619,-26.417838099854578,2.1258498596500033,24.52391128840765,13.134269459699432,-24.043032274205654,3.920905475122,23.619819904766377,11.135159581341249,-22.511485451761104,5.066590556051004,21.63566358955327,9.96292271303457,-21.408231944084914,1.8786242013780041,20.767317612380236,10.24129201781651,-20.273109243697476,0.3963859312079987,15.71491615180935,7.586702942740092,-20.689655172413797,0.559053563202,11.86910704381586,5.770768000983823,-20.021074815595366,-2.8589109819649963,7.590989290550231,4.654275545280307,-18.69309051955009
15,IN,-13.876329568247996,-15.519035643049166,-7.884920634920636,-55.96,-21.465798931028,-21.98061829248758,-17.24420677361854,-54.784394250513344,-18.528428314295997,-23.891558263994686,-22.68260999900077,-54.229889835792974,-19.181898784530997,-25.73944198810794,-26.809812082229794,-53.347457627118644,-12.947966269569001,-24.77896606308636,-27.628994544037415,-52.213541666666664,-11.495830355717002,-25.948308627898136,-29.578618450990508,-50.70517125587642,-13.726027557199998,-25.835553863722872,-31.744538210473692,-49.4954128440367,-17.864759807640002,-25.15749846342962,-29.931479972229774,-48.1516364492583,-18.947399350314996,-24.44935628974716,-27.364040302897553,-46.25335611422992,-17.761967725933996,-26.42371601208459,-27.83149385978548,-46.60523763336567,-4.759623518821998,-23.019479236635185,-26.42239056705443,-45.56242274412856,-2.0205342833990003,-19.41181336863004,-24.053656142646815,-43.81219698902781,-0.8944769414039988,-15.730968858131478,-22.514854129114088,-42.671179380369686,0.22436167748400015,1.7389033942558811,-21.429054968860008,-21.441312879058156,0.9454192667110006,0.588569363415775,-20.27681423223547,-20.27516292541637,1.703400265405,-0.8599633625076316,-20.707087959009396,-20.705797623334536,1.199640221459,-5.201440249124172,-20.0323825272151,-20.043572984749456,-0.4688876114719992,-6.1783684869498146,-18.702062830525684,-18.715393133997786
16,KS,-14.881305020687,14.48323121573685,14.147260273972604,14.150684931506847,-20.609221049621,10.548441088318853,6.943241248756693,6.943018480492809,-24.605029052236002,6.116425048572712,4.019598664294852,4.332039564291967,-23.851847316119997,6.498425078746056,2.352218639643797,2.6484355752648328,-14.499347386885,13.160411188142481,3.02927266545084,3.915700211996509,-12.237698577846997,12.921951413462684,3.9320236981602785,4.817610062893079,-12.108983178028002,10.8418218007259,2.4749431224251404,2.749691738594333,-13.06960807974,9.74535337532361,1.6498932601402945,2.1827099938687935,-17.451450643614,9.775046382189224,-0.06296473974573624,0.6887385210246413,-30.956167025735006,1.0999572832122935,-4.460114082609569,-3.775981524249418,-20.309738609369003,4.400088222320235,-5.497590019846892,-5.5001134044001,-15.772590091998998,10.906747891283977,-2.232195236419105,-1.5477315689981124,-17.052747299704,13.431583992331655,-2.2723274497155925,-2.2636640863241926,-15.163533078028,9.762318840579706,-3.508670352893496,-3.5085687818434477,-13.593909412438002,8.272654492775718,-4.809367413965437,-4.602175157412703,-10.145069962022,3.494643247576698,-6.320966835300733,-5.916224455233143,-8.185203055979,2.987997244080215,-5.5243764172335625,-5.123534099965843,-6.491113178822,1.0172505779832879,-3.9535486845517593,-3.542076629239498
17,KY,-21.5618749248189,16.832362015769615,31.753731343283594,-43.58974358974359,-26.064896797774896,10.21546670978695,9.8289269051322,-42.27236945683547,-26.873561972483895,7.495170129716512,11.240627559700084,-41.53600850385331,-22.867011856051896,11.005252229143753,13.80777412492749,-40.18488308863513,-21.1563355710409,11.17726216205195,5.186332628317801,-38.66741009199888,-16.1700385642209,9.877886591705957,8.947855600123418,-36.47126768697662,-16.581281194330902,11.98094221053928,12.649545382038612,-34.30874888026277,-18.5477008356859,10.037534810509737,5.519529032065274,-32.41167434715821,-20.462834091349897,8.738483627806804,6.192294968572384,-29.599999999999998,-22.9670395158639,6.6041055718475015,5.769230769230784,-29.869301880777815,-13.6311088566509,14.6557887211405,7.544239027807401,-28.6871961102107,-11.115013654623898,18.642297650130537,11.25114212798136,-26.248742876299026,-11.6635320128369,20.631830449980086,13.602728267164284,-24.68332762752482,-10.822835454902899,22.12318029115341,15.373305015520344,-23.50486787204451,-11.713489890234898,24.21522620620528,17.32456140350879,-22.20650636492221,-13.104102128276898,18.74047297591567,17.11831238183688,-22.34380515354747,-12.6636973048659,16.39344262295081,18.410462776659973,-21.484653818700927,-10.248773349003901,16.94260959080381,20.837753670305617,-19.883466860888568
18,LA,-6.951518838331,-26.059139784946233,-27.85116279069767,64.49999999999999,-8.647691245711,-29.881717140817777,-38.47374266222434,102.04708290685771,-14.227832814719,-30.02442250941284,-37.68278965129358,104.55958549222795,-12.819364446212,-28.563266154165806,-36.24332100287711,109.33191940615058,-13.373691196699,-25.006816075031345,-34.625758597437624,114.56521739130434,-28.198491725031,-24.583241939021722,-32.28862019293727,122.29729729729726,-15.950207520790999,-20.19844493443194,-29.98736233977252,129.802095459837,-8.604441386317,-20.654243350833674,-27.951695308871344,136.69064748201438,-11.235659663942998,-19.488350310268114,-24.96130030959752,146.44194756554305,-22.589466817298998,-26.201974672676542,-32.101899676092096,145.5223880597015,-19.283814136931998,-18.44274447014173,-20.618187400849493,149.55752212389376,-13.117956072214998,-9.519736842105262,-17.88682441374199,158.03921568627447,-8.409021076463,-7.759892689470151,-16.146818746959298,163.55140186915884,-2.939956795571999,-9.53164057360874,-14.844093104962667,167.84260515603796,0.33021631913099925,-8.538937288022879,-13.403673309886669,172.2758620689655,-0.2989240671789989,-11.436666881318818,-13.553276861346408,171.90082644628097,3.8476407621199997,-11.743566707309254,-12.598602659454578,174.54798331015294,-0.5734979873250001,-9.430358906815933,-10.809567617295299,180.39772727272728
19,MA,-12.462872148358993,38.391107627631904,44.35323383084576,136.85714285714283,-18.37955014695899,21.954665327138017,25.04579050574266,17.54696915987237,-13.536158595370996,14.360997438690484,18.899315657910904,19.971056439942096,-3.7882933316919942,21.367868524651623,23.452325235076362,23.31721829676458,-1.8755064432859903,26.038286826735884,27.476824392601362,27.58753366679492,0.8005976247900004,29.68650886388676,27.119386637458913,32.26964499401674,2.1892718136540035,30.43989254533243,31.715731892775263,37.02479338842974,-1.2082703484789903,30.125284738041007,24.048738777255224,31.482950039651065,-0.9972140240319893,29.677850108496067,23.620638234416926,32.42811501597443,-0.050836739648996154,22.698126914937305,18.129631137529508,24.661654135338328,10.003784478082006,31.709219136744306,20.266937472798485,31.015408929276962,12.183025279294007,37.914506852233174,24.728640515851684,34.96133496133494,10.036128756139007,35.8977050097957,21.70721476510066,37.5933609958506,14.280737698929002,35.20710059171597,19.518876279529586,39.503575936053835,10.890913277232006,31.3351590763093,20.269430051813462,41.40724946695095,9.361576897814006,28.218246633218914,16.86873162282997,41.2265758091993,4.533099465088003,19.910480012347584,14.176094441711747,27.29366602687138,4.292958693160004,15.476084306905676,13.143169100586865,29.63252541047693
20,MD,0.2531719460900028,4.126587148903431,-2.9799999999999955,12.799999999999997,-3.2054563364339983,-3.2185963343763917,-11.355164096191796,15.431846090871879,-5.733475328123999,-3.858963541897952,-10.21322277337676,16.91542288557213,-5.565988900872998,-7.240788346186807,-17.031538619415738,19.592875318066163,-0.970715060124,-7.181136120042872,-14.924587863907405,22.66202696824707,2.1322202957339997,-4.199300854020093,-11.883310324783833,27.027027027027028,2.364883198758,-8.448917456021647,-16.92924172888554,31.34606427573359,-3.638166892550998,-7.069579774219855,-14.513798329397668,35.1869606903164,-7.101172715798998,-10.670077570556202,-20.33436247782959,40.788816774837734,-6.938264636105002,-12.992806333641447,-20.654911838790927,40.22874191944306,-0.6614491116489984,-13.40346386144554,-25.224280913771306,42.56825075834175,1.8660117053920011,-12.262927540930455,-26.247453401039923,47.489539748953966,1.2458548759549992,-11.451942740286299,-24.685607824871912,-24.699599465954613,1.474534138553002,-10.625825627476885,-23.5123458736716,-23.515052888527254,0.2784974774599991,-9.037435401873866,-22.219728065674698,-22.22835079977937,1.978641253768998,-10.522400396759798,-22.356669547680777,-22.3568281938326,1.0538728830709998,-9.178622367648291,-21.497232741042822,-21.5140551071528,1.9150683278220004,-10.758450123660344,-19.89233106546006,-19.90911672820222
21,ME,-9.249289531336997,30.39425808702588,21.098425196850386,22.13636363636364,-12.918892992332998,24.321627144418574,19.30879329738954,20.08938547486034,-12.406628635608996,21.707373807862307,18.632366553532865,19.955357142857157,-6.939449956683996,20.958942112076944,17.230734049851353,18.291877613911517,-5.533112304646997,24.333444227935942,17.553313460215524,17.59299781181619,-1.1983117865809967,24.19768325104445,17.8054385292991,19.52846975088968,-0.039438217888998484,26.229191797346207,17.773863766895108,19.263204616067465,-1.7871844246510005,25.490478246270452,18.149343166628256,17.954345917471464,-3.5739283772219963,25.749855796962134,18.778962001853568,20.520296030500106,-6.154337442305996,17.831726871453025,14.307480768516111,14.510973790752187,-0.5658828760420009,21.53210071541393,12.633197846863672,12.994112699747687,0.8333086235520037,25.076496462038637,15.098787606645697,16.44637053087758,1.3455104851950006,25.1482969766552,15.098787606645697,15.00106997646053,2.2957832849250015,25.244159325928774,14.780953802522559,14.780008543357543,0.6549471754810021,25.220179973195496,14.51174565354974,14.58422174840086,0.4946658079190036,21.098921446095456,12.017917622637388,12.75702895509863,1.492714465537004,17.266574028419026,10.06190288760867,10.644430718550549,2.7975818064740032,14.060865015695848,8.535638673253352,9.494702526487375
22,MI,-18.768012052394,-17.09394742205013,-28.18,9.459770114942534,-26.315146213494998,-18.81784802043423,-26.260310072213283,11.107222027768069,-23.774251968126002,-23.206735125339776,-25.363724539282252,22.18373107518605,-18.741987893410002,-26.322080556360472,-36.944688323090425,24.548783677740012,-16.361484805173003,-23.17773245713422,-35.4233478195714,27.551567104205745,-15.885729334473,-20.830576421593435,-33.37250293772033,31.605859590934227,-17.189619453142,-19.26893157644071,-31.745176925270062,34.8293926093728,-15.072505024061003,-18.098727653406353,-29.933985886637828,1.9156678082191847,-16.095869123693,-16.69328746365237,-27.366504854368927,2.840172786177116,-16.618479157712997,-19.422437014736175,-27.833601286173632,-1.3058348015338284,-2.9057593538810016,-15.407968061216007,-26.423985794290388,0.6127839408346522,-1.7105243163850008,-10.214080776870455,-24.056254626202804,3.849509269356598,-1.1133889569839988,-8.939923001163935,-22.515913259251263,5.964170468454434,2.1422858685249984,-9.361910703145885,-21.43091565474237,7.4466884801985875,0.13625427019700043,-8.084048802530507,-20.27972027972027,9.021179164281637,-1.300678915812001,-10.812469855746041,-20.708055790674567,8.437713504896392,-1.761527108739,-12.74450926561428,-20.034144893111634,9.359209921910894,-1.889743565884003,-12.961061189559262,-18.703542995132615,-7.749685169040007
23,MN,18.413248094124,14.610058693283678,-0.7401812688821718,-48.315789473684205,9.093984838295,7.02681413896092,1.9138904398535939,-46.93326128073493,7.225029590862003,6.485109717868342,-24.46084517404699,-46.29477713973202,11.500326939667998,6.847968545216262,-25.466754383974955,-45.24672428212991,17.774912010289,13.158442640016663,-25.426152484281722,-43.917761279268994,15.793605635718,12.735946898983624,-25.397366030881013,-42.15022091310752,16.013383179412997,12.339809838776372,-26.84094502215591,-40.73627036813519,16.772154361819002,12.849084680070593,-25.764833476433637,-39.15737298636927,17.596291355808003,16.327185816716028,-25.475207548881727,-36.92999357739242,9.688291476702998,9.883074434747462,13.496614619317393,-37.332482450542436,18.359527409531,13.307852675469078,7.728375631188928,-36.10930383864671,21.428542211707004,20.15032607494197,12.690790601955069,-34.04969778374748,20.229479655690003,20.075115987922544,11.097960977919044,-32.71668379582049,18.539401121451,15.621897603176855,10.359074266904047,8.030803080308036,14.605593057810001,11.762286654328621,8.65826636240368,5.251875669882103,15.291246101218004,6.939069980979873,6.237470089892007,4.63505594033032,16.383307020087003,2.514932411191449,4.106593998542425,1.498708010335913,15.608580335713002,0.1874097514516617,1.9898180915130146,3.151260504201688
24,MO,-22.872284983396,-8.23321175713366,-13.422727272727272,-53.71111111111111,-22.670787306066,-14.21049992478564,-21.775021561460434,-46.53490759753594,-23.138706958221995,-15.133928571428568,-20.825539344057862,-45.8820472850091,-22.06823948803,-13.108176739461658,-19.28553267226036,-44.835805084745765,-15.092250505705998,-10.578581508388652,-17.33790469577293,-43.50420395985897,-12.327878650431998,-8.635052867670613,-14.713652442573775,-51.42257462686568,-12.624593225170996,-8.380636178644107,-19.103843703546396,-50.238891543239376,-11.634009026161,-11.39365062924025,-19.92011772125289,-56.21189825520286,-12.463556835829001,-15.619451568356673,-27.362520021356122,-43.51952277657268,-17.399786859676,-19.713749413420924,-27.830403152470453,-27.848978178039495,-7.39194131565,-15.045434232086988,-26.422528682350215,-26.421759095725893,-4.716607845999999,-10.009467704607616,-24.051995693608198,-24.06124681006198,-5.645597540292998,-9.043062200956934,-22.513323298482568,-22.507440476190478,-4.558759065700999,-7.936934997847612,-21.426508807392434,-21.425877027536792,-3.1004952896989986,-6.564360220632412,-20.275417521242307,-20.283199387677005,-3.1270092102279987,-10.066232127838521,-20.703580349708574,-20.708031975637613,-1.8358398777750002,-9.139670738183753,-20.031068939457555,-20.03838771593091,-5.146516574729998,-10.358377868594786,-18.699846337715556,-18.696330991412967
25,MS,-10.887345192451997,-20.240902428143517,-30.23684210526315,-43.599999999999994,-20.501182079712997,-22.17039800995025,-28.60989928367533,-42.291950886766706,-16.367372280069997,-23.879326075056255,-31.307006633499167,-41.53420870767104,-15.778310077087,-24.576628698848914,-33.06907695415067,-40.19088016967125,-10.3484149852,-21.937375249500988,-31.371026198612395,-38.67343240304458,-11.613138630351,-18.69681023842006,-28.916179546307713,-36.48648648648648,-10.045046980633,-20.103421859039827,-26.499944549184868,-34.3167701863354,-7.383037586825999,-16.012348164552705,-24.36087651221182,-32.40111865761086,-12.039155349129999,-15.422045009123467,-21.223107096160692,-29.61730449251247,-19.630258680542,-20.826216233314348,-28.35909631391201,-29.879817654372143,-10.099189041196999,-18.373336811896678,-28.705895008605843,-28.69785082174462,-6.005337583001999,-15.462037287219662,-26.25048684137316,-26.242371403661725,-5.750182712547999,-13.396996747629913,-24.691778876200203,-24.699599465954595,-4.420409622964999,-12.684015907346685,-23.51855057411574,-23.50813743218806,-2.895459216575,-13.355026308501794,-22.226133896614442,-22.24264705882353,-0.16852970779900056,-15.689841013203983,-22.362795056521982,-22.349701698026607,-0.37879021855800055,-15.501991762878944,-21.50302025346441,-21.52133580705008,0.28775036430800094,-14.292562662648955,-19.894844987006703,-19.886363636363633
26,MT,1.2618752157979973,34.90678097402264,39.62204724409448,66.22222222222221,-4.977301354859004,35.09515928837402,39.78164045563832,67.01754385964911,-8.305779607644004,27.67974974338923,31.023016957919225,62.709757613424486,-8.924671759489,27.380894328765805,28.833508918516372,61.405672009864375,-3.0742717899930048,26.627563139269977,21.227866274697462,58.378705384150024,-1.8836705982710034,25.604654517478497,20.45786488230697,58.883325747231076,-7.2674676824510005,26.738149531803412,20.61764505815931,25.744476464937556,-7.057441276212001,25.345489443378128,18.942849476790972,23.446893787575153,-4.543657594965,21.729810335989573,15.446466356326699,15.432098765432098,-17.027416189101007,21.76953197837032,9.079724409448813,9.242645524723555,-11.253336593949005,19.316676563285075,6.348397157165548,6.013363028953227,-4.975623745653001,21.797920455075314,9.625965996908805,13.5668582583234,-5.049026752461,21.7468307233408,9.38589186021406,13.186338089061827,-3.968159323845005,16.32525828286428,7.274872198191116,11.238580837051199,-1.9249931764550032,15.584070796460189,5.034948465821585,9.026548672566374,-1.9344546498580029,9.90407270279368,4.678414356976288,8.641975308641973,-1.1613958390270018,8.06271459893271,3.1920155963569616,6.759098786828418,-0.08021010871200329,8.098489551003526,1.337295690936109,1.0615711252653872
27,NC,-23.766234703897,-24.141942990110525,-38.68944099378883,-66.16,-27.458217138176998,-32.63927521258841,-46.12634738709237,-71.14597544338336,-25.826215807512,-33.677621283255085,-48.32748782913679,-41.53420870767104,-25.237295459286003,-34.80250759586169,-48.690092525210524,-73.61197754210855,-21.68129844672,-25.922041601118686,-48.39906949998693,-74.44880700694654,-20.176393587249,-28.04753820033955,-47.80838576640406,-73.53769158586174,-21.473346152895,-23.886494252873558,-47.98851331770162,-72.63906856403622,-22.14968063157,-23.20724801812004,-48.23264107405077,-74.00921658986175,-27.065231928166998,-25.488989494967246,-46.0836792658947,-72.928,-28.751213546547,-29.866368789044724,-50.322093608454956,-74.96300680674756,-19.982394629548,-31.293316580877878,-50.586939654093555,-75.13227513227513,-12.927066558601998,-25.153428407435207,-48.98576190599241,-74.27789601702645,-12.456930510184,-21.14248499790668,-49.50378555350931,-74.89614243323443,-13.07757929334,-22.48388129315469,-49.963249271321764,-75.05896226415094,-7.202910749121,-2.8594349893988773,-22.223535437103582,-22.24264705882353,-1.411852880674,-4.225988700564966,-22.35812325480789,-22.385321100917427,0.4883572934520006,-5.40706433792757,-21.499860829456445,-21.52133580705008,1.0248244391310002,-7.618528610354218,-19.894501927368637,-19.886363636363633
28,ND,-7.447973042143002,49.08308383233534,41.54416961130742,-40.48837209302326,-12.097479966329,44.25131269237734,40.368644216280615,-38.89684813753582,-8.930211790595,46.49259906224144,43.54260732458969,-38.15853069115515,-6.653703503195002,45.06554989075018,46.33228611090816,-36.9549150036955,-0.5242498766990011,48.14057270360729,39.2947804012936,-35.42770628311885,1.148946535073997,45.19112488040457,38.39961303251218,-33.376724811247065,0.04323212519899977,39.88236326924766,35.10405072683732,-31.759999999999998,-0.8759044783180014,37.62902180954437,34.34733029246041,-29.947987955105393,-1.7081860097540036,33.59044225529239,26.96757424958001,-27.383654937570945,-14.210267058948,23.663174233604973,19.630271174292204,-27.834179357022,-6.364856825831,24.489237860853937,14.888429989101121,-26.444380569129063,-1.2545349369749992,23.97105734069867,15.63465257931352,-24.0652818991098,0.20439470683299987,16.18783724660932,10.951998448882371,-22.524977293369666,-2.169940905679002,5.41497138698687,2.47902169463774,-21.43076450721523,-0.524476441595001,-1.2855063036272891,-5.872262430679577,-20.280373831775705,-8.730406805673002,-15.844512517164889,-10.161926975867946,-20.72490706319703,-13.861443728133999,-16.334996061958513,-14.98036718667091,-20.056232427366442,-9.993291586232,-8.601256202139561,-13.155555555555557,-18.710292249047015
29,NE,-10.178779708973002,34.76378794356562,48.51456310679612,15.722222222222213,-17.001348591306996,25.31431695075287,24.64960886571056,18.82487164860238,-19.614527052987,22.99775631645692,21.351790884931173,20.265588914549642,-19.925568822326,23.328605663422504,23.70708826978286,22.601530311948206,-16.340746537460998,26.763183029206246,18.54923082884489,25.55756479807112,-14.603816344612996,24.081090390198298,18.9178683872974,55.44776119402983,-17.583358529709997,27.06979087931469,21.820498526718172,59.25076452599387,-16.256094912648,29.73042494083753,25.052115266707535,63.50078492935635,-15.830119614089998,29.470657698824244,25.282555282555286,69.4873881204231,-24.921858992945,24.172739806972608,20.439335485394842,68.39126919967663,-22.531527331877,24.614548329709415,18.927113702623906,71.65224557066337,-19.097090233889,24.074985239126146,12.172765270954018,77.20119098256059,-16.831820486577996,25.852173479063723,12.511032656663717,-22.52185233401526,-11.090818452958,21.76243360695316,11.563286292528161,-21.440693946822563,-8.948440459329,17.764909167328256,10.157347063694948,-20.283199387677005,-6.207919311361998,11.822092146689725,7.257046697517875,-20.708031975637613,-0.6693975798649998,7.553527254115831,4.856565102649353,-20.03838771593091,-0.9268734835669978,5.705063715627089,6.599303135888501,-18.712195121951225
30,NH,-1.5816726747449994,-3.823933975240717,-18.893687707641195,-42.8125,-11.652668871514999,-12.245324854620764,-16.633656604289026,-41.214262769033084,-16.099615282642997,-17.6248821866164,-22.62614097363083,-40.0,-14.622858826052,-15.857033976493243,-29.215112064716287,-38.32153690596562,-11.909978305375002,-8.692813302572585,-26.76466176691166,-36.19246861924686,-9.276326930145002,-6.1308511590441315,-24.093650892357445,-33.86338995301771,-11.029110951301002,-3.6339412872697188,-21.349871134020614,-31.460674157303366,-13.505903528285002,-2.9428095502498675,-19.333201163098067,-29.696504033807148,-21.086523397805003,-2.780867630700779,-26.922501272188466,-26.91693290734824,-33.863384155475,-7.44793505118249,-26.909373970839194,-26.887734718337995,-24.785991430247,-1.0472686102462492,-25.46786750114487,-25.45824847250509,-14.429050266444998,3.0711021571421555,-23.195746555087148,-23.17380352644836,-11.651959761406,2.3668927821970596,-21.69799217396882,-21.694480102695763,-7.086501095013001,-0.47919533140390913,-20.633940182054626,-20.607375271149674,-8.036431695083,0.5850196604967867,-19.543222489536305,-19.52506596306068,-4.671819058698001,-2.8529084846239336,-19.63062944429813,-19.595782073813712,-5.0469552926459995,-5.4453660295708675,-18.780357974582472,-18.77496671105193,-2.846415538628,-7.08305647840532,-17.286125698797218,-17.269439421338156
31,NJ,-5.833566937153001,14.739490512632353,16.592137592137586,46.213114754098356,-11.617448479587,9.893236052076709,13.695282363370623,50.278011794439756,-5.429336064251999,2.6767566215328813,11.614724214982946,53.37919174548581,-4.160821652300006,5.6365215712769166,7.752219623515518,57.69094766619518,-9.713519320823005,11.075403403132508,8.071238242729281,63.17233809001098,-10.225570580408005,13.923391853445283,9.117457689477552,69.1126279863481,-4.786644677419005,14.948363381760913,9.155107768039922,46.42915777376457,-12.574201286713006,12.49486090174045,8.819684912972683,50.17679744064657,-6.553174465980005,11.790140269644557,8.310508536474018,34.1203007518797,-1.0792661961530003,8.477320030394141,3.876800490346303,34.14047225146639,10.650050868671995,9.133512812842762,3.100421500890797,33.63799820197783,13.993393456165999,11.78252876693675,6.597627819211057,37.72390364422481,15.486580516353998,14.719446579554186,6.365857485486289,40.412468513853895,13.023212253407996,15.081312210850987,5.566060821783716,42.31689803733843,6.140555500539996,14.795650805859545,4.998451121830326,44.273697832416694,4.841284923856998,13.879929247736984,3.2597105864432514,26.63637654408631,1.3202310188599964,9.559559559559572,2.6032995308006583,26.70833925273476,-0.2484086184640022,9.068261086198309,1.4039661509530714,29.03645833333332
32,NM,4.073227220326,22.42211496270294,18.926829268292682,18.52173913043479,-1.0114487921579984,16.82194075159635,13.584656598206315,13.041675305826264,-4.874024947315997,10.41852181656278,11.600228876597377,10.790489737858163,-2.119487160197997,11.913357400722017,13.956296498266655,13.112033195020748,-0.9740752976840017,13.483831604636965,11.387778412335818,3.788311441081291,1.4377967031270007,14.017163874131588,10.965294898539742,8.84408065482132,-0.6326830148970009,13.62826452171256,10.345868064722968,3.47314480926173,-8.104064300434999,7.163433839062794,8.960893854748605,1.8304071722077024,-8.706886132425002,5.726872246696023,3.55373070933032,3.808073115003808,-17.427924258275002,-2.4262295081967262,2.0154822512030233,1.8684603886397606,-8.488907171197003,-10.184700816868537,-13.094106463878322,-2.8337194795936487,-6.698314195024002,2.1931230255024916,-1.3621038435603574,-1.4461315979754106,-2.4641161418929967,2.4182076813655677,-2.0326156112915625,-2.0481494789795067,0.9830529835149981,-2.92697777584483,-3.0230708035003993,-3.2132078821231937,2.4101070993190006,2.0296215030170037,-0.9748172217709165,-0.10993037742762031,5.497445261451,0.7765938233700556,-1.2788932006073968,-1.5706806282722467,6.252754938272001,-3.3264033264033293,-1.9899497487437179,-2.206278026905824,7.650203274705,3.809125156969442,0.3188972327949823,0.5718502121379861
33,NV,-19.415948589238,4.694263500735456,13.617977528089892,-46.0,-22.285413905242,4.173287613949996,8.064975776574517,-44.005184705119895,-23.940627346586,6.452439962396374,6.4906799592796744,-42.93262879788639,-21.065801990242004,5.153855894643539,5.925486225077701,-41.73971679028995,-18.044510986719,6.675801824176767,5.65985162481279,-40.37267080745342,-11.477032056725003,3.4766355140186938,4.918032786885256,-38.54907539118065,-11.043966630631,0.9277640481302888,3.176654649343593,-36.47058823529411,-15.617435085076,0.16082341588935578,1.7440300509793358,-34.44613050075872,-17.487473980241,-0.23627407793040062,5.3004269499114995,-32.12882953652789,-20.036996461029002,-2.8809792990526635,-3.3700707141491955,-32.39436619718309,-3.8013700152259995,-3.088773049093596,-4.027333987155545,-31.645569620253163,2.5739076399769996,4.645887591363523,-0.8043947420050943,-29.698942229454833,2.6434921863779994,8.251857645678534,1.8396669799919492,-28.2392026578073,1.9514599948859983,7.4117190531625905,1.8089069369399555,-27.150084317032032,-1.6937095846889987,8.81453655979733,2.4276597899854804,-25.773195876288657,-2.8668846069820035,6.2209525433846435,2.3654462628648525,-24.93483927019982,-3.818403577732002,6.941403734707026,3.0889998980528195,-23.472099202834357,-5.5032704486599995,6.116885329698421,3.776683087027922,-21.311475409836063
34,NY,5.463053687826003,-7.297160045314273,-21.05479452054795,77.225,-5.879627610770999,-14.17670247007341,-26.86919445713416,82.14285714285714,-2.672042618302001,-15.499928785073344,-25.361342796456515,85.91660110149488,0.440370719036004,-12.438196443066927,-23.260273242962537,91.12968455109193,3.252488422631999,-7.517537022603281,-20.60233660310813,97.7957589285714,0.2340830318830034,-7.531951371571067,-17.706697129801515,105.00289184499711,-0.5452673082069981,-4.024104181832884,-14.73338462448956,112.37267825044937,-0.32915810148099744,-1.5801260783012618,-12.546663024674507,117.85494775660726,0.6660028340560009,-1.2730374006739618,-9.060783942435156,126.55800575263663,-1.822573961949997,-3.170393340949898,-9.043560606060616,41.6100679184978,6.287378058553999,0.6617179215270423,-7.251834685206653,44.40822978203299,7.790691890940005,6.069816296428737,-4.424690702842559,48.803526448362724,9.647655153208001,8.738086510263926,-2.5598539158663765,51.70126257222343,9.812124281736,8.425092520674372,-1.2339331619537353,53.77440347071584,7.738617558545002,8.663400338843362,0.12509121234231793,46.70943708609271,6.060467543057002,7.966333030027293,-3.5578017270232265,-0.3514197357323587,6.259075012273002,9.475480924482167,-2.540079821416508,0.7103281716152863,6.934093411884001,2.3108428540633814,-1.9130612383837713,2.560763888888883
35,OH,-9.205433763229,17.473212717372206,19.6810035842294,21.363636363636367,-23.391421437384004,13.679245283018867,13.147639863101897,24.616615548739844,-18.246422784321997,12.683235046335293,12.662797759632912,12.930513595166165,-14.414497888289002,14.227763781544898,12.302828507046057,12.509029617144233,-8.976220702977999,15.435401743333038,12.163251595566019,12.658227848101266,-7.788066108489,17.975744211686877,12.92569921201259,12.481945113143963,-9.579265088555001,16.11685042104349,11.63824807756603,11.635407956038717,-8.205254503846,18.15812720848056,10.72755007295398,10.005885815185403,-11.362975858682,17.60749142706409,11.63824807756603,10.722748815165872,-17.143220861644,12.205863847992951,8.836375488917867,7.909930715935346,-2.881757150365,14.634041823791556,10.07054324894515,8.979591836734697,-0.9932026128110005,21.182332955832386,10.092317837124963,10.408790170132328,-1.8015365350719987,19.573574110495258,8.673436177829863,9.605911330049258,1.0895266249389994,15.470281003151037,6.72824905708624,7.265840220385672,-0.998541916300999,13.84373138139416,6.998429839459106,7.909930715935346,-2.1489340279229996,9.2055845852384,4.9140666729506535,5.50976628655302,-0.8258275181159985,5.514140338421485,3.128667613811864,6.39872480929068,0.48027804108599914,5.169838024846665,4.844888219040444,8.17224215765714
36,OK,-8.128218576330001,3.4273637783699384,0.7536231884057913,-43.625,-13.940702976395999,-0.6662842518642681,-2.211907022541063,-42.32736572890026,-16.116872144674,-2.7181193552569,-5.189226048414602,-41.58031088082902,-14.670160387735,2.39708892426655,-2.680758731714154,-40.225314777998676,-11.151275978740003,9.868228404099561,9.9478095840582,-38.72282608695653,-6.198208952996001,10.64582718961958,7.250848503548293,-36.52357494722027,-5.090833756193,8.821965485570649,2.148918194174031,-34.35225618631733,-4.5812260848270006,5.482147877424805,-2.5648213034337752,-32.43445692883895,-10.374979330205,0.8963786303334529,-11.462047885888946,-29.6411856474259,-19.413673285678996,-8.05799469062691,-15.482341498997021,-29.914529914529915,-13.276913169937002,-2.1132272371510505,-18.25744436932303,-28.75197472353871,-10.210183618048,6.238791882963661,1.5631848064280398,-26.307189542483666,-8.931458896619002,7.419955146251855,0.8925331978811333,-24.707846410684482,-5.298519518329001,4.058426550799667,-2.3115295440174384,-23.559322033898315,-4.635868263074,-3.9959060087850244,-12.854904418677544,-22.24137931034483,-9.452230260000002,-17.253547011688596,-21.883251868082485,-22.37521514629948,-8.330639632032,-17.671152720889406,-23.366494887976415,-21.56521739130435,-3.724850213833,-13.040791100123606,-22.564116844420937,-19.964507542147295
37,OR,-6.039496375411002,27.432327250713485,17.40277777777777,17.5952380952381,-14.502469522488,15.28831859791878,16.522386413762664,16.36235127812463,-11.990765260145004,17.116401065055832,11.646766694843611,12.224494433083397,-8.636084067573002,19.709155902185387,12.595572368596311,14.59396751740139,-1.0095773506710037,25.687721243655904,13.817525717671138,13.60552041403105,-2.1493850778619983,25.84336834913314,14.778806724058322,14.687100893997455,-2.7021974711189998,25.543154127971363,14.598302649060486,15.087964581148785,-6.5998848133340005,21.365620624330777,15.314307541198296,15.316367032453893,-13.320271937209,19.943019943019944,14.704046462398551,14.927283304246652,-13.6002218941,16.04646583973223,9.770667220736048,9.427273734352504,-1.0263009149329982,23.813124947483395,8.488628779711483,8.692781690140853,3.734320506173999,29.823788546255503,10.893920709469205,10.826882082351629,4.824864328827999,29.46448183455608,10.821228171377625,11.288868859846772,6.184977246905998,22.940219431813432,8.818228630278064,9.233661395554565,7.592745034327997,22.30753268312928,7.959334848910564,7.732577162176904,6.688550764474,13.950970535921423,7.029805768695077,7.287933094384716,6.788794138525001,11.78969729155602,9.093490268958742,9.35458873021145,4.036732903723,10.20118166180539,4.394111544731503,4.319357904741793
38,PA,-14.763473530271993,-0.3508110147114322,-7.762666666666671,11.085714285714293,-23.585869351935003,-6.85776743530075,-17.31844910838074,14.185022026431735,-23.783971213951,-5.315412186379922,-15.613945204811047,16.54676258992807,-24.980521114214,-5.097715188963931,-17.2789018032238,19.8151001540832,-18.134185653958994,-1.1783630106239629,-16.26966836117164,23.979591836734706,-17.053711593543003,-0.09076812526001629,-16.304111113799692,28.48645076007931,-18.73467601782,1.580404522033382,-16.594728846663934,33.150684931506866,-20.189013527333994,0.2542694497153761,-18.238978844108267,36.56480505795576,-20.028273726029994,0.44868626183505333,-17.97528990490645,42.00146092037985,-27.838985076644,-4.480040497541216,-20.756489266649872,42.00146092037985,-14.080122354316,-0.7513994815343576,-20.051312869822485,44.80446927374302,-9.520649321913998,3.0424776689940365,-18.909858164341816,49.251439539347416,-6.263879890023999,1.0480817044715638,-17.326354032219516,52.112676056338046,-3.123298617807996,0.9746961241495341,-16.202727911427672,-22.90303390838786,-6.145297291457997,-1.4327823588671973,-15.050224721860655,-21.8335343787696,-4.648058161968,-3.520689529235596,-15.144006672881611,-21.927710843373486,-3.0050626520309986,-5.54900067932353,-14.247818326061093,-21.1038961038961,-1.4889926114859953,-3.6157326328079273,-10.802516891020678,-17.276595744680844
39,PR,-14.841102288278,13.93249976497132,3.1654135338345926,389.99999999999994,,,,,-10.024887816575998,14.114877589453856,8.226849660829789,414.2428785607196,-6.1956019309810015,16.372191280967925,11.272402887032685,428.5053929121725,-6.146542702060001,23.411405295315678,15.128377244504113,447.0494417862839,-4.688004919946001,28.99414582224587,19.32341942777634,466.9421487603305,-4.058382300881999,30.987894509295288,23.634889169219683,487.32876712328766,-3.3540961555810016,34.9554565701559,26.81146025878004,502.81195079086103,-4.835158129722997,37.46597096188748,31.869293608841915,525.912408759124,-6.8723023869789985,34.3867819915724,31.881968473663974,525.912408759124,-3.345409456094997,31.58523344191097,34.49323662027055,538.7337057728118,1.441873218768,35.66550990708608,38.58196141803859,558.3493282149711,2.489197256689002,39.15489723274773,41.29337864277624,571.2328767123287,0.5395183857230007,38.06106174527227,43.21052082246112,580.5555555555555,3.547058868265002,42.9295907536266,45.1804041900328,590.1408450704225,2.8489742444880006,41.494454173963796,45.026952753408736,588.7550200803212,5.522390592225001,44.79091995221027,46.56056398205512,595.7403651115618,0.17390889097000095,51.67709637046306,49.25486783422169,608.6776859504132
40,RI,-4.5031219477040025,-5.716309941084351,1.5065274151435983,-27.4423076923077,-6.282324926137006,-9.457136718470242,0.655033140016563,-30.74522760646109,-0.17245912094600024,-12.311427085139597,-1.7264914054600708,-29.31809666541777,5.230410940601998,-12.402563658409834,-1.7984793755841282,-27.33050847457628,5.607526063678997,-13.029271145048678,-1.6220456500835125,-24.810681546432846,8.628995687777996,-12.305344570457459,-2.671239735629886,-29.608208955223887,11.296318184179999,-10.9933821458744,-2.3240038189035728,-27.06359945872801,5.344795042796996,-11.274475401782588,-2.873060684038274,-28.649773071104395,14.819116939584,-12.00626413781104,-3.1344213280179494,-29.07894736842106,17.775026941127997,-13.392704230176399,-5.871386373541234,-29.065613837187442,24.828591856423998,-11.426769888254467,-7.1793524973736975,-27.6648773006135,25.545128304617997,-7.033605412162667,-5.217348904112937,-25.464243382062428,25.960738126522,-7.323241579005238,-5.928327727635686,-24.008056394763347,27.392057216352995,3.436285538965026,-4.650136119490848,16.378778531770497,24.049703989382998,7.117136199957629,-3.3391347588264564,20.658778381835617,20.806555241795998,8.389060356652946,-3.444764553943971,15.311735941320286,18.404799683247,7.857356140425707,-2.4245162261877935,9.394027254276587,15.858259082250997,4.977995516067417,-0.6313260402821868,11.39651609093593
41,SC,-18.306050942684,-12.345227522073035,-22.73949579831933,18.450000000000006,-25.037541185567,-16.51490272179927,-27.34887396286053,21.23848515864894,-20.837724603259,-17.092454415180118,-28.885794949143367,22.74611398963731,-14.975925714704003,-16.42757521418609,-29.859627708269766,25.609756097560986,-8.057395805071998,-13.229209764170466,-28.079164548050215,28.820010875475806,-6.604670082653002,-13.121375310687657,-29.080530700401102,33.38963963963963,-6.318455263035999,-13.184311290489493,-29.33128362797848,37.89289871944122,-10.775067616321998,-11.903386715673399,-27.277041724342492,41.941282204913115,-15.114755166047999,-12.358963643961554,-29.60183767228178,47.87765293383272,-19.206717102864,-15.701150580314524,-29.883698760724503,47.23430702299566,-9.963244525795002,-11.26507298497991,-28.70381140708,49.74715549936789,-5.429007271947,-6.89234184239733,-26.2503509405206,-26.245330012453287,-1.790610325780001,-7.533755855607599,-24.68872870249017,-24.698029243483788,-0.023669133407000498,-7.919433620547724,-23.517178271358453,-23.506619309008713,3.5473600473680005,-7.23211323675772,-22.223162169021233,-22.22586999343401,5.666290384157,-9.155882830689261,-22.361087654112485,-22.35332677810554,4.104348221977,-10.421783235451153,-21.502668089647813,-21.50430748840291,1.9169604343540008,-10.138717797654119,-19.89544761489872,-19.885018599932362
42,SD,-2.6316104017180013,40.47156577101544,35.44859813084113,-40.46428571428571,-6.649546949645002,32.217764460921245,32.85969656689739,-38.87055372203886,-8.762906523737998,29.785643070787653,28.729404449971145,-38.12175204157386,-6.657962265126,29.766236355480252,27.422190961842812,-36.92773363601967,-2.5548048876880003,34.19411370547912,26.808994662700147,-35.412630763270045,0.06355668200399844,31.62285136501517,26.74799947527221,-33.34666133546581,-0.08486158134200228,30.20104020804161,24.961200206932233,-31.736281736281736,0.025919748507999274,27.322965571205028,24.53170647877643,-29.928541403951233,0.1560221784549981,26.684832854848928,24.11578316348378,-27.332170880557978,-10.5595946834,21.43756705070201,17.939536965455506,-27.804244261585094,-3.2810824083310015,20.026739200590118,15.957914949793981,-26.401766004415002,0.40272414697799797,23.752257819184347,17.786175789345364,-24.02005469462169,1.1473013058679982,24.08254694500049,16.82721373584297,-22.50116225011622,1.3925071002029998,19.64064151463628,14.905256481408081,-21.4049976426214,2.247986982213998,17.69359432213734,12.536397872423038,-20.23923444976075,2.476635759482998,12.822846247183234,9.704034516690632,-20.694576593720257,2.282871060605998,9.870864280891295,6.401879450847954,-20.009596928982717,2.761251321833999,7.405115511551162,4.187484274468939,-18.682926829268283
43,TN,-24.398296104506002,-25.13304810602107,-39.168627450980395,-43.599999999999994,-32.933960085502,-28.686446995676157,-37.750311007664834,-42.291950886766706,-27.317979839291002,-30.0560565439922,-41.534750489974364,-41.53420870767104,-22.284477734080998,-29.01454437518551,-40.1843211352331,-40.19088016967125,-16.332582864799,-26.10083947056702,-38.668353629606194,-38.67343240304458,-13.344126737670997,-24.807420216947023,-36.47309361946105,-36.48648648648648,-11.491243767657998,-23.287890938251802,-34.31571815718157,-34.3167701863354,-15.046927223724998,-22.529964366699055,-32.40664081223583,-32.40111865761086,-13.076511084039,-19.95872148156412,-29.59970953980212,-29.61730449251247,-18.232186699712997,-22.542510121457486,-29.879757707259742,-29.879817654372143,-8.566911287860998,-18.789971135887708,-28.70340580043204,-28.69785082174462,-4.997128205749998,-14.837675826458543,-26.24572080639026,-26.242371403661725,-3.361088045384,-12.713668714641996,-24.68440473878423,-24.699599465954595,-3.4127294740619982,-13.283374629842262,-23.510848126232744,-23.50813743218806,-1.7040682352740006,-13.272892112420658,-22.218322218322218,-22.24264705882353,-1.6764959192829998,-13.726551226551218,-22.358476400220226,-22.349701698026607,0.5142044064000012,-15.80707621897553,-21.49797570850202,-21.52133580705008,-0.05781048613599793,-14.655326235650975,-19.89258417682296,-19.886363636363633
44,TX,-2.0665346865419987,19.515278322653767,10.651567944250868,-13.595744680851066,-7.351355292842998,14.580634376697738,10.536025060911932,-13.429972287358765,-7.8870138539950005,8.072526606227836,3.184195990512399,-17.45934959349594,-5.432366232020996,9.58433253397283,2.667140825035562,-18.747498999599834,-1.8474104170579986,13.119894380724487,5.274149704965845,-16.68034468608946,0.7028178569090021,14.63812351047373,6.442098206804078,-15.30761209593327,3.030374387874002,15.327668881971901,10.060996742219439,-14.016514926953203,2.8397256179400006,12.134473027688037,4.546352383460627,-13.096511876738706,0.345558696804002,11.896502469085421,4.857029650663666,-11.079483249397859,-7.198869821622001,5.223164600683123,0.7071732098687189,-12.966138019717096,0.15793582668600092,6.057558409407406,-1.1332150306652926,-13.00342759211654,3.7809904194000015,10.480718862070363,0.05671256183244804,-11.505774678579213,2.338801765223,9.73784270562338,-0.46699680310913594,-11.118406653534688,2.3729593589650015,7.517352260695666,-2.132577275108637,-11.176727909011372,0.45446263564100087,5.824230962213915,-3.5474563401670482,-11.118406653534688,-5.4241658118619975,-2.982909309649342,-5.9943164999111955,-12.666666666666668,-6.3307805389139995,-5.157563388564104,-7.7314196060201095,-13.059302076643121,-3.3870413921419984,-3.2328651090562466,-8.518177104338305,-12.610286206154509
45,UT,-3.1829093526009986,25.66360333404575,28.969798657718115,10.649999999999995,-6.420675987205998,16.247528667457495,12.226245400922737,4.288407163053724,-6.266538635351998,9.379418111466642,11.258105604446499,1.653651814423516,-3.0957284971209975,14.255178578368508,13.60962487806319,3.799249530956842,2.523573077475999,20.10867344854353,12.558207643871722,1.793928242870288,3.9603071383320003,22.195436219294237,17.874559116699885,4.93124703651019,2.9535433217660003,23.468144975011544,18.08461609364917,4.190207156308854,1.7116679085229984,19.198021407719764,14.931220095693783,3.3629145259224607,-7.276984640296003,15.739537813471918,13.098110764522392,6.959884001933289,-10.409250635869999,15.208872168665255,8.359648133528808,-1.0728654447921413,-1.3495578349579984,15.407866844625891,7.83972614270883,-3.446771378708563,2.488472424148,22.813100509649935,10.65587930438788,-0.6732495511669754,-1.2048648717480015,19.033929872864206,9.40533462381507,17.650186071238704,-1.415595077659998,14.312932576405633,8.246725813265728,14.841722885313956,0.29401792624400014,11.237655605584768,8.45137987471076,16.966173361522184,3.307753808545999,8.720091712584587,7.724864758808196,18.34224598930481,3.1083306483129984,5.131597768559585,6.99908126618224,11.993927125506058,4.934567257877001,8.443378827001101,6.886002725477651,11.206030150753772
46,VA,-13.879540406379999,-4.594330400782017,-7.299999999999997,-32.31999999999999,-15.830469388526996,-10.920458175512255,-18.587956775745536,-30.740892345476865,-19.020019690656,-30.644874755729262,-17.54263835711799,-29.850746268656714,-17.490801405347,-26.133353515477182,-28.901560624249694,-39.180445722501794,-9.990697906335,-13.020229926031549,-26.636157181198815,-26.402783819051752,-7.611073824130998,-13.167259786476878,-26.344698932531873,-23.783783783783775,-9.898212778159998,-12.230215827338137,-24.76445887293129,-27.02178132413197,-10.884477796431,-14.577042580193428,-26.370135027799833,-24.900133155792272,-11.308175568812997,-14.633079681623377,-26.691651767294722,-21.793390339727292,-15.918377350726997,-17.969406622961852,-29.883583267561164,-22.099447513812144,-6.951924614454,-16.6381961052272,-28.704230061862564,-20.786516853932575,-5.075242654602999,-12.87659004686455,-26.25043237634037,-18.062953995157372,-5.185178205806998,-11.377462998274767,-24.690049803963124,-16.32047477744806,-4.765767354168998,-11.481951750408136,-23.51485148514851,-15.017579105976889,-3.433961277771,-10.178538560647894,-22.223032867617547,-13.585291113380984,-2.452447417846998,-11.00168695572882,-22.358981828775352,-22.367515485203025,-3.222001525036,-11.754068716094034,-21.501417473583448,-21.503131524008342,-2.2833424803249986,-10.306483481137715,-19.894048692515785,-19.905325443786975
47,VT,-10.432100525872007,34.21999242711094,33.06968641114983,14.350000000000005,-12.842742897041997,26.03555555555555,31.729442604856512,,-21.544367183675,18.256880733944943,28.411956558286537,91.94292908099037,-14.790154707071007,18.75706687884752,17.35910515641325,4818.279569892473,-10.71637986429,22.948189898114016,18.716195212931314,21.519659936238046,-10.786278532166998,23.16178067318132,19.06409776780148,25.970806940236844,-8.592873581878003,24.541062801932366,18.88249027237355,-3.8267451640033645,-6.754344182868005,23.55888632303603,19.14581643476633,-4.708333333333329,-8.890466071370001,24.573888596028816,19.35060470639708,-4.14920368818105,-17.73610331639,17.863674147963422,14.877425176718315,-8.629644426687975,-4.467174713449001,25.84538918966894,17.143120053984433,-6.824200448156449,-0.044532253007001366,29.506325067360816,20.716249960489307,-3.988245172124262,0.5320535680029992,27.09752599498027,23.06973446764631,-7.875125881168171,1.038380647954995,25.450121654501203,24.741964985628428,-7.986320659826994,0.9401452294819979,27.440230091677137,26.46026490066226,10.992477553991751,0.571771254201997,22.884257052476478,23.133221563064225,-11.919892162526475,-2.8201588742420016,20.15083467502753,21.642884443878216,-12.190439623728166,0.9181180175299952,16.790906470079477,20.63617411080929,-14.054866591506945
48,WA,-13.595642612224001,34.744899750693484,22.276643990929706,82.03191489361703,-19.343655624512994,27.44603121886416,26.754736495698367,88.69651521835024,-20.283647616191995,21.86090822483329,14.876121088174513,70.5641945773525,-14.171332653938002,26.404901508663293,17.30003697983512,72.54209942522941,-7.083645187855997,34.868027975960366,20.0365069118269,73.32860615883308,-1.0495354745099994,44.019515856633525,23.707272310162892,75.40748334187597,-0.2556790127359987,37.956571757262,27.936605850672613,79.7751628493381,-0.2816483908239964,39.02615752481706,31.998433369235297,79.09776010048148,-6.063408871310999,34.78276140634331,31.570086617055015,76.23854155937791,-17.113632600217,18.55536332179931,24.77786005183265,66.04560892770502,-3.3340477746859998,25.647490258996097,21.853885612274883,62.80685061845863,1.8376738164010031,34.504030844724845,23.116966140779468,64.95710016388702,1.6554632457240037,32.27852464667355,22.95975373389579,64.82997784413834,1.5974141444769996,34.15606208921829,20.446727719454998,61.4245283018868,2.3265500533410033,29.10106311398197,18.757019842755525,58.87650882079852,3.858671887683002,26.29257857495474,17.689168248979684,57.54534573243717,4.72352093392,20.597108736643627,15.08205817700664,53.46188340807176,3.0736943657010016,20.0801076446475,15.394821313931093,53.931270241093934
49,WI,-23.872484987659,-15.292602899032278,-25.848484848484855,-26.954545454545453,-29.272901223364006,-16.92125952177279,-27.757913728062988,-28.258928571428566,-27.807708233814004,-16.806037120130537,-29.361388202841837,-30.417839359168646,-24.670271637444003,-15.109261186264314,-29.08388343261955,-30.508108108108107,-23.113335724032996,-13.3565572029398,-27.371961877122985,-28.830823737821078,-21.771130069916005,-11.059264750774068,-25.066349098332765,-26.570710532328086,-21.314185677335,-9.254727474972196,-25.938256658595648,-27.72655722959298,-22.294689106163005,-12.090517241379315,-26.969757262236378,-28.609506885828523,-28.566521415553996,-10.966080237481995,-24.293571674114816,-25.995855399493433,-27.993917862860002,-14.0177065767285,-26.437971808404036,-27.840143691064213,-17.606725861512,-9.796550199026981,-25.00255406095692,-26.41941391941392,-13.046060125381004,-3.946686761173656,-22.58778867447011,-24.054820415879018,-12.682190232763002,-2.9641259872490333,-21.019222493186053,-22.51687560270009,-8.533943000175004,-1.9235393123346962,-19.910538948287158,-21.437301393302363,-9.93494869757,-4.656163807208643,-20.27584708948741,-20.28769841269841,-8.116778120249002,-7.46370235934665,-20.706416072585878,-20.70071551936837,-5.037614289285003,-11.774884284292945,-20.03267973856209,-20.029858173675038,-5.770153998434003,-13.02030023882634,-18.701317878105503,-18.715225088517954
50,WV,-7.667796423881998,14.145284065130816,11.748427672955978,-43.583333333333336,-11.538249474269,12.69098691086448,11.206383977468315,-42.26012793176972,-11.104026940922,5.82324624947423,8.972707758356329,-41.53713298791019,-12.915437861139997,4.5817745138792745,7.3562732243738935,-40.16791869200177,-9.87981778995,8.459069789720743,7.9301442672741125,-38.649750792931584,-8.353095863253998,8.928657333910618,9.344902920089849,-36.46175504458001,-7.212368842318997,10.604728409534978,8.895902920356704,-34.30373605046094,-10.72759737887,11.833851928680795,8.909252505439943,-32.40139790314529,-15.205566970026998,15.407747196738034,8.706026307739382,-29.589183567342698,-16.662457466193,3.2041932543299914,4.18670106719832,-29.880890730191613,-6.718395569327998,12.54535513693524,5.935310776568796,-28.69931542917325,-2.909583020838,14.480004044693876,9.58430985568029,-26.252723311546845,-6.964477040886999,9.816188951937537,11.90326237561406,-24.69410456062292,-8.121562383533002,11.213163064833012,13.646103169273088,-23.502824858757062,-6.813932923413998,10.707475675939962,15.567985950762628,-22.22860425043079,-6.538720884512997,3.0820358736228766,15.365386488329074,-22.362385321100927,-10.557736047673997,2.4616498484094294,16.64150200223199,-21.507246376811597,-4.239188879720998,12.372208436724568,19.02863841902529,-19.881656804733726
51,WY,-7.766093387371997,19.35713946079597,15.816091954022978,13.63157894736842,-7.4628721818770005,19.153177956045013,15.625597674329637,11.923276308968383,-10.814330300671,12.610470593513085,12.862636747190379,14.05176967776017,-13.523850245891001,10.11097951484845,10.184442662389735,10.945529290853026,-11.634338282713996,14.266205389657685,9.071227538428227,8.329152032112393,-7.186923821371,14.35469910254659,8.847358755536348,6.828302820385942,-5.904282764832996,14.042978510744625,7.791605748315075,5.885237861696906,-10.412864218604001,7.757029405451823,5.159158114454683,4.856726566294318,-11.945365435468997,1.0791656599822852,-1.8507695304890075,-3.0969479353680485,-22.906180830925,-9.558638083228248,-8.817230249464576,-9.891485809682807,-11.807268405668998,-7.067491022176152,-12.666127354674689,-11.877551020408164,-5.902487468903001,-2.3838226715924433,-8.513664840652538,-9.36188077246012,-5.6211787658190016,-4.143277198609995,-9.494296236414275,-10.303282093892815,-7.246654421119997,-6.503277711561386,-11.151607783199122,-11.73344235486509,-2.446149381429999,-6.756806953679273,-11.804866662776458,-12.732417138237667,-11.214590052265,-14.172393749786307,-11.528668012995007,-11.73344235486509,-12.329628843850998,-13.405547122947423,-12.75938699529569,-12.591093117408905,-4.428435827324001,-5.400414546824953,-9.915064818953967,-4.637809187279155
