,Year,State,Replacement Ratio 1,Replacement Ratio 2,Average WBA,Average Weekly Wage,Recipiency Rate,Region,Annual Regional CPI-U
0,2006,AL,0.429,0.378,$188.80,$499.90,0.30790329864451,South,194.7
1,2006,AK,0.31,0.269,$183.60,$683.68,0.50462805859801,West,205.7
2,2006,AZ,0.453,0.33,$211.42,$640.34,0.1959439093722,West,205.7
3,2006,AR,0.528,0.489,$254.34,$519.87,0.39554787844274,South,194.7
4,2006,CA,0.504,0.414,$296.48,$716.23,0.39471564861644,West,205.7
5,2006,CO,0.493,0.432,$321.43,$743.40,0.20717789925514,West,205.7
6,2006,CT,0.378,0.323,$293.12,$907.62,0.48280095674556,Northeast,215.0
7,2006,DE,0.429,0.383,$250.23,$654.07,0.45387557640883,South,194.7
8,2006,DC,0.439,0.356,$286.64,$805.10,0.21077766698954,South,194.7
9,2006,FL,0.385,0.3,$235.39,$784.64,0.3728712320929,South,194.7
10,2006,GA,0.477,0.405,$262.53,$647.86,0.21974795589087,South,194.7
11,2006,HI,0.571,0.485,$375.44,$773.71,0.38763782470566,West,205.7
12,2006,ID,0.518,0.482,$252.17,$523.41,0.42807669044816,West,205.7
13,2006,IL,0.389,0.345,$256.30,$742.39,0.41652972836477,Midwest,193.0
14,2006,IN,0.521,0.471,$301.25,$640.10,0.33497180744805,Midwest,193.0
15,2007,AL,0.41,0.366,$190.95,$521.35,0.315676534697,South,200.361
16,2007,AK,0.305,0.264,$177.67,$674.02,0.47908050534138,West,212.23
17,2007,AZ,0.443,0.365,$215.13,$588.65,0.26508566503552,West,212.23
18,2007,AR,0.537,0.516,$260.47,$504.69,0.40892920995652,South,200.361
19,2007,CA,0.49,0.412,$308.70,$748.47,0.39162306519665,West,212.23
20,2007,CO,0.491,0.435,$337.14,$775.00,0.23057634703749,West,212.23
21,2007,CT,0.363,0.337,$300.12,$889.83,0.46815044558569,Northeast,220.512
22,2007,DE,0.444,0.397,$253.24,$637.80,0.53769763392612,South,200.361
23,2007,DC,0.442,0.371,$288.45,$776.65,0.22492085047253,South,200.361
24,2007,FL,0.375,0.311,$239.13,$768.94,0.36798155672388,South,200.361
25,2007,GA,0.492,0.434,$266.62,$614.08,0.24006966397789,South,200.361
26,2007,HI,0.567,0.498,$387.67,$778.77,0.38894383824994,West,212.23
27,2007,ID,0.493,0.458,$256.18,$559.68,0.53466034658822,West,212.23
28,2007,IL,0.407,0.364,$268.98,$739.29,0.3905218150223,Midwest,198.123
29,2007,IN,0.546,0.503,$306.45,$609.64,0.37635912995245,Midwest,198.123
30,2008,AL,0.425,0.395,$199.98,$506.91,0.29373475471789,South,208.681
31,2008,AK,0.306,0.271,$185.20,$683.41,0.47766806632849,West,219.646
32,2008,AZ,0.426,0.368,$219.50,$596.56,0.26588578864302,West,219.646
33,2008,AR,0.528,0.508,$268.70,$528.97,0.46667269271868,South,208.681
34,2008,CA,0.48,0.419,$315.07,$751.39,0.37999242647157,West,219.646
35,2008,CO,0.498,0.333,$347.30,"$1,042.77",0.22707992264168,West,219.646
36,2008,CT,0.396,0.368,$310.64,$844.87,0.44914881670307,Northeast,229.306
37,2008,DE,0.431,0.379,$259.00,$684.24,0.46225074906633,South,208.681
38,2008,DC,0.42,0.335,$297.13,$886.80,0.22403577070181,South,208.681
39,2008,FL,0.351,0.299,$239.55,$801.29,0.34129885432331,South,208.681
40,2008,GA,0.486,0.427,$271.70,$636.55,0.25580409257397,South,208.681
41,2008,HI,0.559,0.484,$416.42,$859.98,0.45415127202252,West,219.646
42,2008,ID,0.494,0.463,$275.49,$595.08,0.50567921224049,West,219.646
43,2008,IL,0.395,0.34,$271.84,$800.24,0.3721219795743,Midwest,205.382
44,2008,IN,0.538,0.492,$314.70,$639.11,0.3871855253792,Midwest,205.382
45,2009,AL,0.414,0.38,$213.22,$560.77,0.32647967502932,South,207.845
46,2009,AK,0.325,0.296,$222.87,$751.89,0.4980761794039,West,218.822
47,2009,AZ,0.385,0.325,$222.08,$682.45,0.33119324677108,West,218.822
48,2009,AR,0.535,0.516,$290.82,$563.49,0.54643677130144,South,207.845
49,2009,CA,0.459,0.388,$326.24,$841.22,0.36809979673372,West,218.822
50,2009,CO,0.506,0.385,$372.89,$968.82,0.32433392584424,West,218.822
51,2009,CT,0.431,0.397,$328.96,$829.30,0.53242988013477,Northeast,229.343
52,2009,DE,0.414,0.366,$262.25,$715.63,0.4257064827155,South,207.845
53,2009,DC,0.376,0.3,$309.39,"$1,030.69",0.20530786982525,South,207.845
54,2009,FL,0.387,0.326,$239.94,$735.96,0.33734783201808,South,207.845
55,2009,GA,0.525,0.473,$288.35,$609.69,0.31114288336532,South,207.845
56,2009,HI,0.584,0.498,$427.09,$858.15,0.47868517257748,West,218.822
57,2009,ID,0.505,0.46,$275.62,$599.18,0.50459239242563,West,218.822
58,2009,IL,0.403,0.353,$284.67,$805.45,0.41795072174759,Midwest,204.064
59,2009,IN,0.532,0.47,$321.07,$682.85,0.37533120913539,Midwest,204.064
60,2010,AL,0.408,0.372,$213.27,$572.78,0.23198592128899,South,211.338
61,2010,AK,0.33,0.303,$235.30,$775.81,0.47070573148165,West,221.203
62,2010,AZ,0.405,0.343,$216.40,$630.66,0.24843872373575,West,221.203
63,2010,AR,0.513,0.496,$288.45,$582.13,0.41214593702724,South,211.338
64,2010,CA,0.448,0.38,$314.46,$827.45,0.28578781206235,West,221.203
65,2010,CO,0.504,0.455,$359.00,$789.12,0.25731659647905,West,221.203
66,2010,CT,0.442,0.405,$325.44,$802.64,0.36643226519592,Northeast,233.868
67,2010,DE,0.42,0.366,$258.04,$704.73,0.34893967081457,South,211.338
68,2010,DC,0.409,0.337,$307.31,$911.66,0.15549309907146,South,211.338
69,2010,FL,0.41,0.355,$235.69,$663.48,0.22675241530174,South,211.338
70,2010,GA,0.449,0.386,$275.53,$713.61,0.232795920796,South,211.338
71,2010,HI,0.565,0.502,$425.03,$846.38,0.3903637282854,West,221.203
72,2010,ID,0.481,0.446,$261.22,$585.57,0.39565187929793,West,221.203
73,2010,IL,0.386,0.333,$272.54,$817.64,0.31744986677567,Midwest,208.046
74,2010,IN,0.525,0.472,$312.86,$663.09,0.24530776706427,Midwest,208.046
75,2011,AL,0.412,0.379,$211.58,$557.68,0.20515408417013,South,218.618
76,2011,AK,0.333,0.304,$234.84,$771.67,0.45212386011349,West,227.485
77,2011,AZ,0.409,0.357,$214.35,$599.65,0.2226487329302,West,227.485
78,2011,AR,0.505,0.477,$284.41,$596.00,0.34878242838844,South,218.618
79,2011,CA,0.457,0.392,$307.98,$785.54,0.24954086913857,West,227.485
80,2011,CO,0.495,0.454,$347.31,$765.57,0.21760653368368,West,227.485
81,2011,CT,0.425,0.392,$324.51,$827.56,0.33268291036762,Northeast,240.997
82,2011,DE,0.431,0.374,$247.09,$659.94,0.3251137641893,South,218.618
83,2011,DC,0.39,0.318,$302.89,$953.41,0.16495848779061,South,218.618
84,2011,FL,0.411,0.357,$238.72,$668.74,0.17840466103248,South,218.618
85,2011,GA,0.463,0.39,$274.81,$705.14,0.2112814199272,South,218.618
86,2011,HI,0.55,0.478,$429.79,$898.48,0.31460030995244,West,227.485
87,2011,ID,0.462,0.427,$253.25,$593.72,0.33731415180248,West,227.485
88,2011,IL,0.374,0.318,$268.68,$845.08,0.28429581194902,Midwest,214.743
89,2011,IN,0.521,0.47,$308.48,$656.17,0.21791687471004,Midwest,214.743
90,2012,NJ,0.523,0.457,$391.99,$856.94,0.32724508381203,Northeast,245.698
91,2012,NM,0.495,0.45,$289.71,$644.13,0.28840213303789,West,232.376
92,2012,NY,0.425,0.352,$298.89,$848.14,0.31217490616324,Northeast,245.698
93,2012,NC,0.516,0.505,$287.02,$568.41,0.23830527120208,South,223.242
94,2012,ND,0.475,0.447,$357.07,$798.84,0.30340136806162,Midwest,219.1
95,2012,OH,0.448,0.406,$291.25,$716.69,0.22803777106096,Midwest,219.1
96,2012,OK,0.496,0.437,$279.81,$640.50,0.25451910233925,South,223.242
97,2012,OR,0.462,0.44,$302.61,$688.48,0.3289555134005,West,232.376
98,2012,PA,0.54,0.513,$358.04,$698.12,0.428805149727,Northeast,245.698
99,2012,PR,0.366,0.336,$119.27,$355.44,0.20419451125927,Northeast,245.698
100,2012,RI,0.553,0.518,$373.65,$720.79,0.25567676933994,Northeast,245.698
101,2012,SC,0.474,0.437,$242.27,$553.89,0.20582956152372,South,223.242
102,2012,SD,0.461,0.423,$273.15,$645.09,0.15917341613658,Midwest,219.1
103,2012,TN,0.401,0.359,$219.49,$610.73,0.17257144244537,South,223.242
104,2012,TX,0.507,0.443,$333.60,$752.77,0.19291251388478,South,223.242
105,2013,NJ,0.527,0.464,$396.07,$854.35,0.35187876644149,Northeast,249.038
106,2013,NM,0.474,0.422,$310.20,$735.88,0.25393044178381,West,235.824
107,2013,NY,0.421,0.344,$303.83,$883.15,0.31053021487796,Northeast,249.038
108,2013,NC,0.51,0.495,$296.54,$598.53,0.24451175903364,South,226.721
109,2013,ND,0.51,0.486,$399.07,$821.13,0.32714472418674,Midwest,222.17
110,2013,OH,0.447,0.4,$305.82,$764.27,0.19912713946085,Midwest,222.17
111,2013,OK,0.505,0.45,$293.36,$652.45,0.21818970855635,South,226.721
112,2013,OR,0.479,0.446,$323.40,$725.68,0.31535438421972,West,235.824
113,2013,PA,0.538,0.506,$363.17,$718.18,0.39739933700484,Northeast,249.038
114,2013,PR,0.367,0.322,$121.86,$378.93,0.22369129996893,Northeast,249.038
115,2013,RI,0.474,0.439,$339.34,$773.25,0.24136357844163,Northeast,249.038
116,2013,SC,0.457,0.407,$247.08,$607.74,0.18816014959999,South,226.721
117,2013,SD,0.484,0.45,$287.26,$638.14,0.15672135819323,Midwest,222.17
118,2013,TN,0.406,0.354,$224.37,$633.06,0.17308785673215,South,226.721
119,2013,TX,0.493,0.39,$345.79,$886.76,0.19257093794736,South,226.721
120,2014,NJ,0.53,0.462,$402.52,$872.16,0.42070533397017,Northeast,252.463
121,2014,NM,0.501,0.403,$300.62,$746.75,0.23965990062577,West,240.215
122,2014,NY,0.404,0.324,$307.33,$949.58,0.33126528210987,Northeast,252.463
123,2014,NC,0.397,0.367,$240.63,$655.24,0.18576507359145,South,230.552
124,2014,ND,0.509,0.479,$432.41,$903.18,0.3106900795459,Midwest,225.425
125,2014,OH,0.442,0.401,$314.74,$785.12,0.22000782487325,Midwest,225.425
126,2014,OK,0.528,0.478,$323.34,$676.29,0.2115631960038,South,230.552
127,2014,OR,0.481,0.445,$331.12,$743.51,0.3012767063455,West,240.215
128,2014,PA,0.527,0.481,$377.16,$783.64,0.42761932374134,Northeast,252.463
129,2014,PR,0.36,0.331,$119.32,$360.37,0.19361589514351,Northeast,252.463
130,2014,RI,0.456,0.433,$332.18,$767.70,0.27478711071133,Northeast,252.463
131,2014,SC,0.446,0.396,$249.39,$629.61,0.15244985779224,South,230.552
132,2014,SD,0.476,0.442,$296.29,$670.33,0.14816655937312,Midwest,225.425
133,2014,TN,0.391,0.332,$228.14,$686.22,0.15600124434427,South,230.552
134,2014,TX,0.503,0.421,$357.26,$848.93,0.2117559051806,South,230.552
135,2015,NJ,0.517,0.444,$405.31,$913.00,0.433698039737,Northeast,252.185
136,2015,NM,0.51,0.454,$307.91,$678.34,0.20878651900445,West,243.015
137,2015,NY,0.421,0.364,$308.98,$848.55,0.34804678226475,Northeast,252.185
138,2015,NC,0.404,0.368,$243.63,$662.79,0.12785449490698,South,230.147
139,2015,ND,0.54,0.499,$504.48,"$1,010.97",0.39274938318668,Midwest,224.21
140,2015,OH,0.449,0.407,$326.34,$801.74,0.23151174598947,Midwest,224.21
141,2015,OK,0.553,0.474,$374.49,$790.77,0.25972681597306,South,230.147
142,2015,OR,0.48,0.435,$359.55,$826.28,0.31031864904404,West,243.015
143,2015,PA,0.527,0.492,$384.90,$781.74,0.41264693244644,Northeast,252.185
144,2015,PR,0.356,0.324,$120.40,$371.83,0.20059674138128,Northeast,252.185
145,2015,RI,0.449,0.425,$327.92,$771.13,0.3072185981872,Northeast,252.185
146,2015,SC,0.453,0.402,$254.22,$632.03,0.13126055442435,South,230.147
147,2015,SD,0.489,0.46,$307.42,$668.86,0.14588007160043,Midwest,224.21
148,2015,TN,0.388,0.335,$228.93,$682.38,0.15572552118436,South,230.147
149,2015,TX,0.499,0.401,$389.00,$970.47,0.27054218965563,South,230.147
150,2016,NJ,0.52,0.458,$425.75,$930.17,0.46890857878697,Northeast,254.85
151,2016,NM,0.502,0.43,$327.18,$760.28,0.20123342223624,West,247.705
152,2016,NY,0.414,0.342,$307.94,$901.60,0.34606070757259,Northeast,254.85
153,2016,NC,0.388,0.345,$249.40,$723.63,0.10885239316572,South,232.692
154,2016,ND,0.54,0.517,$511.75,$989.02,0.44405975241129,Midwest,226.115
155,2016,OH,0.444,0.394,$340.63,$864.23,0.2182806808914,Midwest,226.115
156,2016,OK,0.523,0.454,$380.55,$837.31,0.24851090969338,South,232.692
157,2016,OR,0.487,0.446,$373.57,$837.35,0.30931621530353,West,247.705
158,2016,PA,0.537,0.5,$397.32,$794.97,0.39621697734707,Northeast,254.85
159,2016,PR,0.346,0.306,$118.90,$388.12,0.17386257790391,Northeast,254.85
160,2016,RI,0.433,0.405,$333.03,$823.30,0.33123615377269,Northeast,254.85
161,2016,SC,0.441,0.371,$260.66,$703.51,0.14687997604615,South,232.692
162,2016,SD,0.479,0.454,$318.36,$701.64,0.1478177185892,Midwest,226.115
163,2016,TN,0.392,0.335,$237.19,$708.43,0.13381851792753,South,232.692
164,2016,TX,0.52,0.437,$402.33,$920.77,0.27960833692615,South,232.692
165,2017,NJ,0.535,0.455,$435.53,$957.74,0.48459497516021,Northeast,259.538
166,2017,NM,0.498,0.428,$313.33,$731.89,0.18725893887191,West,254.738
167,2017,NY,0.417,0.339,$335.56,$990.91,0.33931052357648,Northeast,259.538
168,2017,NC,0.389,0.331,$260.61,$786.51,0.10348772170893,South,237.456
169,2017,ND,0.521,0.496,$476.24,$959.29,0.40537823099227,Midwest,229.874
170,2017,OH,0.44,0.396,$347.42,$877.04,0.20521962529938,Midwest,229.874
171,2017,OK,0.53,0.482,$367.66,$762.26,0.20245301551139,South,237.456
172,2017,OR,0.482,0.434,$389.71,$897.23,0.33683682765155,West,254.738
173,2017,PA,0.534,0.478,$396.51,$830.13,0.38105627694162,Northeast,259.538
174,2017,PR,0.337,0.309,$115.59,$373.79,0.22734739491646,Northeast,259.538
175,2017,RI,0.459,0.409,$348.45,$851.70,0.35670155978265,Northeast,259.538
176,2017,SC,0.436,0.362,$265.16,$733.40,0.16875385392238,South,237.456
177,2017,SD,0.467,0.428,$331.08,$773.53,0.14303391597692,Midwest,229.874
178,2017,TN,0.378,0.31,$238.77,$771.31,0.13953866685289,South,237.456
179,2017,TX,0.507,0.44,$402.40,$914.98,0.25017094545843,South,237.456
180,2018,NJ,0.523,0.456,$447.92,$981.82,0.51480775063842,Northeast,265.139
181,2018,NM,0.498,0.434,$330.12,$760.01,0.19408855293152,West,263.263
182,2018,NY,0.392,0.306,$342.47,"$1,120.72",0.3469404430286,Northeast,265.139
183,2018,NC,0.379,0.329,$260.08,$791.44,0.10367969658403,South,242.737
184,2018,ND,0.506,0.489,$464.03,$948.92,0.38549234510929,Midwest,234.29
185,2018,OH,0.434,0.389,$357.97,$919.39,0.2014977996128,Midwest,234.29
186,2018,OK,0.53,0.458,$367.98,$804.19,0.20815534731497,South,242.737
187,2018,OR,0.49,0.455,$401.45,$882.97,0.32306564617057,West,263.263
188,2018,PA,0.533,0.492,$394.63,$801.47,0.39147349486827,Northeast,265.139
189,2018,PR,0.336,0.295,$120.55,$408.04,0.19356529740327,Northeast,265.139
190,2018,RI,0.445,0.412,$349.73,$847.95,0.37800091107993,Northeast,265.139
191,2018,SC,0.427,0.355,$263.99,$743.74,0.20916412011156,South,242.737
192,2018,SD,0.478,0.449,$340.17,$758.20,0.14010903083259,Midwest,234.29
193,2018,TN,0.37,0.316,$239.99,$760.64,0.14042738878774,South,242.737
194,2018,TX,0.488,0.391,$409.62,"$1,046.66",0.22360733898248,South,242.737
195,2019,NJ,0.511,0.429,$458.15,"$1,068.06",0.56268291715061,Northeast,269.392
196,2019,NM,0.533,0.468,$341.65,$729.85,0.18273250632562,West,270.35
197,2019,NY,0.4,0.325,$359.46,"$1,105.25",0.34940469509109,Northeast,269.392
198,2019,NC,0.38,0.319,$275.91,$863.71,0.094795305200953,South,246.265
199,2019,ND,0.501,0.479,$465.33,$970.92,0.37776739120181,Midwest,237.776
200,2019,OH,0.422,0.384,$362.69,$943.72,0.20425377194039,Midwest,237.776
201,2019,OK,0.522,0.453,$387.14,$855.10,0.23744928875624,South,246.265
202,2019,OR,0.49,0.447,$423.09,$947.32,0.34693713726486,West,270.35
203,2019,PA,0.509,0.459,$408.43,$890.77,0.38143055854626,Northeast,269.392
204,2019,PR,0.391,0.345,$144.84,$419.73,0.17131125435427,Northeast,269.392
205,2019,RI,0.429,0.398,$362.06,$910.01,0.41152638316408,Northeast,269.392
206,2019,SC,0.406,0.336,$273.74,$815.68,0.22714908096186,South,246.265
207,2019,SD,0.479,0.448,$353.41,$788.75,0.13588614902734,Midwest,237.776
208,2019,TN,0.372,0.318,$240.13,$754.40,0.14035816153581,South,246.265
209,2019,TX,0.496,0.425,$418.84,$985.58,0.24145671543935,South,246.265
210,2020,NJ,0.523,0.479,$410.77,$857.29,0.71681231724382,Northeast,272.908
211,2020,NM,0.528,0.475,$318.02,$669.28,0.77832543868529,West,275.057
212,2020,NY,0.418,0.339,$344.15,"$1,014.71",1.0234679673733,Northeast,272.908
213,2020,NC,0.379,0.322,$234.01,$727.76,0.45667768477637,South,248.639
214,2020,ND,0.516,0.503,$451.32,$897.11,0.78209996833821,Midwest,240.04
215,2020,OH,0.465,0.433,$329.82,$760.88,0.61136985266935,Midwest,240.04
216,2020,OK,0.523,0.493,$347.75,$704.71,0.7082283594411,South,248.639
217,2020,OR,0.484,0.459,$368.40,$803.48,0.84078556458856,West,275.057
218,2020,PA,0.504,0.465,$352.27,$757.23,0.87503215858905,Northeast,272.908
219,2020,PR,0.495,0.466,$183.21,$393.04,1.1634893745907,Northeast,272.908
220,2020,RI,0.422,0.409,$327.09,$799.93,0.76797650899521,Northeast,272.908
221,2020,SC,0.44,0.384,$245.84,$639.45,0.76490824767948,South,248.639
222,2020,SD,0.496,0.463,$321.84,$694.56,0.47420867780227,Midwest,240.04
223,2020,TN,0.379,0.327,$217.62,$666.37,0.56678540037861,South,248.639
224,2020,TX,0.509,0.425,$371.28,$873.85,0.66400580263381,South,248.639
225,2021,NJ,0.528,0.465,$480.06,"$1,032.27",0.39053993210514,Northeast,283.557
226,2021,NM,0.493,0.437,$319.13,$730.50,0.3169164828617,West,287.494
227,2021,NY,0.404,0.365,$348.84,$955.79,0.43751997613245,Northeast,283.557
228,2021,NC,0.355,0.303,$241.76,$797.98,0.15707550581594,South,261.259
229,2021,ND,0.516,0.503,$477.70,$950.52,0.35081387961517,Midwest,252.242
230,2021,OH,0.448,0.407,$378.60,$930.46,0.28949695674058,Midwest,252.242
231,2021,OK,0.489,0.447,$338.84,$757.76,0.34913952829835,South,261.259
232,2021,OR,0.449,0.425,$396.17,$932.93,0.44449592448006,West,287.494
233,2021,PA,0.526,0.49,$389.57,$795.34,0.47308261953493,Northeast,283.557
234,2021,PR,0.528,0.47,$198.47,$422.73,0.33006245650372,Northeast,283.557
235,2021,RI,0.423,0.38,$357.19,$939.00,0.48124103923839,Northeast,283.557
236,2021,SC,0.42,0.369,$265.63,$719.37,0.33964930778935,South,261.259
237,2021,SD,0.463,0.431,$365.42,$848.61,0.18850846271224,Midwest,252.242
238,2021,TN,0.36,0.329,$230.55,$699.94,0.25457781488838,South,261.259
239,2021,TX,0.508,0.421,$366.73,$871.02,0.25951524934183,South,261.259
240,2022,NJ,0.52,0.453,$523.42,"$1,155.50",0.49274506062489,Northeast,303.32
241,2022,NM,0.477,0.421,$379.73,$901.18,0.21570613812055,West,310.509
242,2022,NY,0.393,0.349,$383.06,"$1,098.68",0.35029301597454,Northeast,303.32
243,2022,NC,0.35,0.296,$276.80,$935.72,0.084201531455066,South,283.666
244,2022,ND,0.508,0.473,$508.09,"$1,075.10",0.30611363767198,Midwest,272.401
245,2022,OH,0.426,0.39,$416.90,"$1,069.26",0.1633311868169,Midwest,272.401
246,2022,OK,0.487,0.428,$366.78,$857.36,0.19887792313093,South,283.666
247,2022,OR,0.494,0.459,$481.28,"$1,048.52",0.26564920102093,West,310.509
248,2022,PA,0.493,0.448,$445.50,$995.31,0.27364428374826,Northeast,303.32
249,2022,PR,0.493,0.442,$202.06,$456.79,0.20197248133036,Northeast,303.32
250,2022,RI,0.443,0.414,$412.17,$995.54,0.40223637050101,Northeast,303.32
251,2022,SC,0.408,0.352,$283.98,$806.26,0.14720352735054,South,283.666
252,2022,SD,0.458,0.426,$410.89,$963.96,0.14221309052208,Midwest,272.401
253,2022,TN,0.33,0.285,$246.99,$865.90,0.10360677793638,South,283.666
254,2022,TX,0.498,0.436,$437.51,"$1,002.51",0.17310871487806,South,283.666
255,2023,NJ,0.532,0.459,$574.32,"$1,250.90",0.48211088897557,Northeast,313.786
256,2023,NM,0.484,0.413,$413.50,"$1,001.58",0.26376097161896,West,323.834
257,2023,NY,0.385,0.302,$415.08,"$1,373.77",0.40865145769532,Northeast,313.786
258,2023,NC,0.336,0.277,$300.54,"$1,084.31",0.11373596610024,South,296.422
259,2023,ND,0.5,0.48,$535.42,"$1,115.64",0.30544531512995,Midwest,282.76
260,2023,OH,0.434,0.392,$449.45,"$1,145.98",0.21002240571024,Midwest,282.76
261,2023,OK,0.487,0.427,$399.11,$934.79,0.16520451337306,South,296.422
262,2023,OR,0.484,0.436,$545.96,"$1,252.18",0.37720415668878,West,323.834
263,2023,PA,0.49,0.436,$462.05,"$1,058.63",0.36616635082676,Northeast,313.786
264,2023,PR,0.478,0.42,$211.98,$504.68,0.22908648382616,Northeast,313.786
265,2023,RI,0.44,0.398,$442.26,"$1,111.20",0.51528415060516,Northeast,313.786
266,2023,SC,0.373,0.3,$297.45,$990.37,0.18792345826592,South,296.422
267,2023,SD,0.482,0.443,$437.41,$987.32,0.17064642919526,Midwest,282.76
268,2023,TN,0.31,0.272,$254.39,$935.38,0.13896056199153,South,296.422
269,2023,TX,0.491,0.392,$486.09,"$1,239.59",0.21630053153701,South,296.422
270,2000,UT,0.482,0.45,$233.95,$520.02,0.27608623178484,West,174.8
271,2000,VT,0.51,0.489,$211.28,$431.94,0.51010862789092,Northeast,179.4
272,2000,VA,0.458,0.405,$204.60,$505.44,0.27144093890694,South,167.2
273,2000,WA,0.519,0.498,$284.79,$571.72,0.44711973985973,West,174.8
274,2000,WV,0.417,0.395,$198.37,$501.69,0.31523877984263,South,167.2
275,2000,WI,0.479,0.443,$240.77,$543.08,0.52601543142193,Midwest,168.3
276,2000,WY,0.486,0.456,$210.31,$461.68,0.28743637084559,West,174.8
277,2001,UT,0.501,0.454,$262.16,$576.94,0.30846389813089,West,181.2
278,2001,VT,0.518,0.491,$231.27,$470.95,0.53421505160262,Northeast,184.4
279,2001,VA,0.454,0.362,$224.24,$619.92,0.29095022872841,South,171.1
280,2001,WA,0.517,0.483,$312.12,$646.35,0.50459986998262,West,181.2
281,2001,WV,0.418,0.393,$205.62,$522.62,0.3539433103465,South,171.1
282,2001,WI,0.502,0.462,$252.05,$545.58,0.58001959377898,Midwest,172.8
283,2001,WY,0.493,0.455,$218.38,$480.00,0.28440415879064,West,181.2
284,2002,UT,0.507,0.467,$284.00,$607.77,0.30692252461235,West,184.7
285,2002,VT,0.516,0.482,$251.56,$522.12,0.62123129446895,Northeast,188.2
286,2002,VA,0.543,0.449,$291.72,$649.01,0.3228457317497,South,173.3
287,2002,WA,0.51,0.477,$332.73,$696.92,0.51399978989941,West,184.7
288,2002,WV,0.441,0.415,$221.78,$534.11,0.34960108501303,South,173.3
289,2002,WI,0.492,0.453,$254.76,$562.66,0.56536766388348,Midwest,174.9
290,2002,WY,0.488,0.456,$235.54,$516.27,0.31791873997858,West,184.7
291,2003,UT,0.487,0.443,$277.62,$627.36,0.27521442323004,West,188.6
292,2003,VT,0.5,0.463,$257.56,$556.79,0.55368916970291,Northeast,193.5
293,2003,VA,0.531,0.453,$280.22,$619.23,0.30755354889661,South,177.3
294,2003,WA,0.508,0.482,$327.55,$680.15,0.45287664027687,West,188.6
295,2003,WV,0.434,0.409,$229.59,$562.00,0.36771519421521,South,177.3
296,2003,WI,0.476,0.436,$254.52,$583.14,0.53399329791978,Midwest,178.3
297,2003,WY,0.502,0.468,$245.97,$525.48,0.34501393943078,West,188.6
298,2004,UT,0.494,0.46,$270.26,$587.56,0.21902140748407,West,193.0
299,2004,VT,0.52,0.498,$257.39,$517.00,0.5129514212751,Northeast,200.2
300,2004,VA,0.468,0.406,$244.02,$601.66,0.23255251390649,South,181.8
301,2004,WA,0.488,0.453,$314.16,$692.88,0.38199976561605,West,193.0
302,2004,WV,0.442,0.415,$227.00,$546.98,0.33735899350331,South,181.8
303,2004,WI,0.48,0.437,$255.39,$584.46,0.51842393878567,Midwest,182.6
304,2004,WY,0.501,0.464,$242.55,$522.77,0.32611881979901,West,193.0
305,2005,UT,0.497,0.407,$273.76,$672.60,0.20465406687551,West,198.9
306,2005,VT,0.485,0.448,$266.31,$594.81,0.51365040795387,Northeast,207.5
307,2005,VA,0.433,0.377,$253.17,$672.08,0.20875627308445,South,188.3
308,2005,WA,0.447,0.422,$303.19,$718.49,0.32165866848259,West,198.9
309,2005,WV,0.424,0.374,$234.10,$626.33,0.32209177423635,South,188.3
310,2005,WI,0.489,0.442,$256.70,$580.36,0.5050018822445,Midwest,188.4
311,2005,WY,0.501,0.459,$249.77,$544.37,0.28164467518558,West,198.9
312,2006,UT,0.487,0.449,$280.20,$623.90,0.21472170504117,West,205.7
313,2006,VT,0.485,0.455,$272.89,$600.33,0.49171635845098,Northeast,215.0
314,2006,VA,0.418,0.356,$258.98,$727.62,0.23162766262474,South,194.7
315,2006,WA,0.488,0.452,$327.33,$724.28,0.31372010386485,West,205.7
316,2006,WV,0.432,0.416,$238.39,$572.94,0.310684504027,South,194.7
317,2006,WI,0.474,0.433,$257.74,$594.81,0.50043243831869,Midwest,193.0
318,2006,WY,0.493,0.464,$259.02,$558.84,0.2688182646202,West,205.7
319,2007,UT,0.49,0.458,$299.45,$654.02,0.2271404591736,West,212.23
320,2007,VT,0.511,0.486,$282.11,$580.32,0.47333106446088,Northeast,220.512
321,2007,VA,0.449,0.398,$273.83,$687.90,0.24149031280745,South,200.361
322,2007,WA,0.481,0.44,$335.13,$761.64,0.31397979764573,West,212.23
323,2007,WV,0.442,0.423,$242.63,$574.23,0.34583678939251,South,200.361
324,2007,WI,0.476,0.444,$273.11,$615.26,0.51023747260697,Midwest,198.123
325,2007,WY,0.505,0.47,$282.83,$602.30,0.31390407915791,West,212.23
326,2008,UT,0.49,0.449,$319.18,$710.65,0.31702698466179,West,219.646
327,2008,VT,0.51,0.485,$290.96,$599.38,0.4946922833459,Northeast,229.306
328,2008,VA,0.46,0.395,$285.39,$722.17,0.24572729053127,South,208.681
329,2008,WA,0.487,0.449,$357.75,$796.95,0.3717974024506,West,219.646
330,2008,WV,0.44,0.418,$244.87,$585.89,0.39061648530408,South,208.681
331,2008,WI,0.476,0.436,$279.54,$641.21,0.57295579570088,Midwest,205.382
332,2008,WY,0.514,0.482,$312.05,$647.03,0.32922909132656,West,219.646
333,2009,UT,0.495,0.461,$319.44,$692.91,0.34834964461753,West,218.822
334,2009,VT,0.53,0.504,$307.58,$610.23,0.5831486557961,Northeast,229.343
335,2009,VA,0.452,0.388,$295.80,$762.79,0.29182930835041,South,207.845
336,2009,WA,0.527,0.467,$405.20,$868.12,0.48229963973966,West,218.822
337,2009,WV,0.443,0.418,$272.74,$652.77,0.40518539026574,South,207.845
338,2009,WI,0.484,0.449,$287.61,$640.37,0.56722976017394,Midwest,204.064
339,2009,WY,0.509,0.462,$347.45,$751.88,0.43883724528112,West,218.822
340,2010,UT,0.502,0.474,$322.37,$679.79,0.25775271660841,West,221.203
341,2010,VT,0.502,0.471,$293.75,$623.35,0.45045936976669,Northeast,233.868
342,2010,VA,0.452,0.391,$295.98,$756.90,0.20216478098768,South,211.338
343,2010,WA,0.513,0.47,$386.48,$822.67,0.34450379148435,West,221.203
344,2010,WV,0.407,0.389,$254.30,$653.00,0.30574477129709,South,211.338
345,2010,WI,0.465,0.419,$279.50,$667.71,0.46335784016046,Midwest,208.046
346,2010,WY,0.514,0.484,$341.82,$706.11,0.32784812102856,West,221.203
347,2011,UT,0.478,0.442,$311.53,$705.34,0.21937241401735,West,227.485
348,2011,VT,0.49,0.466,$294.15,$631.81,0.40623294516227,Northeast,240.997
349,2011,VA,0.441,0.385,$292.95,$761.45,0.18339796138917,South,218.618
350,2011,WA,0.482,0.439,$371.29,$845.03,0.29278657557348,West,227.485
351,2011,WV,0.412,0.386,$258.62,$669.76,0.26765664581219,South,218.618
352,2011,WI,0.454,0.42,$270.92,$644.41,0.41775118279915,Midwest,214.743
353,2011,WY,0.509,0.478,$334.66,$699.64,0.2688003116609,West,227.485
354,2012,UT,0.493,0.455,$328.33,$721.47,0.25630578697631,West,232.376
355,2012,VT,0.499,0.469,$305.58,$652.24,0.40046708695217,Northeast,245.698
356,2012,VA,0.43,0.366,$294.09,$803.46,0.18449731690121,South,223.242
357,2012,WA,0.495,0.464,$385.66,$830.77,0.29460868128025,West,232.376
358,2012,WV,0.427,0.397,$275.30,$692.61,0.30820558601268,South,223.242
359,2012,WI,0.47,0.429,$273.62,$638.47,0.41411248387297,Midwest,219.1
360,2012,WY,0.511,0.481,$348.13,$724.37,0.26598722463006,West,232.376
361,2013,UT,0.495,0.456,$346.97,$761.11,0.25841308903543,West,235.824
362,2013,VT,0.505,0.481,$313.80,$652.84,0.39540381615265,Northeast,249.038
363,2013,VA,0.428,0.356,$299.02,$840.09,0.18030320838483,South,226.721
364,2013,WA,0.49,0.455,$385.90,$847.92,0.29518917229272,West,235.824
365,2013,WV,0.421,0.393,$276.08,$702.65,0.31977643943914,South,226.721
366,2013,WI,0.459,0.416,$274.51,$659.89,0.37263001154709,Midwest,222.17
367,2013,WY,0.533,0.495,$362.21,$731.93,0.28224198118307,West,235.824
368,2014,UT,0.486,0.439,$363.20,$826.86,0.24131695899639,West,240.215
369,2014,VT,0.486,0.451,$313.15,$695.05,0.39638617033738,Northeast,252.463
370,2014,VA,0.418,0.34,$299.66,$880.66,0.16698514762085,South,230.552
371,2014,WA,0.484,0.447,$408.47,$914.42,0.28789781320408,West,240.215
372,2014,WV,0.421,0.389,$282.02,$724.26,0.30670014483795,South,230.552
373,2014,WI,0.47,0.424,$286.51,$675.39,0.38664006852104,Midwest,225.425
374,2014,WY,0.518,0.484,$369.95,$765.13,0.23423693078617,West,240.215
375,2015,UT,0.491,0.444,$375.93,$846.50,0.21117960017337,West,243.015
376,2015,VT,0.499,0.465,$324.39,$696.88,0.40006991009018,Northeast,252.185
377,2015,VA,0.438,0.361,$301.90,$835.33,0.15717000902161,South,230.147
378,2015,WA,0.486,0.443,$422.43,$953.49,0.27257659486066,West,243.015
379,2015,WV,0.418,0.385,$302.36,$785.50,0.30394802444894,South,230.147
380,2015,WI,0.448,0.403,$293.62,$727.87,0.36845836274783,Midwest,224.21
381,2015,WY,0.526,0.481,$406.61,$845.15,0.32192133749452,West,243.015
382,2016,UT,0.499,0.454,$396.27,$872.71,0.2131738317757,West,247.705
383,2016,VT,0.506,0.478,$335.28,$700.95,0.43398921137462,Northeast,254.85
384,2016,VA,0.417,0.347,$307.84,$886.18,0.1648655500935,South,232.692
385,2016,WA,0.493,0.43,$450.91,"$1,049.62",0.26392810439829,West,247.705
386,2016,WV,0.42,0.385,$307.55,$798.72,0.34413817608055,South,232.692
387,2016,WI,0.458,0.398,$310.58,$781.30,0.33766672443819,Midwest,226.115
388,2016,WY,0.527,0.484,$410.78,$848.77,0.33307172541038,West,247.705
389,2017,UT,0.498,0.451,$395.08,$876.17,0.19491146568006,West,254.738
390,2017,VT,0.503,0.469,$351.27,$748.50,0.3966064424569,Northeast,259.538
391,2017,VA,0.421,0.335,$309.08,$922.78,0.15547895964639,South,237.456
392,2017,WA,0.493,0.444,$465.72,"$1,048.32",0.28042637008048,West,254.738
393,2017,WV,0.414,0.383,$286.17,$747.47,0.28095270440102,South,237.456
394,2017,WI,0.448,0.395,$320.27,$809.97,0.34499212152968,Midwest,229.874
395,2017,WY,0.528,0.489,$386.70,$791.21,0.25405979524511,West,254.738
396,2018,UT,0.495,0.448,$419.99,$937.09,0.18571505678393,West,263.263
397,2018,VT,0.501,0.466,$363.98,$781.11,0.42986258032192,Northeast,265.139
398,2018,VA,0.413,0.338,$313.73,$929.20,0.16087479095325,South,242.737
399,2018,WA,0.505,0.456,$482.31,"$1,058.22",0.26504306254671,West,263.263
400,2018,WV,0.412,0.381,$293.63,$770.46,0.24252582853206,South,242.737
401,2018,WI,0.452,0.4,$318.30,$796.55,0.34235095726731,Midwest,234.29
402,2018,WY,0.512,0.479,$379.13,$790.92,0.20030714171972,West,263.263
403,2019,UT,0.5,0.456,$439.76,$964.94,0.2003490060687,West,270.35
404,2019,VT,0.5,0.467,$373.68,$800.64,0.48818423910256,Northeast,269.392
405,2019,VA,0.414,0.346,$320.23,$924.53,0.15527111800026,South,246.265
406,2019,WA,0.495,0.451,$504.21,"$1,117.95",0.27715668454639,West,270.35
407,2019,WV,0.386,0.339,$325.17,$958.57,0.27210524198074,South,246.265
408,2019,WI,0.431,0.378,$323.96,$856.14,0.31060165182792,Midwest,237.776
409,2019,WY,0.523,0.481,$403.21,$838.12,0.19610773173376,West,270.35
410,2020,UT,0.468,0.445,$386.87,$869.91,0.53631511922319,West,275.057
411,2020,VT,0.586,0.58,$427.87,$738.16,1.2988424823891,Northeast,272.908
412,2020,VA,0.407,0.346,$277.08,$799.92,0.67582733506757,South,248.639
413,2020,WA,0.497,0.447,$483.43,"$1,081.76",0.71891477821181,West,275.057
414,2020,WV,0.392,0.366,$272.12,$744.01,0.70427197150859,South,248.639
415,2020,WI,0.417,0.374,$305.44,$816.16,0.7407936880207,Midwest,240.04
416,2020,WY,0.501,0.446,$417.42,$935.41,0.50631343185882,West,275.057
417,2021,UT,0.487,0.45,$425.44,$946.05,0.25049612295235,West,287.494
418,2021,VT,0.505,0.489,$381.22,$780.33,0.58099768699917,Northeast,283.557
419,2021,VA,0.381,0.31,$300.69,$969.84,0.28126026163146,South,261.259
420,2021,WA,0.503,0.466,$525.16,"$1,127.35",0.37210333424177,West,287.494
421,2021,WV,0.364,0.337,$281.70,$835.62,0.34092149037786,South,261.259
422,2021,WI,0.42,0.377,$299.70,$794.93,0.51973687225711,Midwest,252.242
423,2021,WY,0.514,0.471,$427.29,$907.07,0.22871300884546,West,287.494
424,2022,UT,0.496,0.462,$480.31,"$1,039.49",0.18220987369731,West,310.509
425,2022,VT,0.482,0.452,$416.23,$920.90,0.30926801465685,Northeast,303.32
426,2022,VA,0.381,0.318,$327.24,"$1,028.49",0.10695091342028,South,283.666
427,2022,WA,0.513,0.475,$609.79,"$1,284.46",0.2329863993855,West,310.509
428,2022,WV,0.376,0.347,$318.88,$918.08,0.21670947458743,South,283.666
429,2022,WI,0.39,0.345,$327.65,$950.62,0.27706521352059,Midwest,272.401
430,2022,WY,0.501,0.463,$438.58,$947.63,0.16803516323839,West,310.509
431,2023,UT,0.49,0.439,$544.65,"$1,241.33",0.24425713825883,West,323.834
432,2023,VT,0.531,0.476,$496.00,"$1,042.34",0.4057876226322,Northeast,313.786
433,2023,VA,0.363,0.296,$346.06,"$1,169.34",0.13264553484314,South,296.422
434,2023,WA,0.494,0.436,$710.91,"$1,631.39",0.31116331373749,West,323.834
435,2023,WV,0.442,0.419,$401.43,$957.72,0.23856081560381,South,296.422
436,2023,WI,0.374,0.325,$342.65,"$1,053.13",0.28729058154534,Midwest,282.76
437,2023,WY,0.517,0.477,$465.03,$974.50,0.20977543697187,West,323.834
438,2012,AL,0.418,0.374,$212.18,$567.57,0.2046433522086,South,223.242
439,2012,AK,0.341,0.307,$233.18,$760.16,0.47570789952988,West,232.376
440,2012,AZ,0.415,0.365,$214.36,$587.54,0.20200894983416,West,232.376
441,2012,AR,0.518,0.447,$289.33,$647.25,0.33497017360283,South,223.242
442,2012,CA,0.453,0.373,$305.81,$820.48,0.25823685735169,West,232.376
443,2012,CO,0.494,0.452,$359.85,$795.90,0.20370763059117,West,232.376
444,2012,CT,0.436,0.407,$329.06,$809.28,0.3525365366484,Northeast,245.698
445,2012,DE,0.421,0.368,$254.01,$690.32,0.31420655567488,South,223.242
446,2012,DC,0.408,0.344,$303.08,$881.46,0.16345459297908,South,223.242
447,2012,FL,0.431,0.371,$234.28,$630.85,0.16442226845339,South,223.242
448,2012,GA,0.459,0.397,$274.86,$692.27,0.18594813344053,South,223.242
449,2012,HI,0.526,0.47,$425.05,$904.23,0.33103425153153,West,232.376
450,2012,ID,0.461,0.42,$256.18,$610.32,0.30667876264716,West,232.376
451,2012,IL,0.385,0.342,$276.13,$806.93,0.2663452557943,Midwest,219.1
452,2012,IN,0.492,0.443,$300.99,$678.96,0.20665630129009,Midwest,219.1
453,2013,AL,0.415,0.367,$214.98,$585.68,0.20789416110215,South,226.721
454,2013,AK,0.337,0.309,$237.80,$770.66,0.47007446704771,West,235.824
455,2013,AZ,0.414,0.34,$222.58,$654.99,0.16748825856095,West,235.824
456,2013,AR,0.518,0.482,$298.66,$619.71,0.30681955345916,South,226.721
457,2013,CA,0.473,0.389,$313.13,$804.33,0.27595312853868,West,235.824
458,2013,CO,0.504,0.446,$368.89,$826.57,0.21258953404007,West,235.824
459,2013,CT,0.443,0.43,$333.71,$775.51,0.34380165788557,Northeast,249.038
460,2013,DE,0.425,0.375,$252.65,$673.57,0.30572594969803,South,226.721
461,2013,DC,0.386,0.317,$301.53,$951.26,0.17075524132402,South,226.721
462,2013,FL,0.434,0.375,$236.20,$630.29,0.15625548517455,South,226.721
463,2013,GA,0.481,0.412,$268.85,$653.20,0.16087684070166,South,226.721
464,2013,HI,0.545,0.475,$431.90,$909.68,0.36675736585065,West,235.824
465,2013,ID,0.473,0.433,$268.65,$620.04,0.25833945835925,West,235.824
466,2013,IL,0.395,0.347,$284.57,$819.83,0.25488840498501,Midwest,222.17
467,2013,IN,0.367,0.344,$252.80,$734.38,0.19546791510121,Midwest,222.17
468,2014,AL,0.411,0.363,$217.11,$597.38,0.19192626296445,South,230.552
469,2014,AK,0.346,0.3,$240.94,$803.42,0.43368771767563,West,240.215
470,2014,AZ,0.415,0.313,$225.35,$719.21,0.17749918787425,West,240.215
471,2014,AR,0.511,0.481,$295.24,$613.66,0.30774321755234,South,230.552
472,2014,CA,0.465,0.348,$312.81,$898.09,0.30776556260808,West,240.215
473,2014,CO,0.505,0.46,$377.83,$820.72,0.25232252450412,West,240.215
474,2014,CT,0.433,0.413,$333.18,$807.61,0.38071775491524,Northeast,252.463
475,2014,DE,0.413,0.371,$250.66,$675.33,0.32618040750708,South,230.552
476,2014,DC,0.395,0.33,$302.19,$914.66,0.16318237727587,South,230.552
477,2014,GA,0.458,0.383,$272.57,$711.49,0.14297575816449,South,230.552
478,2014,HI,0.562,0.481,$440.23,$914.33,0.34779385380927,West,240.215
479,2014,ID,0.495,0.454,$287.12,$632.95,0.3216817705212,West,240.215
480,2014,IL,0.387,0.334,$290.82,$870.27,0.28676806853174,Midwest,225.425
481,2014,IN,0.37,0.347,$259.43,$747.97,0.18825733920894,Midwest,225.425
482,2015,AL,0.39,0.308,$221.85,$720.25,0.17827950086679,South,230.147
483,2015,AK,0.323,0.288,$251.95,$875.10,0.38370249942348,West,243.015
484,2015,AZ,0.416,0.335,$224.11,$669.07,0.1659534492664,West,243.015
485,2015,AR,0.508,0.474,$309.98,$654.59,0.32558105692832,South,230.147
486,2015,CA,0.456,0.368,$319.07,$866.08,0.31960249674051,West,243.015
487,2015,CO,0.506,0.444,$400.28,$901.30,0.2846853636132,West,243.015
488,2015,CT,0.438,0.411,$344.72,$838.62,0.38465627064088,Northeast,252.185
489,2015,DE,0.406,0.361,$257.06,$712.90,0.31941366362334,South,230.147
490,2015,DC,0.388,0.318,$303.38,$955.50,0.1516138598661,South,230.147
491,2015,FL,0.421,0.354,$239.28,$675.55,0.11670956889217,South,230.147
492,2015,GA,0.456,0.377,$280.36,$743.87,0.13626388656816,South,230.147
493,2015,HI,0.549,0.463,$447.36,$965.70,0.33165236162251,West,243.015
494,2015,ID,0.493,0.463,$296.84,$641.38,0.28603427744282,West,243.015
495,2015,IL,0.386,0.342,$301.88,$882.38,0.30159045123344,Midwest,224.21
496,2015,IN,0.36,0.338,$261.81,$775.65,0.180677529222,Midwest,224.21
497,2016,AL,0.395,0.341,$223.64,$655.75,0.17086842933577,South,232.692
498,2016,AK,0.321,0.285,$261.01,$914.84,0.39585981365744,West,247.705
499,2016,AZ,0.398,0.324,$227.32,$702.67,0.17157688399113,West,247.705
500,2016,AR,0.413,0.386,$272.18,$704.22,0.32263835819226,South,232.692
501,2016,CA,0.461,0.363,$328.90,$906.42,0.34599202330523,West,247.705
502,2016,CO,0.503,0.438,$422.71,$965.30,0.3077287950927,West,247.705
503,2016,CT,0.44,0.419,$359.72,$859.49,0.42459458083803,Northeast,254.85
504,2016,DE,0.395,0.337,$256.90,$761.96,0.30294752882662,South,232.692
505,2016,DC,0.395,0.324,$312.22,$964.76,0.15580754281635,South,232.692
506,2016,FL,0.414,0.346,$243.85,$704.37,0.099619172423711,South,232.692
507,2016,GA,0.461,0.369,$285.94,$775.73,0.12337427236406,South,232.692
508,2016,HI,0.561,0.479,$458.10,$955.85,0.35690616967213,West,247.705
509,2016,ID,0.476,0.437,$310.14,$709.62,0.26870086950112,West,247.705
510,2016,IL,0.388,0.342,$314.91,$921.18,0.2999637749135,Midwest,226.115
511,2016,IN,0.371,0.343,$276.12,$804.69,0.18571512966146,Midwest,226.115
512,2017,AL,0.377,0.311,$225.22,$724.76,0.1819330696416,South,237.456
513,2017,AK,0.327,0.288,$256.50,$890.27,0.36031233440814,West,254.738
514,2017,AZ,0.396,0.327,$229.93,$702.73,0.1742296746832,West,254.738
515,2017,AR,0.411,0.395,$278.10,$704.42,0.27972585962045,South,237.456
516,2017,CA,0.475,0.386,$333.93,$865.35,0.38095097699506,West,254.738
517,2017,CO,0.504,0.435,$429.04,$986.94,0.30276099373333,West,254.738
518,2017,CT,0.437,0.394,$376.85,$956.46,0.4440500120535,Northeast,259.538
519,2017,DE,0.406,0.348,$265.15,$762.48,0.27353281109542,South,237.456
520,2017,DC,0.39,0.319,$353.45,"$1,106.95",0.16808507846498,South,237.456
521,2017,FL,0.41,0.348,$246.11,$707.90,0.10422989258981,South,237.456
522,2017,GA,0.451,0.359,$292.64,$814.64,0.12236042823129,South,237.456
523,2017,HI,0.525,0.446,$496.49,"$1,112.50",0.49566863905325,West,254.738
524,2017,ID,0.494,0.445,$317.92,$715.03,0.28575983369065,West,254.738
525,2017,IL,0.392,0.34,$332.88,$980.14,0.33414342036517,Midwest,229.874
526,2017,IN,0.368,0.342,$283.64,$829.31,0.20240040799077,Midwest,229.874
527,2018,AL,0.389,0.339,$225.70,$665.09,0.18889062170346,South,242.737
528,2018,AK,0.321,0.281,$249.02,$885.49,0.33464333646701,West,263.263
529,2018,AZ,0.386,0.294,$233.24,$794.56,0.15734762161125,West,263.263
530,2018,AR,0.408,0.39,$272.36,$698.90,0.24585030112743,South,242.737
531,2018,CA,0.46,0.366,$344.30,$941.55,0.40123554888831,West,263.263
532,2018,CO,0.49,0.424,$437.80,"$1,032.59",0.21530378031238,West,263.263
533,2018,CT,0.444,0.416,$383.47,$921.44,0.46702440586575,Northeast,265.139
534,2018,DE,0.393,0.339,$264.30,$778.81,0.29859525581031,South,242.737
535,2018,DC,0.398,0.325,$360.63,"$1,111.17",0.19422431657665,South,242.737
536,2018,FL,0.392,0.316,$249.03,$788.83,0.10728713690723,South,242.737
537,2018,GA,0.43,0.348,$291.95,$839.47,0.13305421185994,South,242.737
538,2018,HI,0.557,0.461,$514.48,"$1,115.82",0.42230303741438,West,263.263
539,2018,ID,0.484,0.444,$322.09,$725.42,0.26034227592309,West,263.263
540,2018,IL,0.385,0.334,$335.93,"$1,005.29",0.34279577697015,Midwest,234.29
541,2018,IN,0.374,0.338,$296.67,$877.83,0.1823503219035,Midwest,234.29
542,2019,AL,0.381,0.327,$232.06,$709.27,0.21690463077852,South,246.265
543,2019,AK,0.308,0.274,$255.47,$930.92,0.30910645367743,West,270.35
544,2019,AZ,0.367,0.304,$233.91,$769.81,0.13816271519481,West,270.35
545,2019,AR,0.397,0.377,$270.74,$717.34,0.24474020690457,South,246.265
546,2019,CA,0.441,0.346,$345.43,$997.22,0.4054291906759,West,270.35
547,2019,CO,0.484,0.421,$453.89,"$1,077.55",0.22393914955073,West,270.35
548,2019,CT,0.447,0.418,$394.87,$945.01,0.46436505186785,Northeast,269.392
549,2019,DE,0.39,0.338,$272.55,$805.30,0.28875637235052,South,246.265
550,2019,DC,0.386,0.322,$358.73,"$1,114.70",0.24876381619319,South,246.265
551,2019,FL,0.38,0.311,$251.62,$809.71,0.10884826014576,South,246.265
552,2019,GA,0.441,0.335,$304.36,$908.85,0.14020077331218,South,246.265
553,2019,HI,0.544,0.466,$535.50,"$1,149.85",0.39017855819263,West,270.35
554,2019,ID,0.493,0.463,$340.65,$736.51,0.24392935320849,West,270.35
555,2019,IL,0.382,0.326,$351.06,"$1,076.04",0.36377092421075,Midwest,237.776
556,2019,IN,0.367,0.332,$300.59,$905.65,0.17710905766053,Midwest,237.776
557,2020,AL,0.449,0.386,$241.50,$625.09,0.5125840777555,South,248.639
558,2020,AK,0.319,0.268,$252.45,$940.54,0.83332899654687,West,275.057
559,2020,AZ,0.363,0.308,$236.06,$766.40,0.49035665131835,West,275.057
560,2020,AR,0.394,0.378,$241.90,$640.71,0.6257617280757,South,248.639
561,2020,CA,0.405,0.343,$307.50,$895.49,0.95196301571311,West,275.057
562,2020,CO,0.486,0.427,$398.39,$931.93,0.6502833132135,West,275.057
563,2020,CT,0.397,0.37,$311.75,$842.75,0.97417064331191,Northeast,272.908
564,2020,DE,0.392,0.371,$250.74,$675.51,0.72167940159084,South,248.639
565,2020,DC,0.431,0.393,$347.41,$884.98,1.2895650733843,South,248.639
566,2020,FL,0.406,0.343,$234.59,$683.90,0.43467262029246,South,248.639
567,2020,GA,0.444,0.399,$262.09,$657.13,1.2062303393088,South,248.639
568,2020,HI,0.619,0.554,$451.63,$815.81,0.93342694161494,West,275.057
569,2020,ID,0.497,0.457,$320.87,$701.78,0.45619588644736,West,275.057
570,2020,IL,0.388,0.343,$301.93,$881.06,0.66896794751188,Midwest,240.04
571,2020,IN,0.351,0.326,$233.81,$716.85,0.61591722219979,Midwest,240.04
572,2021,AL,0.454,0.361,$259.02,$717.63,0.19795207855625,South,261.259
573,2021,AK,0.306,0.273,$258.88,$946.65,0.40828243352112,West,287.494
574,2021,AZ,0.342,0.287,$237.44,$828.53,0.22975105874546,West,287.494
575,2021,AR,0.369,0.356,$249.35,$700.70,0.33161013079936,South,261.259
576,2021,CA,0.416,0.347,$331.40,$955.58,0.42866496341158,West,287.494
577,2021,CO,0.474,0.435,$431.37,$992.19,0.31133048516548,West,287.494
578,2021,CT,0.397,0.36,$350.07,$972.69,0.42003027898729,Northeast,283.557
579,2021,DE,0.381,0.347,$283.69,$816.67,0.33837293514108,South,261.259
580,2021,DC,0.388,0.319,$367.25,"$1,152.35",0.63622287776463,South,261.259
581,2021,FL,0.371,0.309,$239.22,$773.36,0.20357189251709,South,261.259
582,2021,GA,0.456,0.399,$285.72,$715.81,0.51045773722947,South,261.259
583,2021,HI,0.57,0.476,$490.30,"$1,030.44",0.4064677235148,West,287.494
584,2021,ID,0.474,0.44,$354.34,$804.97,0.22083362989684,West,287.494
585,2021,IL,0.376,0.342,$325.66,$952.84,0.47526671939412,Midwest,252.242
586,2021,IN,0.331,0.311,$260.82,$838.90,0.34423155053115,Midwest,252.242
587,2022,AL,0.369,0.317,$242.41,$765.64,0.090730472695192,South,283.666
588,2022,AK,0.297,0.264,$271.71,"$1,029.61",0.28033838637558,West,310.509
589,2022,AZ,0.355,0.301,$257.85,$857.17,0.12529229951183,West,310.509
590,2022,AR,0.377,0.342,$283.48,$828.37,0.18236476056299,South,283.666
591,2022,CA,0.42,0.332,$366.83,"$1,105.74",0.41830460101615,West,310.509
592,2022,CO,0.484,0.433,$497.40,"$1,149.77",0.21974750804164,West,310.509
593,2022,CT,0.434,0.38,$427.68,"$1,125.92",0.27461583986161,Northeast,303.32
594,2022,DE,0.385,0.353,$316.11,$894.61,0.16974636055435,South,283.666
595,2022,DC,0.365,0.27,$389.24,"$1,442.21",0.18820669893595,South,283.666
596,2022,FL,0.35,0.295,$251.20,$850.42,0.11512414105984,South,283.666
597,2022,GA,0.411,0.337,$327.49,$972.52,0.23061997605203,South,283.666
598,2022,HI,0.513,0.422,$541.46,"$1,283.67",0.2919394327317,West,310.509
599,2022,ID,0.485,0.444,$393.27,$885.09,0.17976596465677,West,310.509
600,2022,IL,0.38,0.341,$386.30,"$1,133.03",0.25024074592849,Midwest,272.401
601,2022,IN,0.339,0.309,$297.24,$962.83,0.19956393549573,Midwest,272.401
602,2023,AL,0.348,0.298,$250.84,$840.36,0.16210600732159,South,296.422
603,2023,AK,0.296,0.268,$281.56,"$1,052.57",0.25752923948659,West,323.834
604,2023,AZ,0.366,0.301,$310.48,"$1,030.70",0.18118094005813,West,323.834
605,2023,AR,0.39,0.353,$308.18,$872.82,0.20962315528437,South,296.422
606,2023,CA,0.372,0.281,$384.56,"$1,370.95",0.4235679889213,West,323.834
607,2023,CO,0.5,0.429,$598.00,"$1,394.60",0.27155905557038,West,323.834
608,2023,CT,0.43,0.378,$486.09,"$1,285.47",0.42514165481209,Northeast,313.786
609,2023,DE,0.443,0.431,$347.81,$807.09,0.22770352778857,South,296.422
610,2023,DC,0.343,0.268,$404.76,"$1,511.83",0.24739332133091,South,296.422
611,2023,FL,0.33,0.263,$261.28,$991.91,0.11610048131653,South,296.422
612,2023,GA,0.37,0.29,$340.57,"$1,175.28",0.18944505176572,South,296.422
613,2023,HI,0.61,0.493,$612.31,"$1,242.99",0.40693757605572,West,323.834
614,2023,ID,0.484,0.43,$431.21,"$1,002.54",0.20798658228967,West,323.834
615,2023,IL,0.398,0.357,$440.54,"$1,234.05",0.30555431054552,Midwest,282.76
616,2023,IN,0.398,0.341,$327.34,$960.74,0.19771153187605,Midwest,282.76
617,2000,IA,0.518,0.47,$229.30,$487.38,0.45167644061341,Midwest,168.3
618,2000,KS,0.529,0.441,$248.08,$562.65,0.29631998635453,Midwest,168.3
619,2000,KY,0.505,0.465,$233.36,$501.71,0.31319400553123,South,167.2
620,2000,LA,0.442,0.396,$186.00,$470.28,0.22960018070207,South,167.2
621,2000,ME,0.512,0.466,$200.63,$430.08,0.39376441773702,Northeast,179.4
622,2000,MD,0.461,0.393,$207.92,$529.42,0.29183831429671,South,167.2
623,2000,MA,0.466,0.428,$280.69,$655.60,0.63767645663563,Northeast,179.4
624,2000,MI,0.476,0.426,$245.35,$575.30,0.43419663349932,Midwest,168.3
625,2000,MN,0.487,0.457,$284.53,$622.36,0.36875455106639,Midwest,168.3
626,2000,MS,0.466,0.427,$156.91,$367.09,0.28074094154518,South,167.2
627,2000,MO,0.437,0.386,$186.44,$483.50,0.41440965750913,Midwest,168.3
628,2000,MT,0.434,0.41,$193.63,$472.26,0.34374940839161,West,174.8
629,2000,NE,0.472,0.427,$187.12,$438.02,0.27919640463366,Midwest,168.3
630,2000,NV,0.458,0.402,$237.95,$591.51,0.44269884063201,West,174.8
631,2000,NH,0.419,0.393,$218.10,$555.22,0.17083107868171,Northeast,179.4
632,2001,IA,0.522,0.485,$240.98,$497.20,0.52276912574339,Midwest,172.8
633,2001,KS,0.524,0.452,$263.78,$583.84,0.35359914664387,Midwest,172.8
634,2001,KY,0.525,0.485,$253.14,$521.90,0.35822422426079,South,171.1
635,2001,LA,0.477,0.42,$200.72,$477.65,0.24656190477587,South,171.1
636,2001,ME,0.498,0.44,$216.29,$491.42,0.43046045234698,Northeast,184.4
637,2001,MD,0.458,0.387,$228.92,$591.95,0.32642459712195,South,171.1
638,2001,MA,0.484,0.418,$327.40,$783.09,0.69684323662163,Northeast,184.4
639,2001,MI,0.477,0.421,$257.26,$611.42,0.50966797511033,Midwest,172.8
640,2001,MN,0.49,0.454,$312.84,$689.11,0.46194718362468,Midwest,172.8
641,2001,MS,0.461,0.419,$164.55,$392.38,0.37687931041779,South,171.1
642,2001,MO,0.438,0.383,$204.76,$535.11,0.41239468073583,Midwest,172.8
643,2001,MT,0.436,0.416,$200.44,$481.59,0.40614117409818,West,181.2
644,2001,NE,0.475,0.437,$206.61,$472.44,0.347422093457,Midwest,172.8
645,2001,NV,0.502,0.414,$247.90,$598.88,0.47139349379205,West,181.2
646,2001,NH,0.428,0.369,$245.69,$666.43,0.27154104064941,Northeast,184.4
647,2002,IA,0.508,0.467,$245.63,$525.89,0.48328007964041,Midwest,174.9
648,2002,KS,0.51,0.457,$278.14,$608.07,0.39355722667002,Midwest,174.9
649,2002,KY,0.526,0.47,$262.88,$558.74,0.36631087600788,South,173.3
650,2002,LA,0.469,0.426,$203.71,$478.37,0.30236332046595,South,173.3
651,2002,ME,0.514,0.468,$225.49,$481.81,0.42533780877974,Northeast,188.2
652,2002,MD,0.461,0.37,$233.41,$630.45,0.35170478703885,South,173.3
653,2002,MA,0.461,0.415,$356.33,$858.64,0.64840932110575,Northeast,188.2
654,2002,MI,0.481,0.428,$275.27,$643.56,0.48425903265664,Midwest,174.9
655,2002,MN,0.481,0.431,$318.25,$737.98,0.48063673609901,Midwest,174.9
656,2002,MS,0.46,0.408,$170.41,$417.64,0.33554121242136,South,173.3
657,2002,MO,0.429,0.36,$209.51,$581.91,0.41707387725739,Midwest,174.9
658,2002,MT,0.439,0.4,$216.18,$539.89,0.43942595662603,West,184.7
659,2002,NE,0.452,0.407,$213.06,$523.02,0.3735538780738,Midwest,174.9
660,2002,NV,0.491,0.419,$247.27,$589.58,0.48794562820549,West,184.7
661,2002,NH,0.424,0.37,$267.13,$722.66,0.31601050476069,Northeast,188.2
662,2003,IA,0.528,0.485,$251.46,$518.65,0.44235480938852,Midwest,178.3
663,2003,KS,0.505,0.447,$282.53,$631.67,0.38602540930886,Midwest,178.3
664,2003,KY,0.523,0.478,$260.45,$544.55,0.32624537484356,South,177.3
665,2003,LA,0.445,0.398,$204.15,$513.15,0.28827863678088,South,177.3
666,2003,ME,0.499,0.437,$233.28,$534.42,0.37066602199049,Northeast,193.5
667,2003,MD,0.453,0.39,$247.50,$634.50,0.35002992276634,South,177.3
668,2003,MA,0.458,0.423,$345.21,$816.51,0.55093066846896,Northeast,193.5
669,2003,MI,0.501,0.453,$292.48,$645.96,0.43393639190948,Midwest,178.3
670,2003,MN,0.48,0.44,$323.33,$734.10,0.43788376261095,Midwest,178.3
671,2003,MS,0.453,0.415,$175.95,$423.63,0.32965059039153,South,177.3
672,2003,MO,0.427,0.345,$208.60,$604.48,0.40636920255547,Midwest,178.3
673,2003,MT,0.45,0.415,$221.26,$533.78,0.44561487814448,West,188.6
674,2003,NE,0.486,0.441,$216.62,$491.17,0.37666429576719,Midwest,178.3
675,2003,NV,0.485,0.41,$255.61,$623.21,0.45919737464205,West,188.6
676,2003,NH,0.419,0.369,$268.88,$729.21,0.30124294019478,Northeast,193.5
677,2004,IA,0.533,0.497,$250.96,$505.44,0.36461128507546,Midwest,182.6
678,2004,KS,0.52,0.458,$272.30,$594.24,0.29250041001651,Midwest,182.6
679,2004,KY,0.523,0.462,$266.64,$577.15,0.30913861199345,South,181.8
680,2004,LA,0.445,0.408,$199.40,$489.02,0.29382190428575,South,181.8
681,2004,ME,0.489,0.43,$234.81,$545.82,0.35660264547012,Northeast,200.2
682,2004,MD,0.464,0.4,$253.62,$633.72,0.30407718435885,South,181.8
683,2004,MA,0.464,0.422,$343.93,$814.59,0.5318027995849,Northeast,200.2
684,2004,MI,0.489,0.444,$287.28,$647.41,0.41013136102711,Midwest,182.6
685,2004,MN,0.472,0.435,$312.67,$718.96,0.37513791190474,Midwest,182.6
686,2004,MS,0.45,0.395,$174.32,$441.81,0.27535163947266,South,181.8
687,2004,MO,0.425,0.365,$207.59,$568.56,0.33660931273223,Midwest,182.6
688,2004,MT,0.464,0.427,$227.77,$533.79,0.38711087844952,West,193.0
689,2004,NE,0.476,0.442,$215.83,$488.67,0.34081607291854,Midwest,182.6
690,2004,NV,0.486,0.425,$257.84,$606.47,0.42898446460682,West,193.0
691,2004,NH,0.41,0.371,$256.37,$690.57,0.27411413498801,Northeast,200.2
692,2005,IA,0.518,0.474,$257.16,$542.98,0.34926289561727,Midwest,188.4
693,2005,KS,0.524,0.464,$281.55,$607.29,0.26988392192613,Midwest,188.4
694,2005,KY,0.519,0.476,$279.44,$586.47,0.25927564192525,South,188.3
695,2005,LA,0.451,0.395,$205.37,$519.65,0.44206990956907,South,188.3
696,2005,ME,0.514,0.45,$243.63,$540.95,0.31325464028946,Northeast,207.5
697,2005,MD,0.464,0.4,$254.51,$636.53,0.27304783080027,South,188.3
698,2005,MA,0.468,0.406,$346.45,$852.98,0.50504175890414,Northeast,207.5
699,2005,MI,0.475,0.432,$287.62,$666.20,0.40537380632011,Midwest,188.4
700,2005,MN,0.484,0.447,$323.81,$724.97,0.39495097565045,Midwest,188.4
701,2005,MS,0.465,0.414,$173.36,$418.65,0.28799887592417,South,188.3
702,2005,MO,0.415,0.351,$209.62,$596.79,0.30896559417949,Midwest,188.4
703,2005,MT,0.468,0.449,$236.64,$526.83,0.3752048665323,West,198.9
704,2005,NE,0.493,0.461,$227.50,$493.49,0.32344677099006,Midwest,188.4
705,2005,NV,0.457,0.399,$273.94,$685.97,0.36330967530688,West,198.9
706,2005,NH,0.414,0.375,$258.46,$689.58,0.24777762123571,Northeast,207.5
707,2006,IA,0.535,0.492,$268.40,$546.03,0.3984721410976,Midwest,193.0
708,2006,KS,0.529,0.476,$293.83,$617.32,0.26859676792794,Midwest,193.0
709,2006,KY,0.525,0.486,$283.51,$583.80,0.26338806822635,South,194.7
710,2006,LA,0.436,0.339,$200.69,$592.13,0.31958706752667,South,194.7
711,2006,ME,0.49,0.455,$248.38,$546.20,0.30166590460254,Northeast,215.0
712,2006,MD,0.462,0.402,$275.38,$685.22,0.27072120177003,South,194.7
713,2006,MA,0.47,0.436,$356.89,$818.93,0.4911550170155,Northeast,215.0
714,2006,MI,0.484,0.44,$288.94,$656.32,0.4184127075068,Midwest,193.0
715,2006,MN,0.5,0.469,$332.88,$710.32,0.3927532002135,Midwest,193.0
716,2006,MS,0.482,0.361,$182.40,$505.03,0.27231795942699,South,194.7
717,2006,MO,0.416,0.357,$214.15,$600.47,0.31193273992688,Midwest,193.0
718,2006,MT,0.467,0.462,$242.54,$525.45,0.4290428373741,West,205.7
719,2006,NE,0.472,0.427,$227.58,$532.61,0.35324219284103,Midwest,193.0
720,2006,NV,0.497,0.424,$290.46,$685.18,0.35897902104594,West,205.7
721,2006,NH,0.396,0.36,$260.86,$724.50,0.26530546144727,Northeast,215.0
722,2007,IA,0.529,0.487,$279.19,$572.77,0.40020413580896,Midwest,198.123
723,2007,KS,0.522,0.416,$304.65,$732.67,0.27820301694506,Midwest,198.123
724,2007,KY,0.538,0.511,$296.91,$580.50,0.2830522646399,South,200.361
725,2007,LA,0.414,0.255,$207.71,$814.31,0.24612940618193,South,200.361
726,2007,ME,0.464,0.431,$256.24,$594.69,0.31914336667016,Northeast,220.512
727,2007,MD,0.453,0.393,$279.18,$711.14,0.33075170268312,South,200.361
728,2007,MA,0.467,0.432,$366.93,$849.34,0.52513043863683,Northeast,220.512
729,2007,MI,0.49,0.443,$292.37,$660.51,0.39724156321599,Midwest,198.123
730,2007,MN,0.482,0.447,$340.18,$760.20,0.38516548838944,Midwest,198.123
731,2007,MS,0.437,0.318,$178.56,$561.73,0.24569786548892,South,200.361
732,2007,MO,0.427,0.354,$227.30,$642.77,0.30202689793678,Midwest,198.123
733,2007,MT,0.453,0.435,$253.02,$581.08,0.42694257331171,West,212.23
734,2007,NE,0.47,0.441,$228.82,$518.33,0.33996955667041,Midwest,198.123
735,2007,NV,0.514,0.455,$301.98,$663.38,0.40471370559039,West,212.23
736,2007,NH,0.415,0.37,$265.65,$717.85,0.29007338721711,Northeast,220.512
737,2008,IA,0.538,0.497,$290.05,$584.06,0.41951048976113,Midwest,205.382
738,2008,KS,0.518,0.459,$315.73,$688.32,0.3220214425838,Midwest,205.382
739,2008,KY,0.537,0.511,$312.94,$611.97,0.30220359719654,South,208.681
740,2008,LA,0.42,0.378,$213.20,$563.60,0.27244158895819,South,208.681
741,2008,ME,0.514,0.477,$265.91,$557.06,0.33701080619587,Northeast,229.306
742,2008,MD,0.466,0.413,$302.49,$732.03,0.3653817609156,South,208.681
743,2008,MA,0.463,0.435,$382.88,$879.75,0.52301987539236,Northeast,229.306
744,2008,MI,0.486,0.43,$297.97,$693.42,0.40747520421231,Midwest,205.382
745,2008,MN,0.48,0.444,$342.09,$771.04,0.37692411844955,Midwest,205.382
746,2008,MS,0.434,0.388,$184.68,$475.41,0.29225904311196,South,208.681
747,2008,MO,0.42,0.359,$247.43,$688.81,0.31032237603346,Midwest,205.382
748,2008,MT,0.477,0.461,$269.65,$584.61,0.40180473649924,West,219.646
749,2008,NE,0.462,0.427,$237.68,$557.14,0.33570980368483,Midwest,205.382
750,2008,NV,0.497,0.427,$313.77,$734.61,0.42341409454204,West,219.646
751,2008,NH,0.43,0.4,$275.78,$688.80,0.36587958591231,Northeast,229.306
752,2009,IA,0.529,0.481,$303.98,$632.04,0.4874299201598,Midwest,204.064
753,2009,KS,0.536,0.487,$340.61,$699.63,0.45706860640501,Midwest,204.064
754,2009,KY,0.542,0.515,$317.92,$617.65,0.32724565144168,South,207.845
755,2009,LA,0.436,0.339,$231.66,$683.47,0.38597966049175,South,207.845
756,2009,ME,0.52,0.488,$283.83,$582.10,0.36281489684671,Northeast,229.343
757,2009,MD,0.476,0.41,$309.32,$753.92,0.36375268011866,South,207.845
758,2009,MA,0.47,0.438,$404.73,$924.51,0.51355610254853,Northeast,229.343
759,2009,MI,0.479,0.425,$306.08,$720.37,0.41270130455251,Midwest,204.064
760,2009,MN,0.486,0.454,$359.84,$792.82,0.4560041172406,Midwest,204.064
761,2009,MS,0.42,0.376,$196.49,$522.40,0.36817007642608,South,207.845
762,2009,MO,0.413,0.354,$258.39,$729.06,0.35968467627193,Midwest,204.064
763,2009,MT,0.481,0.465,$268.55,$577.87,0.5266423224406,West,218.822
764,2009,NE,0.462,0.417,$246.23,$589.91,0.42662719747338,Midwest,204.064
765,2009,NV,0.498,0.426,$321.11,$753.38,0.44890931934992,West,218.822
766,2009,NH,0.432,0.398,$289.74,$727.83,0.49364819348901,Northeast,229.343
767,2010,IA,0.533,0.482,$305.24,$633.06,0.39427405926187,Midwest,208.046
768,2010,KS,0.527,0.473,$336.29,$711.21,0.35060432224135,Midwest,208.046
769,2010,KY,0.494,0.462,$300.56,$650.97,0.23388634484955,South,211.338
770,2010,LA,0.416,0.28,$213.14,$762.42,0.35292313368808,South,211.338
771,2010,ME,0.501,0.464,$280.62,$605.31,0.30693035118407,Northeast,233.868
772,2010,MD,0.473,0.413,$316.01,$765.49,0.3009845248741,South,211.338
773,2010,MA,0.46,0.431,$384.47,$891.77,0.41300989037122,Northeast,233.868
774,2010,MI,0.493,0.427,$297.25,$696.71,0.27557410651419,Midwest,208.046
775,2010,MN,0.472,0.436,$355.77,$815.22,0.36929175791232,Midwest,208.046
776,2010,MS,0.419,0.37,$193.79,$523.98,0.27285938003263,South,211.338
777,2010,MO,0.413,0.362,$248.95,$687.81,0.25960622083167,Midwest,208.046
778,2010,MT,0.471,0.457,$277.05,$606.85,0.46890152648908,West,221.203
779,2010,NE,0.446,0.411,$250.15,$608.74,0.4027238808627,Midwest,208.046
780,2010,NV,0.463,0.391,$325.30,$831.12,0.28655305489189,West,221.203
781,2010,NH,0.418,0.379,$276.34,$728.97,0.40287426623673,Northeast,233.868
782,2011,IA,0.525,0.472,$306.55,$649.08,0.34137273596491,Midwest,214.743
783,2011,KS,0.515,0.462,$326.75,$707.89,0.30523283706765,Midwest,214.743
784,2011,KY,0.508,0.473,$300.47,$635.29,0.20872539282928,South,218.618
785,2011,LA,0.375,0.297,$198.74,$669.62,0.29126455304091,South,218.618
786,2011,ME,0.501,0.463,$280.98,$606.32,0.29293843618813,Northeast,240.997
787,2011,MD,0.484,0.427,$322.65,$755.09,0.27570991670369,South,218.618
788,2011,MA,0.468,0.431,$378.37,$878.07,0.3912174823591,Northeast,240.997
789,2011,MI,0.493,0.442,$289.07,$654.11,0.26362175613923,Midwest,214.743
790,2011,MN,0.458,0.426,$346.31,$812.63,0.33860160989056,Midwest,214.743
791,2011,MS,0.425,0.384,$193.56,$503.42,0.23192086545068,South,218.618
792,2011,MO,0.412,0.362,$242.58,$670.58,0.23285288613517,Midwest,214.743
793,2011,MT,0.463,0.445,$279.11,$627.63,0.40612439800612,West,227.485
794,2011,NE,0.466,0.427,$259.32,$606.79,0.36837950988282,Midwest,214.743
795,2011,NV,0.466,0.405,$309.81,$764.30,0.22280027833986,West,227.485
796,2011,NH,0.41,0.38,$273.38,$718.93,0.29930485459871,Northeast,240.997
797,2012,IA,0.53,0.493,$316.01,$640.65,0.34117172619336,Midwest,219.1
798,2012,KS,0.543,0.499,$325.95,$652.81,0.3180344091447,Midwest,219.1
799,2012,KY,0.489,0.445,$301.77,$678.85,0.21421057641141,South,223.242
800,2012,LA,0.399,0.345,$199.08,$576.36,0.24417520308339,South,223.242
801,2012,ME,0.505,0.458,$286.29,$624.65,0.2878164175717,Northeast,245.698
802,2012,MD,0.481,0.428,$326.45,$763.37,0.28191148499806,South,223.242
803,2012,MA,0.485,0.459,$391.48,$852.49,0.41268644759065,Northeast,245.698
804,2012,MI,0.488,0.431,$290.80,$675.11,0.25765040254522,Midwest,219.1
805,2012,MN,0.482,0.449,$353.56,$787.87,0.35059223545073,Midwest,219.1
806,2012,MS,0.426,0.379,$192.95,$508.99,0.22936931674614,South,223.242
807,2012,MO,0.417,0.372,$244.88,$658.01,0.2421427830781,Midwest,219.1
808,2012,MT,0.465,0.402,$285.23,$709.45,0.4068584280742,West,232.376
809,2012,NE,0.474,0.454,$260.85,$574.99,0.34572681240971,Midwest,219.1
810,2012,NV,0.474,0.41,$305.93,$746.33,0.22210443287585,West,232.376
811,2012,NH,0.416,0.388,$280.63,$722.79,0.27153394954832,Northeast,245.698
812,2013,IA,0.532,0.498,$325.35,$653.13,0.33448265397997,Midwest,222.17
813,2013,KS,0.533,0.489,$341.57,$698.71,0.29914226692794,Midwest,222.17
814,2013,KY,0.468,0.432,$302.73,$700.23,0.20580361083207,South,226.721
815,2013,LA,0.391,0.338,$206.14,$609.92,0.18948456027448,South,226.721
816,2013,ME,0.514,0.47,$289.96,$616.86,0.2783136895744,Northeast,249.038
817,2013,MD,0.472,0.397,$328.47,$827.43,0.27962469237208,South,226.721
818,2013,MA,0.472,0.438,$398.82,$910.58,0.37024035816275,Northeast,249.038
819,2013,MI,0.498,0.436,$296.25,$679.73,0.22509365429013,Midwest,222.17
820,2013,MN,0.491,0.451,$372.32,$824.83,0.36749302079312,Midwest,222.17
821,2013,MS,0.416,0.377,$194.36,$516.20,0.21607158585031,South,226.721
822,2013,MO,0.426,0.383,$245.32,$639.89,0.23127439833218,Midwest,222.17
823,2013,MT,0.469,0.458,$302.95,$662.00,0.39604975378804,West,235.824
824,2013,NE,0.475,0.438,$273.39,$623.98,0.28831679207351,Midwest,222.17
825,2013,NV,0.481,0.404,$312.90,$774.62,0.22902475479077,West,235.824
826,2013,NH,0.404,0.368,$292.58,$795.73,0.22587936288439,Northeast,249.038
827,2014,IA,0.528,0.49,$336.82,$687.79,0.33170497625756,Midwest,225.425
828,2014,KS,0.533,0.489,$351.34,$718.96,0.28344603027204,Midwest,225.425
829,2014,KY,0.466,0.419,$302.66,$722.21,0.21471015518539,South,230.552
830,2014,LA,0.389,0.329,$207.35,$629.94,0.15678282912745,South,230.552
831,2014,ME,0.507,0.471,$294.00,$623.73,0.29472205066884,Northeast,252.463
832,2014,MD,0.476,0.413,$328.19,$794.09,0.29158505898301,South,230.552
833,2014,MA,0.479,0.443,$416.22,$940.48,0.40413860237972,Northeast,252.463
834,2014,MI,0.498,0.448,$296.42,$661.38,0.24515397027341,Midwest,225.425
835,2014,MN,0.49,0.446,$390.82,$876.74,0.40683110142953,Midwest,225.425
836,2014,MS,0.418,0.365,$199.17,$546.32,0.20082208178641,South,230.552
837,2014,MO,0.414,0.368,$245.26,$666.58,0.21669176057216,Midwest,225.425
838,2014,MT,0.463,0.448,$310.58,$693.60,0.37561809231414,West,240.215
839,2014,NE,0.481,0.45,$286.81,$637.22,0.26689301213722,Midwest,225.425
840,2014,NV,0.486,0.419,$314.62,$750.58,0.26547645058652,West,240.215
841,2014,NH,0.413,0.379,$293.47,$773.83,0.23537866888509,Northeast,252.463
842,2015,IA,0.532,0.483,$346.24,$717.49,0.36379449946712,Midwest,224.21
843,2015,KS,0.544,0.49,$365.58,$746.48,0.24895763576788,Midwest,224.21
844,2015,KY,0.473,0.422,$316.05,$749.31,0.22861627756581,South,230.147
845,2015,LA,0.373,0.313,$213.75,$682.25,0.16307423299055,South,230.147
846,2015,ME,0.509,0.469,$303.68,$647.31,0.29632486434446,Northeast,252.185
847,2015,MD,0.479,0.406,$333.05,$820.51,0.27458362121992,South,230.147
848,2015,MA,0.472,0.427,$425.88,$997.51,0.4194319661739,Northeast,252.185
849,2015,MI,0.492,0.42,$303.84,$724.11,0.2595233021335,Midwest,224.21
850,2015,MN,0.493,0.46,$406.24,$882.75,0.39997457099545,Midwest,224.21
851,2015,MS,0.407,0.354,$204.33,$577.18,0.17355278669865,South,230.147
852,2015,MO,0.418,0.375,$253.44,$676.65,0.21695689977745,Midwest,224.21
853,2015,MT,0.472,0.439,$330.44,$752.54,0.37571270704817,West,243.015
854,2015,NE,0.485,0.45,$300.42,$667.22,0.23948780065755,Midwest,224.21
855,2015,NV,0.499,0.432,$326.05,$755.44,0.27720820080945,West,243.015
856,2015,NH,0.391,0.351,$303.52,$864.74,0.20173254252124,Northeast,252.185
857,2016,IA,0.527,0.487,$362.17,$744.34,0.36776433899111,Midwest,226.115
858,2016,KS,0.525,0.473,$370.51,$783.63,0.22935896670745,Midwest,226.115
859,2016,KY,0.469,0.422,$325.99,$772.36,0.2242122293317,South,232.692
860,2016,LA,0.354,0.294,$216.87,$737.16,0.12160858469756,South,232.692
861,2016,ME,0.502,0.46,$316.92,$688.85,0.28634437776828,Northeast,254.85
862,2016,MD,0.479,0.412,$331.76,$806.08,0.2838313049269,South,232.692
863,2016,MA,0.463,0.427,$460.19,"$1,078.73",0.46771674050116,Northeast,254.85
864,2016,MI,0.49,0.426,$313.20,$735.40,0.26413178406277,Midwest,226.115
865,2016,MN,0.492,0.447,$427.37,$956.94,0.38905396180676,Midwest,226.115
866,2016,MS,0.398,0.342,$206.13,$603.01,0.17565539180624,South,232.692
867,2016,MO,0.42,0.373,$252.99,$677.68,0.20404520645292,Midwest,226.115
868,2016,MT,0.483,0.463,$342.55,$740.26,0.36798211893986,West,247.705
869,2016,NE,0.472,0.434,$315.00,$726.28,0.18410258334258,Midwest,226.115
870,2016,NV,0.502,0.427,$330.11,$772.80,0.28672339051695,West,247.705
871,2016,NH,0.388,0.34,$315.14,$925.82,0.20548390486072,Northeast,254.85
872,2017,IA,0.531,0.482,$380.12,$788.94,0.39996515098601,Midwest,229.874
873,2017,KS,0.5,0.443,$384.01,$866.26,0.21241806793588,Midwest,229.874
874,2017,KY,0.474,0.42,$331.10,$789.21,0.20006298977308,South,237.456
875,2017,LA,0.362,0.303,$215.65,$711.82,0.16581997219201,South,237.456
876,2017,ME,0.505,0.464,$331.81,$714.60,0.27329570435891,Northeast,259.538
877,2017,MD,0.467,0.401,$344.54,$859.36,0.27521935047939,South,237.456
878,2017,MA,0.461,0.415,$486.66,"$1,173.08",0.47011814822044,Northeast,259.538
879,2017,MI,0.471,0.401,$319.20,$796.67,0.26541394863422,Midwest,229.874
880,2017,MN,0.488,0.445,$444.58,$999.76,0.3968012286505,Midwest,229.874
881,2017,MS,0.395,0.312,$207.38,$664.05,0.16898998597758,South,237.456
882,2017,MO,0.406,0.342,$260.69,$761.73,0.23715197342247,Midwest,229.874
883,2017,MT,0.479,0.457,$352.16,$770.98,0.35717026163671,West,254.738
884,2017,NE,0.466,0.409,$325.84,$797.61,0.1866773423796,Midwest,229.874
885,2017,NV,0.505,0.425,$342.12,$805.80,0.30357205922623,West,254.738
886,2017,NH,0.381,0.329,$326.59,$993.90,0.18347850732054,Northeast,259.538
887,2018,IA,0.533,0.495,$381.41,$769.76,0.44162566798168,Midwest,234.29
888,2018,KS,0.516,0.451,$380.00,$842.64,0.19701267519553,Midwest,234.29
889,2018,KY,0.489,0.448,$358.17,$800.23,0.21436455958657,South,242.737
890,2018,LA,0.364,0.309,$212.76,$688.80,0.13174621212789,South,242.737
891,2018,ME,0.504,0.45,$341.45,$759.03,0.25182604020541,Northeast,265.139
892,2018,MD,0.473,0.41,$352.23,$859.30,0.24470411395126,South,242.737
893,2018,MA,0.464,0.423,$502.06,"$1,188.12",0.47243481351285,Northeast,265.139
894,2018,MI,0.463,0.414,$320.77,$775.36,0.26321964788738,Midwest,234.29
895,2018,MN,0.48,0.44,$451.98,"$1,026.40",0.44748132476837,Midwest,234.29
896,2018,MS,0.409,0.355,$208.30,$586.99,0.13953242993969,South,242.737
897,2018,MO,0.401,0.337,$265.81,$789.47,0.24466757100158,Midwest,234.29
898,2018,MT,0.48,0.465,$356.09,$765.47,0.35255697189573,West,263.263
899,2018,NE,0.477,0.427,$336.51,$788.72,0.17046773926906,Midwest,234.29
900,2018,NV,0.501,0.414,$350.08,$845.34,0.29913678371571,West,263.263
901,2018,NH,0.391,0.339,$331.62,$977.69,0.18051903259246,Northeast,265.139
902,2019,IA,0.525,0.482,$395.06,$819.09,0.41755675526976,Midwest,237.776
903,2019,KS,0.506,0.44,$390.08,$886.45,0.18555925915634,Midwest,237.776
904,2019,KY,0.495,0.449,$375.29,$835.71,0.20489977879747,South,246.265
905,2019,LA,0.339,0.288,$215.99,$748.80,0.12449892908341,South,246.265
906,2019,ME,0.517,0.478,$351.75,$735.97,0.26787988372413,Northeast,269.392
907,2019,MD,0.463,0.4,$356.79,$892.13,0.237732457503,South,246.265
908,2019,MA,0.485,0.435,$523.40,"$1,202.91",0.4925691636301,Northeast,269.392
909,2019,MI,0.451,0.382,$328.19,$858.57,0.26643849823032,Midwest,237.776
910,2019,MN,0.502,0.465,$467.63,"$1,005.38",0.39127151014375,Midwest,237.776
911,2019,MS,0.393,0.312,$212.53,$682.14,0.11973273594183,South,246.265
912,2019,MO,0.407,0.351,$268.75,$765.39,0.21218662371968,Midwest,237.776
913,2019,MT,0.49,0.463,$380.36,$820.87,0.35112460058091,West,270.35
914,2019,NE,0.463,0.428,$347.22,$811.98,0.13174809747735,Midwest,237.776
915,2019,NV,0.492,0.425,$373.41,$879.03,0.28335997951012,West,270.35
916,2019,NH,0.379,0.31,$337.97,"$1,090.88",0.16167468372643,Northeast,269.392
917,2020,IA,0.506,0.47,$349.77,$744.34,0.92723482083573,Midwest,240.04
918,2020,KS,0.503,0.423,$371.91,$879.73,0.67796935657346,Midwest,240.04
919,2020,KY,0.464,0.421,$310.73,$737.57,0.80209370265565,South,248.639
920,2020,LA,0.331,0.231,$187.58,$811.24,0.91770723877532,South,248.639
921,2020,ME,0.472,0.439,$322.52,$734.11,1.1599810235283,Northeast,272.908
922,2020,MD,0.489,0.443,$319.96,$722.50,0.64565424842932,South,248.639
923,2020,MA,0.438,0.433,$408.91,$945.26,0.89903045638892,Northeast,272.908
924,2020,MI,0.449,0.365,$307.50,$841.71,0.78111644666346,Midwest,240.04
925,2020,MN,0.495,0.46,$386.76,$840.56,1.0546150028833,Midwest,240.04
926,2020,MS,0.375,0.35,$186.74,$533.62,0.81930289958799,South,248.639
927,2020,MO,0.4,0.348,$245.47,$704.80,0.58607530588876,Midwest,240.04
928,2020,MT,0.494,0.467,$321.89,$689.45,0.81087497970338,West,275.057
929,2020,NE,0.466,0.45,$304.95,$677.06,0.60405127051167,Midwest,240.04
930,2020,NV,0.539,0.454,$374.22,$824.86,0.84868301540043,West,275.057
931,2020,NH,0.422,0.363,$274.36,$756.49,0.66144383076629,Northeast,272.908
932,2021,IA,0.489,0.451,$399.22,$885.54,0.36890202901848,Midwest,252.242
933,2021,KS,0.491,0.397,$445.25,"$1,121.90",0.34429568895669,Midwest,252.242
934,2021,KY,0.492,0.473,$404.85,$855.16,0.41204866536548,South,261.259
935,2021,LA,0.333,0.288,$186.93,$649.41,0.34723262484844,South,261.259
936,2021,ME,0.496,0.469,$361.22,$770.03,0.32167871159758,Northeast,283.557
937,2021,MD,0.432,0.372,$335.63,$901.69,0.25355248916307,South,261.259
938,2021,MA,0.45,0.418,$484.05,"$1,157.91",0.42777951181386,Northeast,283.557
939,2021,MI,0.452,0.394,$316.96,$804.77,0.3674544602956,Midwest,252.242
940,2021,MN,0.492,0.46,$426.66,$927.11,0.65685332323007,Midwest,252.242
941,2021,MS,0.376,0.333,$198.03,$595.36,0.30496064185102,South,261.259
942,2021,MO,0.36,0.316,$261.60,$827.23,0.30859849301198,Midwest,252.242
943,2021,MT,0.478,0.451,$383.00,$849.77,0.43655251246448,West,287.494
944,2021,NE,0.452,0.416,$354.48,$852.74,0.26406472557427,Midwest,252.242
945,2021,NV,0.479,0.396,$374.62,$945.09,0.50224756329433,West,287.494
946,2021,NH,0.369,0.333,$292.70,$877.84,0.27274056648603,Northeast,283.557
947,2022,IA,0.521,0.493,$462.67,$938.84,0.23451217549722,Midwest,272.401
948,2022,KS,0.509,0.45,$442.01,$982.73,0.1729547894111,Midwest,272.401
949,2022,KY,0.473,0.446,$435.86,$978.31,0.12081587940605,South,283.666
950,2022,LA,0.346,0.285,$221.27,$776.75,0.13932711141895,South,283.666
951,2022,ME,0.502,0.457,$410.38,$898.58,0.24249706754713,Northeast,303.32
952,2022,MD,0.422,0.371,$357.52,$962.74,0.18509677016646,South,283.666
953,2022,MA,0.475,0.426,$596.65,"$1,401.34",0.37935467530428,Northeast,303.32
954,2022,MI,0.417,0.361,$336.14,$929.96,0.21398061552013,Midwest,272.401
955,2022,MN,0.486,0.454,$516.22,"$1,137.37",0.52065359507675,Midwest,272.401
956,2022,MS,0.354,0.309,$216.58,$701.99,0.11618501197934,South,283.666
957,2022,MO,0.356,0.312,$277.28,$888.04,0.19175565318682,Midwest,272.401
958,2022,MT,0.489,0.465,$440.42,$947.85,0.3214099118151,West,310.509
959,2022,NE,0.459,0.427,$383.95,$898.53,0.15342057588563,Midwest,272.401
960,2022,NV,0.48,0.413,$414.85,"$1,003.66",0.19439675119233,West,310.509
961,2022,NH,0.332,0.285,$331.71,"$1,165.12",0.11174902006499,Northeast,303.32
962,2023,IA,0.533,0.477,$489.18,"$1,025.57",0.22440258284942,Midwest,282.76
963,2023,KS,0.517,0.448,$477.17,"$1,064.91",0.14750693614766,Midwest,282.76
964,2023,KY,0.494,0.458,$483.35,"$1,055.16",0.097575256283041,South,296.422
965,2023,LA,0.347,0.299,$243.83,$815.41,0.16008499231876,South,296.422
966,2023,ME,0.498,0.459,$457.58,$995.99,0.30127152242365,Northeast,313.786
967,2023,MD,0.412,0.346,$383.83,"$1,109.31",0.29437003375761,South,296.422
968,2023,MA,0.48,0.432,$679.44,"$1,572.14",0.51304773515204,Northeast,313.786
969,2023,MI,0.4,0.343,$341.75,$996.91,0.24651651297538,Midwest,282.76
970,2023,MN,0.477,0.445,$547.88,"$1,230.95",0.55288703200763,Midwest,282.76
971,2023,MS,0.339,0.299,$221.87,$741.62,0.17186748962066,South,296.422
972,2023,MO,0.344,0.288,$287.44,$997.50,0.18568680767517,Midwest,282.76
973,2023,MT,0.489,0.449,$483.94,"$1,076.73",0.35636816054959,West,323.834
974,2023,NE,0.47,0.443,$423.67,$957.02,0.17740860754393,Midwest,282.76
975,2023,NV,0.512,0.424,$461.51,"$1,088.12",0.24853935473963,West,323.834
976,2023,NH,0.342,0.278,$366.89,"$1,319.36",0.15501435193426,Northeast,313.786
977,2000,NJ,0.535,0.472,$286.17,$606.69,0.5404465583471,Northeast,179.4
978,2000,NM,0.481,0.434,$182.32,$420.37,0.2230286994157,West,174.8
979,2000,NY,0.485,0.428,$255.99,$598.06,0.35402092081706,Northeast,179.4
980,2000,NC,0.517,0.498,$223.47,$448.69,0.35139831313921,South,167.2
981,2000,ND,0.466,0.432,$213.76,$494.49,0.37992504555138,Midwest,168.3
982,2000,OH,0.425,0.395,$227.72,$576.80,0.30207674334253,Midwest,168.3
983,2000,OK,0.513,0.455,$217.66,$478.65,0.24648669913636,South,167.2
984,2000,OR,0.474,0.44,$231.26,$525.66,0.43759912044289,West,174.8
985,2000,PA,0.536,0.504,$265.10,$525.62,0.51380108612948,Northeast,179.4
986,2000,PR,0.444,0.42,$106.37,$253.01,0.37749750670894,Northeast,179.4
987,2000,RI,0.556,0.521,$268.18,$515.22,0.5603153700822,Northeast,179.4
988,2000,SC,0.479,0.439,$191.41,$436.35,0.37098396769276,South,167.2
989,2000,SD,0.451,0.428,$185.34,$432.87,0.19696253321244,Midwest,168.3
990,2000,TN,0.454,0.424,$191.66,$451.80,0.38294352303659,South,167.2
991,2000,TX,0.504,0.436,$229.41,$525.67,0.23696587840243,South,167.2
992,2001,NJ,0.542,0.485,$307.12,$633.03,0.59828537377144,Northeast,184.4
993,2001,NM,0.481,0.438,$198.06,$452.70,0.27387545954054,West,181.2
994,2001,NY,0.476,0.407,$284.22,$699.11,0.46744773380303,Northeast,184.4
995,2001,NC,0.536,0.504,$257.53,$510.83,0.38831813748201,South,171.1
996,2001,ND,0.5,0.482,$226.83,$470.65,0.42642011479324,Midwest,172.8
997,2001,OH,0.432,0.391,$241.61,$617.34,0.44393662008408,Midwest,172.8
998,2001,OK,0.487,0.399,$231.92,$581.00,0.30461154313702,South,171.1
999,2001,OR,0.492,0.449,$264.98,$590.55,0.52222885191366,West,181.2
1000,2001,PA,0.559,0.526,$291.52,$553.81,0.60202504434611,Northeast,184.4
1001,2001,RI,0.578,0.524,$287.04,$548.15,0.57810739986653,Northeast,184.4
1002,2001,SC,0.494,0.459,$205.66,$447.73,0.43829887012159,South,171.1
1003,2001,SD,0.475,0.436,$202.18,$463.46,0.23714189869171,Midwest,172.8
1004,2001,TN,0.464,0.424,$205.90,$485.05,0.46830016284655,South,171.1
1005,2001,TX,0.472,0.384,$244.87,$636.86,0.28981408446544,South,171.1
1006,2002,NJ,0.522,0.457,$335.48,$733.66,0.53640424961809,Northeast,188.2
1007,2002,NM,0.476,0.425,$213.59,$502.16,0.31250122109212,West,184.7
1008,2002,NY,0.468,0.397,$294.62,$742.54,0.43537188387834,Northeast,188.2
1009,2002,NC,0.523,0.496,$264.92,$534.02,0.37199812417536,South,173.3
1010,2002,ND,0.472,0.439,$226.07,$514.76,0.3947474330359,Midwest,174.9
1011,2002,OH,0.427,0.364,$246.71,$676.91,0.39248663355346,Midwest,174.9
1012,2002,OK,0.491,0.443,$239.85,$541.72,0.3263732348198,South,173.3
1013,2002,OR,0.484,0.447,$265.88,$594.80,0.49711180929023,West,184.7
1014,2002,PA,0.521,0.472,$292.69,$619.80,0.60400606296627,Northeast,188.2
1015,2002,PR,0.44,0.402,$111.41,$277.25,0.32933536199192,Northeast,188.2
1016,2002,RI,0.557,0.521,$302.49,$580.17,0.51700874181462,Northeast,188.2
1017,2002,SC,0.472,0.429,$209.75,$488.80,0.39630070429851,South,173.3
1018,2002,SD,0.478,0.443,$208.47,$470.85,0.25827549443264,Midwest,174.9
1019,2002,TN,0.451,0.404,$212.63,$526.75,0.41214036038444,South,173.3
1020,2002,TX,0.484,0.404,$262.96,$651.69,0.29517067007696,South,173.3
1021,2003,NJ,0.51,0.448,$335.26,$747.52,0.52371910549857,Northeast,193.5
1022,2003,NM,0.494,0.439,$215.19,$490.69,0.28495584322094,West,188.6
1023,2003,NY,0.458,0.386,$292.32,$757.23,0.40424775050496,Northeast,193.5
1024,2003,NC,0.538,0.513,$275.72,$537.47,0.3661089206931,South,177.3
1025,2003,ND,0.46,0.423,$232.73,$550.73,0.3719823501619,Midwest,178.3
1026,2003,OH,0.425,0.38,$248.10,$652.33,0.35416738459313,Midwest,178.3
1027,2003,OK,0.498,0.437,$233.13,$533.63,0.31190611725041,South,177.3
1028,2003,OR,0.464,0.427,$265.61,$622.28,0.46356499736451,West,188.6
1029,2003,PA,0.529,0.489,$300.24,$613.85,0.6159715619689,Northeast,193.5
1030,2003,PR,0.439,0.404,$112.33,$278.05,0.29104250313597,Northeast,193.5
1031,2003,RI,0.557,0.493,$311.34,$631.47,0.46298004119914,Northeast,193.5
1032,2003,SC,0.481,0.441,$212.89,$482.69,0.33768271541296,South,177.3
1033,2003,SD,0.49,0.449,$212.55,$473.63,0.23722605184652,Midwest,178.3
1034,2003,TN,0.443,0.403,$214.35,$532.02,0.36180533933234,South,177.3
1035,2003,TX,0.509,0.432,$265.31,$614.82,0.27062419385722,South,177.3
1036,2004,NJ,0.493,0.434,$329.88,$759.52,0.5792460821838,Northeast,200.2
1037,2004,NM,0.502,0.442,$217.16,$490.89,0.2735017245958,West,193.0
1038,2004,NY,0.458,0.399,$286.35,$718.16,0.376126573469,Northeast,200.2
1039,2004,NC,0.512,0.49,$248.82,$507.86,0.33054895056744,South,181.8
1040,2004,ND,0.465,0.44,$233.40,$530.09,0.31068781389694,Midwest,182.6
1041,2004,OH,0.431,0.388,$251.43,$648.65,0.29978461274002,Midwest,182.6
1042,2004,OK,0.494,0.435,$222.79,$511.60,0.27671727316046,South,181.8
1043,2004,OR,0.461,0.436,$258.88,$594.37,0.38729993019549,West,193.0
1044,2004,PA,0.527,0.488,$298.31,$611.64,0.54750820736635,Northeast,200.2
1045,2004,PR,0.425,0.396,$109.58,$276.84,0.29055191084676,Northeast,200.2
1046,2004,RI,0.548,0.5,$324.44,$648.59,0.45920888996837,Northeast,200.2
1047,2004,SC,0.463,0.429,$210.24,$489.73,0.26849741631664,South,181.8
1048,2004,SD,0.464,0.433,$210.49,$486.66,0.19619447807214,Midwest,182.6
1049,2004,TN,0.437,0.408,$211.12,$517.35,0.30228639063952,South,181.8
1050,2004,TX,0.473,0.388,$263.55,$679.90,0.23477463570759,South,181.8
1051,2005,NJ,0.496,0.4,$333.37,$832.62,0.58436659477965,Northeast,207.5
1052,2005,NM,0.492,0.44,$222.75,$506.44,0.24938300458769,West,198.9
1053,2005,NY,0.434,0.359,$296.84,$826.72,0.40631062737649,Northeast,207.5
1054,2005,NC,0.514,0.478,$265.33,$554.93,0.31549990197273,South,188.3
1055,2005,ND,0.465,0.446,$245.70,$551.50,0.29395584977921,Midwest,188.4
1056,2005,OH,0.437,0.401,$253.83,$633.22,0.28790306679513,Midwest,188.4
1057,2005,OK,0.5,0.449,$229.14,$509.78,0.22718660290302,South,188.3
1058,2005,OR,0.481,0.387,$266.47,$688.25,0.3986980074674,West,198.9
1059,2005,PA,0.536,0.507,$305.82,$602.94,0.53670346676219,Northeast,207.5
1060,2005,PR,0.409,0.378,$108.66,$287.69,0.27596653302562,Northeast,207.5
1061,2005,RI,0.545,0.488,$333.49,$684.01,0.42899419372738,Northeast,207.5
1062,2005,SC,0.479,0.449,$217.49,$484.15,0.25397015909245,South,188.3
1063,2005,SD,0.469,0.432,$221.42,$512.57,0.17001086237522,Midwest,188.4
1064,2005,TN,0.414,0.334,$214.91,$643.72,0.27240182936824,South,188.3
1065,2005,TX,0.418,0.347,$269.35,$777.34,0.20927235296792,South,188.3
1066,2006,NJ,0.508,0.461,$342.33,$742.78,0.52997733574976,Northeast,215.0
1067,2006,NM,0.512,0.448,$231.15,$516.01,0.27008780176793,West,205.7
1068,2006,NY,0.423,0.362,$296.33,$817.70,0.41410413077739,Northeast,215.0
1069,2006,NC,0.466,0.429,$259.35,$604.18,0.32846942762919,South,194.7
1070,2006,ND,0.471,0.417,$261.25,$627.06,0.30501299387796,Midwest,193.0
1071,2006,OH,0.441,0.415,$264.19,$635.98,0.30581505659579,Midwest,193.0
1072,2006,OK,0.503,0.46,$240.90,$524.25,0.21611285093499,South,194.7
1073,2006,OR,0.472,0.442,$276.23,$625.32,0.40422613139997,West,205.7
1074,2006,PA,0.532,0.464,$311.67,$671.29,0.55351311100496,Northeast,215.0
1075,2006,PR,0.361,0.334,$110.88,$331.81,0.26967030683498,Northeast,215.0
1076,2006,RI,0.492,0.448,$340.45,$760.13,0.40232096876336,Northeast,215.0
1077,2006,SC,0.48,0.436,$225.05,$516.41,0.25110801089628,South,194.7
1078,2006,SD,0.487,0.446,$229.31,$514.00,0.17149504500868,Midwest,193.0
1079,2006,TN,0.405,0.33,$217.81,$659.59,0.25387299966811,South,194.7
1080,2006,TX,0.439,0.376,$276.84,$736.25,0.18599678765827,South,194.7
1081,2007,NJ,0.512,0.462,$358.77,$777.06,0.6078529018427,Northeast,220.512
1082,2007,NM,0.492,0.431,$252.88,$586.40,0.34480161462331,West,212.23
1083,2007,NY,0.438,0.367,$296.37,$806.63,0.41194303871013,Northeast,220.512
1084,2007,NC,0.489,0.46,$264.53,$575.22,0.33523277241594,South,200.361
1085,2007,ND,0.476,0.456,$272.58,$597.82,0.31420435991313,Midwest,198.123
1086,2007,OH,0.435,0.402,$266.52,$663.27,0.2920749507487,Midwest,198.123
1087,2007,OK,0.517,0.471,$255.75,$543.26,0.21101677422133,South,200.361
1088,2007,OR,0.491,0.457,$294.81,$645.79,0.44320300482212,West,212.23
1089,2007,PA,0.554,0.467,$323.89,$693.26,0.5680564861001,Northeast,220.512
1090,2007,PR,0.341,0.31,$110.38,$356.13,0.26262744538197,Northeast,220.512
1091,2007,RI,0.486,0.443,$350.29,$790.23,0.46183620017719,Northeast,220.512
1092,2007,SC,0.475,0.428,$228.22,$533.15,0.29567413442914,South,200.361
1093,2007,SD,0.471,0.444,$240.71,$542.59,0.17038723171018,Midwest,198.123
1094,2007,TN,0.397,0.366,$221.95,$606.26,0.28942983422878,South,200.361
1095,2007,TX,0.49,0.418,$293.00,$700.93,0.18790327535761,South,200.361
1096,2008,NJ,0.528,0.469,$375.43,$799.87,0.54764263363537,Northeast,229.306
1097,2008,NM,0.499,0.445,$265.27,$596.00,0.35082983294321,West,219.646
1098,2008,NY,0.432,0.353,$307.24,$870.42,0.40199142935476,Northeast,229.306
1099,2008,NC,0.531,0.51,$283.95,$556.55,0.38438828538191,South,208.681
1100,2008,ND,0.484,0.436,$291.11,$667.81,0.32252717522749,Midwest,205.382
1101,2008,OH,0.437,0.405,$277.58,$684.56,0.32365216429706,Midwest,205.382
1102,2008,OK,0.521,0.476,$278.47,$584.61,0.26895430667511,South,208.681
1103,2008,OR,0.491,0.468,$308.73,$660.09,0.51040687606087,West,219.646
1104,2008,PA,0.545,0.518,$336.15,$649.20,0.56644908808706,Northeast,229.306
1105,2008,PR,0.326,0.303,$112.69,$372.15,0.27743806512339,Northeast,229.306
1106,2008,RI,0.534,0.483,$367.29,$759.73,0.36709298120932,Northeast,229.306
1107,2008,SC,0.473,0.432,$238.94,$553.13,0.3390710099264,South,208.681
1108,2008,SD,0.471,0.407,$250.79,$615.69,0.16908620741071,Midwest,205.382
1109,2008,TN,0.395,0.356,$223.75,$627.86,0.26972567283192,South,208.681
1110,2008,TX,0.504,0.437,$305.82,$699.09,0.21284494456897,South,208.681
1111,2009,NJ,0.515,0.446,$386.96,$868.43,0.4929035509371,Northeast,229.343
1112,2009,NM,0.513,0.462,$286.36,$619.33,0.43804021420171,West,218.822
1113,2009,NY,0.428,0.362,$313.31,$865.56,0.42687719731482,Northeast,229.343
1114,2009,NC,0.527,0.513,$300.47,$585.58,0.40124810156571,South,207.845
1115,2009,ND,0.488,0.461,$312.46,$677.93,0.44754798571943,Midwest,204.064
1116,2009,OH,0.447,0.413,$289.07,$700.55,0.38145461432668,Midwest,204.064
1117,2009,OK,0.519,0.475,$304.37,$640.32,0.35934124622985,South,207.845
1118,2009,OR,0.489,0.464,$317.90,$685.48,0.51320637562978,West,218.822
1119,2009,PA,0.549,0.51,$353.55,$692.96,0.6445562015932,Northeast,229.343
1120,2009,PR,0.361,0.334,$115.28,$344.90,0.29780950769595,Northeast,229.343
1121,2009,RI,0.566,0.513,$373.23,$727.14,0.33753388119388,Northeast,229.343
1122,2009,SC,0.477,0.44,$247.41,$561.73,0.37999062929456,South,207.845
1123,2009,SD,0.478,0.329,$259.95,$789.27,0.27624237602926,Midwest,204.064
1124,2009,TN,0.406,0.35,$230.28,$658.61,0.32128242898866,South,207.845
1125,2009,TX,0.484,0.409,$323.91,$792.93,0.28828922975323,South,207.845
1126,2010,NJ,0.514,0.453,$392.22,$866.35,0.37561038028885,Northeast,233.868
1127,2010,NM,0.558,0.506,$314.48,$621.40,0.34865004333093,West,221.203
1128,2010,NY,0.417,0.339,$307.33,$905.88,0.34577767710978,Northeast,233.868
1129,2010,NC,0.519,0.495,$311.86,$629.91,0.31355991239572,South,211.338
1130,2010,ND,0.478,0.457,$316.45,$692.29,0.36909388338826,Midwest,208.046
1131,2010,OH,0.443,0.4,$288.47,$720.67,0.23883997721389,Midwest,208.046
1132,2010,OK,0.506,0.462,$290.69,$628.60,0.29797364507243,South,211.338
1133,2010,OR,0.454,0.426,$301.20,$707.48,0.38746716583811,West,221.203
1134,2010,PA,0.533,0.49,$346.98,$708.12,0.50696757436992,Northeast,233.868
1135,2010,PR,0.362,0.335,$120.06,$358.72,0.26254057838711,Northeast,233.868
1136,2010,RI,0.562,0.514,$372.14,$723.52,0.26699823204092,Northeast,233.868
1137,2010,SC,0.465,0.434,$239.00,$550.22,0.28755590352387,South,211.338
1138,2010,SD,0.474,0.438,$268.14,$612.48,0.20345725327857,Midwest,208.046
1139,2010,TN,0.413,0.329,$223.33,$679.03,0.22462967487014,South,211.338
1140,2010,TX,0.504,0.409,$326.77,$798.11,0.21472117327015,South,211.338
1141,2011,NJ,0.524,0.479,$394.59,$823.05,0.34217695441391,Northeast,240.997
1142,2011,NM,0.496,0.417,$284.24,$682.17,0.3307441135692,West,227.485
1143,2011,NY,0.424,0.359,$300.55,$837.66,0.33074453878592,Northeast,240.997
1144,2011,NC,0.51,0.488,$296.14,$607.10,0.24300663168626,South,218.618
1145,2011,ND,0.489,0.467,$328.00,$702.11,0.3179906644997,Midwest,214.743
1146,2011,OH,0.445,0.402,$281.67,$700.14,0.21995443183835,Midwest,214.743
1147,2011,OK,0.507,0.468,$277.06,$592.54,0.26730634955354,South,218.618
1148,2011,OR,0.46,0.433,$295.42,$683.01,0.33986095162704,West,227.485
1149,2011,PA,0.515,0.488,$344.40,$705.54,0.4613728440459,Northeast,240.997
1150,2011,PR,0.363,0.323,$120.00,$371.58,0.21466775163848,Northeast,240.997
1151,2011,RI,0.549,0.507,$365.36,$720.99,0.25983286755898,Northeast,240.997
1152,2011,SC,0.471,0.433,$235.61,$543.88,0.24221353098539,South,218.618
1153,2011,SD,0.478,0.448,$268.43,$599.17,0.16661918772548,Midwest,214.743
1154,2011,TN,0.405,0.36,$220.31,$612.44,0.18893184404903,South,218.618
1155,2011,TX,0.515,0.456,$324.49,$711.49,0.17849062734301,South,218.618
1156,2000,AL,0.434,0.383,$164.13,$428.77,0.29208564615296,South,167.2
1157,2000,AK,0.308,0.281,$168.56,$599.99,0.60879994588987,West,174.8
1158,2000,AZ,0.463,0.385,$176.33,$458.32,0.2057091472626,West,174.8
1159,2000,AR,0.523,0.488,$211.50,$433.26,0.45345821793852,South,167.2
1160,2000,CA,0.383,0.31,$163.65,$528.25,0.40979121129037,West,174.8
1161,2000,CO,0.488,0.437,$259.02,$593.11,0.2339362942664,West,174.8
1162,2000,CT,0.45,0.415,$253.09,$609.17,0.76407753368998,Northeast,179.4
1163,2000,DE,0.459,0.423,$238.58,$563.64,0.39749550753952,South,167.2
1164,2000,DC,0.443,0.392,$228.91,$584.42,0.32272032363013,South,167.2
1165,2000,FL,0.501,0.453,$220.34,$486.08,0.23813360315712,South,167.2
1166,2000,GA,0.48,0.42,$211.45,$503.54,0.23394513674957,South,167.2
1167,2000,HI,0.534,0.458,$289.41,$631.39,0.32693588065572,West,174.8
1168,2000,ID,0.504,0.487,$214.04,$439.86,0.39239063104112,West,174.8
1169,2000,IL,0.407,0.366,$221.85,$605.93,0.36003996748824,Midwest,168.3
1170,2000,IN,0.493,0.441,$230.62,$523.50,0.33647482755853,Midwest,168.3
1171,2001,AL,0.423,0.367,$168.27,$458.56,0.34817207720034,South,171.1
1172,2001,AK,0.314,0.283,$170.92,$602.96,0.60441529601667,West,181.2
1173,2001,AZ,0.43,0.325,$186.76,$574.49,0.26575380964847,West,181.2
1174,2001,AR,0.529,0.502,$221.91,$441.76,0.57650058087208,South,171.1
1175,2001,CA,0.36,0.279,$176.15,$630.26,0.46511343491664,West,181.2
1176,2001,CO,0.469,0.391,$294.72,$753.21,0.29734339973012,West,181.2
1177,2001,CT,0.449,0.413,$271.52,$657.31,0.75692441468047,Northeast,184.4
1178,2001,DE,0.469,0.425,$240.81,$566.10,0.48287279918814,South,171.1
1179,2001,DC,0.466,0.386,$264.81,$686.64,0.30198758664916,South,171.1
1180,2001,FL,0.482,0.402,$226.11,$563.09,0.28626364693671,South,171.1
1181,2001,GA,0.461,0.368,$230.20,$625.92,0.35297323058366,South,171.1
1182,2001,HI,0.57,0.484,$308.43,$637.19,0.44034873473098,West,181.2
1183,2001,ID,0.508,0.48,$227.63,$474.26,0.48103241045735,West,181.2
1184,2001,IL,0.423,0.374,$242.42,$648.56,0.42875063410904,Midwest,172.8
1185,2001,IN,0.505,0.451,$256.40,$568.73,0.41236952118633,Midwest,172.8
1186,2002,AL,0.425,0.373,$171.69,$460.27,0.33066732382202,South,173.3
1187,2002,AK,0.319,0.281,$173.30,$616.03,0.60106542625236,West,184.7
1188,2002,AZ,0.391,0.313,$188.60,$602.99,0.27003631676307,West,184.7
1189,2002,AR,0.523,0.499,$227.50,$455.79,0.5382424169135,South,173.3
1190,2002,CA,0.393,0.31,$225.21,$726.81,0.45893317318848,West,184.7
1191,2002,CO,0.469,0.395,$320.39,$811.58,0.29754713533264,West,184.7
1192,2002,CT,0.441,0.402,$280.45,$697.57,0.65687248479669,Northeast,188.2
1193,2002,DE,0.455,0.415,$253.32,$610.53,0.48534493972261,South,173.3
1194,2002,DC,0.501,0.401,$296.20,$738.14,0.34551799786564,South,173.3
1195,2002,FL,0.449,0.382,$230.32,$602.44,0.31841505161422,South,173.3
1196,2002,GA,0.449,0.37,$245.38,$663.04,0.31873306885862,South,173.3
1197,2002,HI,0.578,0.506,$306.89,$606.54,0.50064075158888,West,184.7
1198,2002,ID,0.507,0.47,$239.04,$508.60,0.48762540940273,West,184.7
1199,2002,IL,0.397,0.34,$253.74,$746.69,0.44981572922375,Midwest,174.9
1200,2002,IN,0.513,0.466,$266.03,$570.35,0.38299581501901,Midwest,174.9
1201,2003,AL,0.422,0.379,$180.19,$474.86,0.30743589777213,South,177.3
1202,2003,AK,0.308,0.274,$177.03,$645.32,0.55852347183433,West,188.6
1203,2003,AZ,0.406,0.328,$187.71,$572.38,0.30232129225633,West,188.6
1204,2003,AR,0.512,0.498,$228.27,$458.49,0.47132214879175,South,177.3
1205,2003,CA,0.447,0.371,$255.88,$690.17,0.44683838931872,West,188.6
1206,2003,CO,0.482,0.425,$317.63,$746.69,0.27187373333935,West,188.6
1207,2003,CT,0.452,0.413,$292.78,$709.09,0.54725394371336,Northeast,193.5
1208,2003,DE,0.441,0.391,$261.57,$669.44,0.52796431232922,South,177.3
1209,2003,DC,0.436,0.358,$263.66,$737.05,0.32578067265197,South,177.3
1210,2003,FL,0.457,0.373,$230.99,$619.85,0.33115795742372,South,177.3
1211,2003,GA,0.463,0.387,$247.18,$638.23,0.30809788549839,South,177.3
1212,2003,HI,0.549,0.468,$320.78,$685.48,0.43954055929478,West,188.6
1213,2003,ID,0.5,0.466,$239.90,$514.73,0.50455380368885,West,188.6
1214,2003,IL,0.405,0.347,$256.27,$737.69,0.42983467063836,Midwest,178.3
1215,2003,IN,0.526,0.482,$277.95,$577.09,0.38953051972136,Midwest,178.3
1216,2004,AL,0.432,0.379,$180.64,$476.34,0.26475232463148,South,181.8
1217,2004,AK,0.322,0.285,$178.46,$626.61,0.53722752351838,West,193.0
1218,2004,AZ,0.422,0.341,$189.96,$557.87,0.27184678254679,West,193.0
1219,2004,AR,0.518,0.494,$233.28,$471.96,0.40765475221172,South,181.8
1220,2004,CA,0.485,0.417,$266.72,$639.46,0.39573426956194,West,193.0
1221,2004,CO,0.474,0.412,$306.22,$743.34,0.22089945977732,West,193.0
1222,2004,CT,0.44,0.4,$281.03,$701.99,0.48368309113513,Northeast,200.2
1223,2004,DE,0.439,0.401,$249.17,$622.13,0.50550538284819,South,181.8
1224,2004,DC,0.414,0.319,$260.69,$816.18,0.22059305408653,South,181.8
1225,2004,FL,0.45,0.373,$227.48,$610.49,0.34933534222323,South,181.8
1226,2004,GA,0.456,0.392,$243.02,$620.51,0.25225070890474,South,181.8
1227,2004,HI,0.55,0.444,$330.13,$743.55,0.4080753139672,West,193.0
1228,2004,ID,0.494,0.458,$232.34,$507.07,0.45108094519859,West,193.0
1229,2004,IL,0.399,0.345,$245.11,$709.63,0.39573947341777,Midwest,182.6
1230,2004,IN,0.536,0.485,$281.02,$579.80,0.32719119457174,Midwest,182.6
1231,2005,AL,0.428,0.372,$187.09,$503.36,0.29342298069038,South,188.3
1232,2005,AK,0.317,0.282,$176.85,$626.64,0.52099693011956,West,198.9
1233,2005,AZ,0.457,0.349,$208.59,$597.28,0.21840945128933,West,198.9
1234,2005,AR,0.51,0.434,$237.93,$548.84,0.39511266742726,South,188.3
1235,2005,CA,0.488,0.396,$288.56,$728.51,0.38404316434126,West,198.9
1236,2005,CO,0.486,0.431,$311.83,$723.98,0.19345670769012,West,198.9
1237,2005,CT,0.389,0.364,$288.38,$792.45,0.45878631545087,Northeast,207.5
1238,2005,DE,0.431,0.391,$248.83,$636.84,0.41701600994066,South,188.3
1239,2005,DC,0.442,0.322,$272.45,$845.02,0.20378717928526,South,188.3
1240,2005,FL,0.395,0.338,$230.38,$682.41,0.35939946318339,South,188.3
1241,2005,GA,0.48,0.385,$249.44,$648.43,0.20514866746842,South,188.3
1242,2005,HI,0.565,0.489,$348.90,$713.22,0.35400150784766,West,198.9
1243,2005,ID,0.501,0.398,$242.01,$607.77,0.45349526872965,West,198.9
1244,2005,IL,0.376,0.33,$247.86,$751.40,0.37238608230344,Midwest,188.4
1245,2005,IN,0.537,0.499,$294.52,$590.44,0.31266983543322,Midwest,188.4
