,State,Change in Recipiency Rate (2000-2023),% Change in Recipiency Rate (2000-2023),% Change in Real Average WBA (2000-2023),% Change in Real Maximum WBA (2000-2023),% Change in Real Minimum WBA (2000-2023),Change in Recipiency Rate (2001-2023),% Change in Recipiency Rate (2001-2023),% Change in Real Average WBA (2001-2023),% Change in Real Maximum WBA (2001-2023),% Change in Real Minimum WBA (2001-2023),Change in Recipiency Rate (2002-2023),% Change in Recipiency Rate (2002-2023),% Change in Real Average WBA (2002-2023),% Change in Real Maximum WBA (2002-2023),% Change in Real Minimum WBA (2002-2023),Change in Recipiency Rate (2003-2023),% Change in Recipiency Rate (2003-2023),% Change in Real Average WBA (2003-2023),% Change in Real Maximum WBA (2003-2023),% Change in Real Minimum WBA (2003-2023),Change in Recipiency Rate (2004-2023),% Change in Recipiency Rate (2004-2023),% Change in Real Average WBA (2004-2023),% Change in Real Maximum WBA (2004-2023),% Change in Real Minimum WBA (2004-2023),Change in Recipiency Rate (2005-2023),% Change in Recipiency Rate (2005-2023),% Change in Real Average WBA (2005-2023),% Change in Real Maximum WBA (2005-2023),% Change in Real Minimum WBA (2005-2023),Change in Recipiency Rate (2006-2023),% Change in Recipiency Rate (2006-2023),% Change in Real Average WBA (2006-2023),% Change in Real Maximum WBA (2006-2023),% Change in Real Minimum WBA (2006-2023),Change in Recipiency Rate (2007-2023),% Change in Recipiency Rate (2007-2023),% Change in Real Average WBA (2007-2023),% Change in Real Maximum WBA (2007-2023),% Change in Real Minimum WBA (2007-2023),Change in Recipiency Rate (2008-2023),% Change in Recipiency Rate (2008-2023),% Change in Real Average WBA (2008-2023),% Change in Real Maximum WBA (2008-2023),% Change in Real Minimum WBA (2008-2023),Change in Recipiency Rate (2009-2023),% Change in Recipiency Rate (2009-2023),% Change in Real Average WBA (2009-2023),% Change in Real Maximum WBA (2009-2023),% Change in Real Minimum WBA (2009-2023),Change in Recipiency Rate (2010-2023),% Change in Recipiency Rate (2010-2023),% Change in Real Average WBA (2010-2023),% Change in Real Maximum WBA (2010-2023),% Change in Real Minimum WBA (2010-2023),Change in Recipiency Rate (2011-2023),% Change in Recipiency Rate (2011-2023),% Change in Real Average WBA (2011-2023),% Change in Real Maximum WBA (2011-2023),% Change in Real Minimum WBA (2011-2023),Change in Recipiency Rate (2012-2023),% Change in Recipiency Rate (2012-2023),% Change in Real Average WBA (2012-2023),% Change in Real Maximum WBA (2012-2023),% Change in Real Minimum WBA (2012-2023),Change in Recipiency Rate (2013-2023),% Change in Recipiency Rate (2013-2023),% Change in Real Average WBA (2013-2023),% Change in Real Maximum WBA (2013-2023),% Change in Real Minimum WBA (2013-2023),Change in Recipiency Rate (2014-2023),% Change in Recipiency Rate (2014-2023),% Change in Real Average WBA (2014-2023),% Change in Real Maximum WBA (2014-2023),% Change in Real Minimum WBA (2014-2023),Change in Recipiency Rate (2015-2023),% Change in Recipiency Rate (2015-2023),% Change in Real Average WBA (2015-2023),% Change in Real Maximum WBA (2015-2023),% Change in Real Minimum WBA (2015-2023),Change in Recipiency Rate (2016-2023),% Change in Recipiency Rate (2016-2023),% Change in Real Average WBA (2016-2023),% Change in Real Maximum WBA (2016-2023),% Change in Real Minimum WBA (2016-2023),Change in Recipiency Rate (2017-2023),% Change in Recipiency Rate (2017-2023),% Change in Real Average WBA (2017-2023),% Change in Real Maximum WBA (2017-2023),% Change in Real Minimum WBA (2017-2023),Change in Recipiency Rate (2018-2023),% Change in Recipiency Rate (2018-2023),% Change in Real Average WBA (2018-2023),% Change in Real Maximum WBA (2018-2023),% Change in Real Minimum WBA (2018-2023)
0,AK,-0.35127070640327995,-57.69887280292626,-9.836260085429528,-19.467741935483872,-31.295454545454543,-0.34688605653008,-57.39200493703467,-7.823871906841343,-16.51897675973918,-28.786808009422852,-0.34353618676577,-57.15454121321142,-7.334918602524238,-14.907758510502326,-27.40153698366955,-0.30099423234774003,-53.891062332474604,-7.374451487079487,-13.108549053730693,-25.870524767042667,-0.27969828403179,-52.06328264791905,-5.970426282249586,-11.08143003428165,-24.140526976160604,-0.26346769063297004,-50.569912297277575,-2.2133573542658587,-8.364303739389763,-21.825704680630984,-0.24709881911141995,-48.966523938031855,-2.5894116138956673,-5.233689205219455,-19.149505215298205,-0.22155126585479,-46.24510147765634,3.8540385403853947,-2.2226573974346384,-16.583885209713028,-0.2201388268419,-46.086151107809584,3.114186851211075,1.1957843534657402,-13.677898343803546,-0.24054693991730997,-48.29521062524968,-14.632365331685676,-32.4265800514278,-32.416722557567624,-0.21317649199506,-45.28869689435054,-18.26395611487577,-31.691634174704152,-31.683615819209038,-0.19459462062689997,-43.0401130738939,-15.777223607647548,-29.7527346910063,-29.74668835696026,-0.21817866004329,-45.86399768826749,-13.352337514253144,-28.240873814314455,-28.22886989553656,-0.21254522756112,-45.21522491872501,-13.775104958583912,-27.17858965944724,-27.17417489761503,-0.17615847818904,-40.61873809412214,-13.31774368334,-25.82082900014857,-25.815950920245395,-0.12617325993689,-32.883095660431614,-16.13971196821718,-24.956789659577662,-24.950347567030786,-0.13833057417084998,-34.94433367529327,-17.48737716488409,-23.508234392952897,-23.507085020242922,-0.10278309492154997,-28.52611057303509,-13.652633373103804,-21.336011658592298,-21.337496747332814,-0.07711409698041999,-23.04366726513979,-8.080319341962024,-18.7039524565474,-18.692845615922536
1,AL,-0.12997963883137,-44.500522549917434,-13.793943825016747,-18.357894736842102,-43.6,-0.18606606987875,-53.44083631717733,-13.951225445478316,-16.45392362794204,-42.27882647259495,-0.16856131650043002,-50.976103278701125,-14.58496830667069,-15.378320877202551,-41.54767388300323,-0.14532989045053998,-47.27160735089492,-16.736303183663857,-21.672389416279533,-40.19792648444863,-0.10264631730989002,-38.77069538587349,-14.831758261602351,-19.685202443823123,-38.68084078279778,-0.13131697336878997,-44.75347263524519,-14.831758261602351,-20.593805989250058,-36.48648648648649,-0.14579729132292,-47.351649678573395,-12.730524887436001,-17.895516858095593,-34.316770186335404,-0.15357052737541002,-48.648065502497246,-11.208032632569806,-19.178867295368104,-32.41011984021305,-0.1316287473963,-44.81211204398317,-11.695687449291633,-17.616442721334106,-29.617304492512485,-0.16437366770773001,-50.347289672157444,-17.508162313432834,-24.379661677960314,-29.889502762430947,-0.06987991396740001,-30.1224805277511,-16.144135601256433,-26.01001669449082,-28.707865168539332,-0.04304807684854001,-20.983290204859454,-12.563341984921509,-23.461785168007097,-26.26380011621151,-0.04253734488701,-20.786086832495894,-10.962179850229683,-21.846029826682784,-24.68842729970327,-0.045788153780560004,-22.024742560259654,-10.754383751734569,-20.62631121117536,-23.53118409159385,-0.029820255642860005,-15.537350220997912,-10.136551286122566,-19.284004579040484,-22.21881703953418,-0.016173493545200007,-9.071987225993414,-12.210709189055024,-19.426553085393728,-22.36157846436219,-0.00876242201418001,-5.128169111311462,-11.953951462352197,-18.533690457433956,-21.497061552737396,-0.019827062320009997,-10.897998016011284,-10.776894942615716,-16.8658556192722,-19.91164405175135,-0.026784614381869992,-14.17995988383121,-8.986234401132123,-15.021365180234463,-18.12903225806452
2,AR,-0.24383506265414998,-53.77233293127994,-17.81087470449172,-17.673139158576056,-16.927272727272733,-0.36687742558770997,-63.638691401269654,-19.83859810929213,-18.901428207090035,-17.971274685816883,-0.32861926162913,-61.05413681693202,-20.8027700578614,-20.81984561752988,-21.07445154603559,-0.26169899350738,-55.524442078152724,-19.250243879778882,-21.810358075918252,-21.857362750128274,-0.19803159692734998,-48.57826281993153,-18.97925891400606,-19.824135648775577,-21.1425612702796,-0.18548951214288997,-46.945979573544925,-17.721399157476213,-16.958281647842263,-20.841995841995846,-0.18592472315836997,-47.00435352866762,-20.414797179745435,-22.453894223441555,-21.76369863013699,-0.19930605467214998,-48.738522418914876,-20.026683842473318,-22.825592330795136,-22.886075949367093,-0.25704953743431,-55.08133247240692,-19.257745366714655,-22.371071101617336,-21.884082749187904,-0.33681361601706994,-61.638168166261245,-25.69779867493053,-26.62955699123213,-26.23506619309009,-0.20252278174287,-49.138609300298555,-23.828929494763592,-27.087990828317572,-26.896000000000004,-0.13915927310406997,-39.89859057609631,-20.08550937844796,-26.248804105180767,-26.246973365617443,-0.12534701831845999,-37.42035207799796,-19.783110290724494,-25.677807642865485,-25.598436736687834,-0.09719639817479,-31.67868445116148,-21.076049943246307,-23.51473241130488,-23.518580515567468,-0.09812006226797002,-31.883744846881008,-18.81275979636635,-22.221542789005415,-22.21654749744638,-0.11595790164395,-35.61567823937599,-22.810834813499103,-22.359224782542345,-22.361937128292276,-0.11301520290789,-35.02844594830981,-11.116224369790858,-21.499105103993095,-21.494845360824748,-0.07010270433607999,-25.061216875407887,-11.229700745582669,-19.892303816601594,-19.884271436086276,-0.03622714584306,-14.735449042335164,-7.340085287846472,-18.1104136488009,-18.10360279620004
3,AZ,-0.024528207204469993,-11.923731895674173,-4.956615436964787,-15.741463414634152,191.47500000000002,-0.08457286959034,-31.82376565070133,-6.977131438721133,-12.656755663430422,202.12490282456594,-0.08885537670493998,-32.90497284589381,-6.106784693820385,-10.968506778001135,207.95034337031169,-0.12114035219819996,-40.070069591885826,-3.6728359581561025,-9.089473684210532,214.51308335581336,-0.09066584248866,-33.351817387448634,-2.592269689043887,-6.969354230624225,221.80513386696114,-0.037228511231199996,-17.0452839890536,-8.580624045385115,-18.10639104873886,121.1075289209179,-0.01476296931406998,-7.534283337190837,-6.718245574974949,-15.307673449374848,128.6526769954893,-0.08390472497738999,-31.651928430813946,-5.41791297477284,-12.616987909141496,135.9166329421287,-0.08470484858488997,-31.857606612670548,-4.058850469429816,-9.565445026178015,144.1675392670157,-0.15001230671294996,-45.29449443050937,-5.529875986471253,-9.905069893594831,143.25057375339037,-0.06725778367761998,-27.07218209233687,-1.9941520467836236,-8.921697864487221,145.9185825775153,-0.041467792872069975,-18.624760323729333,1.7485277153785412,-6.338791888081552,152.9067245119306,-0.02082800977603,-10.310439113281282,3.931782945736436,-4.320611532709251,158.34256592067362,0.013692681497180004,8.175308296131787,1.5820099405988688,-2.9061270376616166,28.92845294703085,0.003681752183880005,2.074236072836771,2.201487986339806,-1.0936784241868969,30.26815642458101,0.015227490791730025,9.17576034667758,3.9640198511166345,0.057927359091695725,28.643936886240766,0.009604056067000016,5.597523304769025,4.476030172682505,1.9898441190363578,31.117858749437698,0.006951265374930016,3.989713800229168,6.217518063125873,4.881899326006431,34.84848484848486,0.023833318446880025,15.146920050538595,8.213340220830373,8.396611233134607,7.071356414730465
4,CA,0.013776777630929993,3.361901683432649,26.84387412160098,5.608695652173915,-46.025,-0.04154544599533999,-8.932325509536396,22.156181957276527,9.473589327564454,-44.05286343612335,-0.035365184267179994,-7.705955100494732,-2.6086140564886806,-22.224712625276165,-42.97411516111991,-0.02327040039742001,-5.207788980015713,-12.472592342722207,-29.16921820779751,-41.75883463717292,0.027833719359359965,7.033436702404024,-14.070455768514295,-34.58824796682285,-40.40850124206458,0.039524824580039974,10.291766199728084,-18.146687697160875,-38.580964903408514,-38.57752489331436,0.028852340304860002,7.309652000368727,-17.60736683337302,-36.480125523012546,-36.4813180347161,0.031944923724649965,8.157058805667921,-18.35915991504758,-34.464709691344694,-34.476479514415786,0.04357556244972999,11.467481827033254,-17.21304937385339,-32.17357310398749,-32.17090794847628,0.05546819218757998,15.068791854754854,-20.348413337937917,-32.42829721534481,-32.42566510172144,0.13778017685895,48.21065526366487,-16.463439172602516,-31.692913385826778,-31.698829484340397,0.17402711978273,69.73892508408824,-12.283963659412631,-29.75302215281392,-29.76577748861418,0.16533113156961,64.02305746171906,-9.763519387932524,-28.242245199409155,-28.24858757062147,0.14761486038262,53.49272942268129,-10.564411891426102,-27.177334732423926,-27.18381112984823,0.11580242631321996,37.62683041334518,-8.808153582568195,-25.823001282599396,-25.833047062864996,0.10396549218078999,32.52962453081245,-9.555139209620487,-24.95674740484429,-24.956551963851233,0.07757596561607,22.421316212724772,-10.564411891426102,-23.510517697443,-23.521076868579527,0.04261701192624001,11.187006859098474,-9.40909487649471,-21.33812623465786,-21.34790528233151,0.02233244003299001,5.565917599989771,-9.199072656489218,-18.705445296027314,-18.71234939759036
5,CO,0.03762276130398001,16.0824815242804,24.619720484904658,8.115727002967365,-46.04,-0.025784344159739958,-8.671571046521564,13.534522176497491,5.498610145934679,-44.07131011608624,-0.025988079762259975,-8.734105180749546,6.454059758591119,-1.2869141154158765,-42.98393913778529,-0.00031467776896998423,-0.11574408645693134,9.647066816128277,-1.2280416395575724,-41.77816141562366,0.05065959579306001,22.933327154411305,16.38782721569195,1.0763725136627167,-40.41519434628975,0.07810234788026002,40.372003024761895,17.785075716110203,1.861947496435468,-38.59808830223031,0.06438115631524002,31.07530124917161,18.173164927695424,1.8420169946332827,-36.487758945386055,0.040982708532890016,17.7740297560645,16.24531835205993,1.6942056492129203,-34.48275862068965,0.04447913292870001,19.587435300867927,16.78787220955897,10.852500912741881,-32.211055276381906,-0.052774870273859964,-16.271769947126923,8.366065733373624,5.826483487757414,-32.448673009514266,0.01424245909133004,5.534994355674848,13.78265007578696,4.079184163167375,-31.730769230769234,0.05395252188670002,24.793613028700314,20.954022557799686,14.255699457493193,-29.776158250910985,0.06785142497921001,33.30823925559474,19.247109239351296,6.687944716113741,-28.282828282828277,0.058969521530310015,27.738675752116343,18.052152287605608,5.4833386410352905,-27.19913653534809,0.01923653106626,7.62378670079686,17.403797192114652,4.097025799262887,-25.838372732270482,-0.01312630804282,-4.610812398720513,12.111003056404558,4.656172804044361,-24.972191323692993,-0.03616973952232,-11.75377153490763,8.209855849815623,2.8510938602681786,-23.52607709750567,-0.03120193816294997,-10.305798570086754,9.639618219489824,2.900474469046554,-21.34110787172011,0.056255275258000004,26.128326765271066,11.042691527056322,5.526110000868897,-18.734939759036152
6,CT,-0.33893587887789,-44.35883322482444,9.806788099095192,11.02762430939227,-42.8,-0.33178275986838,-43.83301072517784,5.205178679588128,4.059652029826016,-41.19259766963674,-0.23173082998460004,-35.277901776677936,3.9537667389840845,3.8499302361635146,-40.0,-0.12211228890127002,-22.31364256101731,2.3798121200957953,5.4769715260464515,-38.31775700934579,-0.05854143632304004,-12.103262941371854,10.356192669658107,4.549592903779624,-36.160714285714285,-0.03364466063878002,-7.333405445128828,11.462720089840778,3.9977229797914426,-33.8473400154202,-0.05765930193347002,-11.942665218009694,13.627442963447548,3.5876288659793856,-31.469648562300318,-0.043008790773600036,-9.186959273272278,13.818241389196068,2.2827331721593147,-29.67213114754098,-0.02400716189098001,-5.3450350970981235,14.352137596181553,2.5410756199612297,-26.916524701873932,-0.10728822532268001,-20.150676985957837,8.001709933157171,-1.0000492635105183,-26.854219948849106,0.058709389616170005,16.021894137728268,11.324307002083016,-2.4300245187289082,-25.456125108601213,0.09245874444447,27.791852711130126,15.043258682783472,-2.718141110976634,-23.187108325872874,0.07260511816368997,20.595061962641964,15.665709410246812,-3.9342224771738565,-21.643835616438352,0.08133999692652,23.658989147048555,15.603161397670556,-5.5949640625734,-20.629047178538393,0.04442389989684997,11.668460249966582,17.380469673931422,-4.133571854502083,-19.51219512195122,0.040485384171210004,10.525081029813153,13.326265138849259,-4.884513441878073,-19.587628865979383,0.0005470739740600084,0.12884619793786312,9.750414659189648,-4.522995058912952,-18.750000000000004,-0.01890835724140999,-4.258159380284371,6.687396829052944,-5.608266791921088,-17.261330761812914,-0.04188275105366002,-8.96800050010653,7.106794619801902,-3.0981025628661585,-15.467980295566505
7,DC,-0.07532700229921999,-23.341263869564138,-0.2621117469747911,-18.951456310679614,-43.6,-0.054594265318249985,-18.078314385046543,-11.771070835104526,-17.061862498344148,-42.28407695456406,-0.09812467653473003,-28.39929530179997,-20.107079119571676,-15.993559640413258,-41.542288557213936,-0.07838735132106003,-24.061387891110677,-8.176480051480045,-14.056280027453665,-40.19088016967126,0.026800267244380005,12.149189082747506,-4.771637122002084,-11.872756703497785,-38.66898651587646,0.04360614204565,21.397882927959074,-5.625826719576714,-21.435517771433947,-36.486486486486484,0.036615654341369985,17.37169542880796,-7.247613243956938,-18.764799377209776,-34.32696786213321,0.02247247085838,9.991279515068616,-5.151427028374394,-16.40296414980973,-32.4065196548418,0.0233575506291,10.425813054732554,-4.099634561263491,-12.932832707551103,-29.605591612581133,0.04208545150565998,20.498703503904387,-8.268713086102288,-13.282548476454298,-29.885629040278467,0.09190022225944999,59.102444293823865,-6.095504462633157,-11.823111048517704,-28.715874620829123,0.08243483354029998,49.97307786001203,-1.4418303475070164,-8.784965034965037,-26.255230125523017,0.08393872835183,51.35293344896894,0.5770925110132169,-6.858077952990181,-24.699599465954613,0.07663808000688999,44.88183168648034,2.6712236362818715,-5.405099150141644,-23.515052888527254,0.08421094405503998,51.60541564649234,4.179785535021673,-3.806414442097186,-22.22835079977937,0.09577946146481,63.173288741147445,3.588929219600724,-3.976074537019288,-22.3568281938326,0.09158577851455998,58.781350927606844,1.7696353748774176,-2.9151806481624987,-21.5140551071528,0.07930824286593,47.183392833084596,-8.26134126250653,-16.31357348125376,-19.90911672820222,0.05316900475425998,27.375050504181846,-8.091461696389032,-15.838290150216755,-18.1184668989547
8,DE,-0.16979197975095,-42.715446220249135,-17.767625115265325,-28.374603174603173,-43.60000000000001,-0.25516927139957,-52.84399366222103,-16.62842087370389,-26.70391787408225,-42.272262026612076,-0.25764141193404,-53.084186286415225,-19.725859247135848,-29.13499591682894,-41.554404145077726,-0.30026078454065,-56.87141678496973,-20.464588316374098,-25.23445007787387,-40.19088016967126,-0.27780185505962,-54.95527139481472,-14.387327631349276,-25.660626029654033,-38.66231647634585,-0.18931248215209,-45.39693384410554,-11.206155238741793,-23.001842877619268,-36.4864864864865,-0.22617204862025997,-49.83128865619654,-8.702126669458789,-20.385334697766325,-34.34225844004657,-0.30999410613755,-57.652123903551235,-7.164150854114425,-18.069576585082427,-32.41461953265429,-0.23454722127776,-50.740257695959734,-5.459714726291447,-14.667170953101353,-29.588014981273407,-0.19800295492692999,-46.511613744734895,-7.005735412617908,-15.01111236674578,-29.89434431323804,-0.121236143026,-34.74415584303858,-3.899093803575806,-13.582043817986817,-28.69785082174463,-0.09741023640072999,-29.96189246051488,3.815218541644623,-10.606600895439591,-26.274509803921575,-0.08650302788630998,-27.530624782958874,3.127628259041205,-8.715002427577275,-24.699599465954613,-0.07802242190946002,-25.52037927644804,5.2973379132675,-7.293421539220117,-23.525423728813564,-0.09847687971850999,-30.19092424071255,7.927164704587962,-5.7245528998829975,-22.206896551724142,-0.09171013583477,-28.712026528369407,5.054886211512716,-5.889713856678069,-22.36751548520303,-0.07524400103805001,-24.837304773366522,6.2841974104772715,-4.849865047233468,-21.50313152400835,-0.04582928330684999,-16.7545835263115,5.083020889126947,-2.900671372008955,-19.88636363636364,-0.07089172802173999,-23.741746274353304,7.767096951386973,-0.7434780695965851,-18.1422351233672
9,FL,-0.12203312184059001,-51.245653793796095,-33.11246255786512,-43.592727272727274,-43.59375,-0.17016316562018002,-59.442813448751096,-33.30014482259233,-42.27663454024486,-42.27694275663575,-0.20231457029769,-63.53800464897837,-33.67535214436794,-41.534750489974364,-41.52899254940071,-0.21505747610719,-64.94105646147037,-32.34173438002112,-40.1843211352331,-40.19218025182239,-0.23323486090669998,-66.76532051476765,-29.55403661392859,-38.668353629606194,-38.66802582398912,-0.24329898186686,-67.69597809407755,-27.95267892061009,-36.47309361946105,-36.466033086941216,-0.25677075077637,-68.86311645313418,-27.09013554961907,-34.31571815718157,-34.31586608442503,-0.25188107540735,-68.44937492243733,-26.143823603107,-32.40664081223583,-32.39700374531835,-0.22519837300677997,-65.98275093928419,-23.211587557963846,-29.59970953980212,-29.602184087363494,-0.22124735070155,-65.58434046485657,-23.64521811211274,-29.879757707259742,-29.875679875679868,-0.11065193398521,-48.79856906395691,-20.963157612484583,-28.70340580043204,-28.71248025276461,-0.06230417971595001,-34.92295512649584,-19.274798707345127,-26.24572080639026,-26.23620760114425,-0.04832178713686,-29.38883375797612,-16.00843449022625,-24.68440473878423,-24.69753858990404,-0.04015500385802001,-25.69830032729003,-15.391239451174007,-23.510848126232744,-23.516949152542374,,,,,,-0.0006090875756400022,-0.5218831509888866,-15.220892774965488,-22.358476400220226,-22.36559139784946,0.016481308892819,16.54431420361426,-15.888597192101361,-21.49797570850202,-21.487603305785115,0.011870588726720005,11.388852498808513,-14.95181487679612,-19.89258417682296,-19.884598313359966,0.008813344409299997,8.214726073751786,-14.079169824520497,-18.107908351810785,-18.103448275862064
10,GA,-0.04450008498385,-19.02159010532703,-9.15109955072121,-22.01515151515152,-20.46153846153846,-0.16352817881794,-46.328776419542486,-14.603245165592352,-23.10737628384687,-18.604040934138023,-0.12928801709290003,-40.56310114161645,-18.856129086761854,-24.86131386861314,-17.56577199043317,-0.11865283373267002,-38.511408002925116,-17.58901758901759,-25.995686556434215,-17.762460233297983,-0.06280565713902,-24.898109270621692,-14.049217002237139,-25.381464970461394,-15.683609676542536,-0.015703615702700013,-7.654749063928179,-13.269222086775933,-22.711915308957128,-12.668918918918928,-0.03030290412515002,-13.789845735902489,-14.792636948325569,-20.086946395994257,-9.694323144104807,-0.05062461221217002,-21.087467434799446,-13.659040855768806,-22.902935889754353,-11.497860199714689,-0.06635904080825003,-25.94135228272832,-11.75524828885112,-19.700456336050546,-12.000000000000002,-0.12169783159959999,-39.11316572094364,-17.183997240903608,-22.44698082645874,-12.3728813559322,-0.043350869030280015,-18.62183361377219,-11.876691591357408,-21.142944691282363,-10.887675955185298,-0.02183636816148002,-10.335205134935219,-8.602150537634415,-18.427829945718923,-7.815750371471022,0.0034969183251900016,1.8805880223091282,-6.68415427960751,-16.701731671791553,-5.857359635811846,0.02856821106405999,17.757814573844506,-3.1119180914914084,-15.40452808480914,-4.406779661016959,0.04646929360122998,32.50151927697297,-2.8178276926190082,-13.972923282634127,-2.7890943277969305,0.05318116519756,39.02807011963398,-5.685388845247453,-14.123633936764834,-2.9715358148263973,0.06607077940166,53.55312589540101,-6.502482234984919,-13.174763832658574,-1.897533206831124,0.06708462353443,54.825423957837316,-6.774725808017086,-11.396109485281466,0.12911555842478742,0.05639083990577998,42.38185256783903,-4.475385380407757,-9.42765386476618,2.342461233916202
11,HI,0.08000169540000002,24.470148470563817,14.201306105525022,13.145604395604401,-46.0,-0.03341115867526001,-7.5874315150858145,11.080863077233301,11.470484748423415,-43.983402489626556,-0.09370317553315999,-18.716649660614898,13.796309048340447,10.17039830939198,-42.91754756871036,-0.03260298323905997,-7.41751416328217,11.166795600551609,12.49658563234089,-41.68466522678185,-0.0011377379114799746,-0.2788058656180861,10.538461538461535,9.047341664901507,-40.397350993377486,0.052936068208060016,14.953627889867738,7.787887682222873,7.484928360779812,-38.49658314350796,0.019299751350060013,4.978810147001171,3.5951604814443234,5.589027047814386,-36.470588235294116,0.017993737805780008,4.626307460414636,3.5108048856874343,5.270556961378219,-34.46601941747572,-0.04721369596679997,-10.396028564785961,-0.2685576342788131,-1.04992552015761,-32.1608040201005,-0.07174759652176,-14.988472723196148,-3.124542017176195,-5.400128629180446,-32.33082706766917,0.016573847770320005,4.245744819355411,-1.595855539345584,-6.766423688142343,-31.645569620253163,0.09233726610328002,29.350659609089135,0.0787282361847058,-2.370510845087116,-29.687499999999993,0.07590332452419002,22.92914529932274,3.3715947830982307,4.684561028925831,-28.19148936170212,0.04018021020507001,10.95552917168461,3.2392078465671283,4.049820625536868,-27.223719676549862,0.05914372224644998,17.005396040979022,3.1715311378180013,4.039306825645432,-25.82417582417582,0.07528521443321001,22.70003869862395,2.7130337497669275,3.9159286453208284,-24.999999999999996,0.050031406383589994,14.018083920922713,2.239613944999539,2.5701691031803477,-23.512747875354098,-0.08873106299752997,-17.90128646569418,-2.98805365581614,1.383452723826405,-21.282798833819243,-0.015365461358660015,-3.6384917931771428,-3.2464871194379485,0.20681265206813204,-18.674698795180714
12,IA,-0.22727385776399,-50.317846433463586,26.977758395115575,24.69961977186311,31.918918918918926,-0.29836654289396997,-57.07424715828153,24.056242011077988,23.34424009928918,25.282340862423002,-0.25887749679099,-53.56676339393312,23.184972076493487,20.431844888366623,20.757050964868878,-0.2179522265391,-49.270906953714764,22.6659925851028,18.989913649227187,20.251293422025125,-0.14020870222603998,-38.454295839203766,25.87436773161559,18.606921991971355,20.369913686806427,-0.12486031276784998,-35.749664317241034,26.74560334320043,18.42703932401689,18.788026283767337,-0.17406955824818,-43.68424797997213,24.400769066438798,16.079708349555805,16.602962255136173,-0.17580155295954003,-43.92797006062427,22.769438353853953,15.592838009304929,14.92818460089476,-0.19510790691170998,-46.50846919770821,22.50084146751936,15.336732899595553,16.798277099784645,-0.26302733731038,-53.96208284139566,16.138811328280827,10.153494777147067,11.667810569663697,-0.16987147641244998,-43.0846190415039,17.911958854736167,8.398611799702516,7.74834437086094,-0.11697015311549003,-34.264644124220126,21.190426638917803,11.293606624134645,11.209842788790162,-0.11676914334394001,-34.22591451138034,19.947268682540997,10.898454671490873,11.489264504339884,-0.11008007113055002,-32.910547025599115,18.136817333441538,9.327288485899047,9.219064667710908,-0.10730239340814002,-32.34874394070669,15.783194814490805,7.665539542365636,8.95089285714287,-0.1393919166177,-38.316114405764495,12.027702962677973,5.027861397553317,4.877524709926952,-0.14336175614169,-38.98196234441195,8.009051452312956,2.231920199501237,2.455919395465999,-0.17556256813659,-43.89446623131695,4.6209126841537955,0.21083509029241843,1.0140728476821232,-0.21722308513226002,-49.18715121904352,6.270530695671218,0.3426753151389073,-0.08188331627430737
13,ID,-0.18440404875144997,-46.99501827099578,8.746028779667352,5.186813186813196,-23.80392156862745,-0.27304582816767997,-56.76245970787641,5.997540871624385,0.5638241989143805,-21.016260162601633,-0.27963882711306,-57.34705815588583,2.8864430004862314,-3.676371930766128,-19.49451004764865,-0.29656722139918,-58.778116274407886,4.681807960422756,-1.953018301010643,-17.79141104294479,-0.24309436290891998,-53.89151669926932,10.6116048092002,0.3354297693920463,-15.869235765317166,-0.24550868643998,-54.1369895936752,9.436268747943013,0.5391779287164835,-13.297634984381974,-0.22009010815848998,-51.41370998922513,8.619160950114331,4.944633263896513,-10.336871250576843,-0.32667376429855,-61.09930657530971,10.312796208530802,3.1502568339380144,-7.498214710783143,-0.2976926299508199,-58.8698571633678,6.166757890895813,-0.8699254349627112,-15.81455805892547,-0.29660581013596,-58.78126872070819,5.7183085797338435,-0.6950928519555939,-25.154083204930664,-0.18766529700825998,-47.43192357414435,12.760391434938478,8.801576175501086,-31.704745166959576,-0.12932756951280996,-38.34039242698003,19.609455292908528,11.22472693469673,-29.75415762834418,-0.09869218035748997,-32.18096339818525,20.78252296196356,11.298011704972689,-28.249630723781383,-0.05035287606957997,-19.490973771245834,16.88846482197559,8.51787468823219,-27.18755855349447,-0.11369518823152999,-35.34399479563828,11.405733977887323,3.0355220667384417,-25.82553922504295,-0.07804769515314999,-27.286133623880865,9.010865492693883,0.307391365097126,-24.966209692990926,-0.060714287211449974,-22.595493391656817,6.351092022297348,-0.750008640652528,-23.518992324345607,-0.07777325140097999,-27.216299224604672,6.69233590025669,2.068671358498632,-21.351953045942114,-0.05235569363341999,-20.11033108156696,8.837557280463844,6.786657245918708,-18.71993306839574
14,IL,-0.05448565694272001,-15.133224603598952,18.192472391255347,21.13732394366196,-40.470588235294116,-0.12319632356352,-28.733793903191913,11.05416966668077,12.134941329856572,-38.87658546406282,-0.14426141867823,-32.071225905590914,7.3926933158584465,9.668473063436398,-38.141809290953546,-0.12428036009283999,-28.913526195610885,8.396031417941288,11.799688028077455,-36.933942667220606,-0.09018516287224998,-22.789023822509684,16.068345801425338,14.497287582786948,-35.41799617102744,-0.06683177175791999,-17.946903746918743,18.42200343239093,14.61935698817258,-33.36259877085163,-0.11097541781924997,-26.642856502685163,17.319910514541377,12.71911143147341,-31.729255677985158,-0.08496750447677998,-21.757428447864832,14.757757451091939,10.350910957146517,-29.91689750692521,-0.06656766902877997,-17.8886689533717,17.709642664751296,13.774059130894894,-27.351040918880116,-0.11239641120207,-26.892263932959242,11.683277962347722,8.345668125846377,-27.817403708987165,-0.011895556230149984,-3.7472235698105143,18.932281035968604,10.4607481136619,-26.417838099854578,0.02125849859650003,7.477598227972529,24.52391128840765,13.134269459699432,-24.043032274205654,0.039209054751219996,14.7211387844285,23.619819904766377,11.135159581341249,-22.511485451761104,0.05066590556051004,19.877681593044496,21.63566358955327,9.96292271303457,-21.408231944084914,0.01878624201378004,6.551022960808046,20.767317612380236,10.24129201781651,-20.273109243697476,0.003963859312079987,1.3143185720465138,15.71491615180935,7.586702942740092,-20.689655172413797,0.0055905356320199995,1.8637369241109636,11.86910704381586,5.770768000983823,-20.021074815595366,-0.02858910981964996,-8.55593977831622,7.590989290550231,4.654275545280307,-18.69309051955009,-0.03724146642463,-10.864038861211792,8.661058389623296,4.5683890577507515,-17.13973799126638
15,IN,-0.13876329568247997,-41.240320023150026,-15.519035643049166,-7.884920634920636,-55.96,-0.21465798931028002,-52.05476600034326,-21.98061829248758,-17.24420677361854,-54.784394250513344,-0.18528428314295997,-48.37762604110006,-23.891558263994686,-22.68260999900077,-54.229889835792974,-0.19181898784530999,-49.243635128390565,-25.73944198810794,-26.809812082229794,-53.347457627118644,-0.12947966269569,-39.57308902067665,-24.77896606308636,-27.628994544037415,-52.213541666666664,-0.11495830355717002,-36.766675428696026,-25.948308627898136,-29.578618450990508,-50.70517125587642,-0.137260275572,-40.976665056592076,-25.835553863722872,-31.744538210473692,-49.4954128440367,-0.17864759807640002,-47.46732146473256,-25.15749846342962,-29.931479972229774,-48.1516364492583,-0.18947399350314997,-48.936228521865274,-24.44935628974716,-27.364040302897553,-46.25335611422992,-0.17761967725933997,-47.323450045228924,-26.42371601208459,-27.83149385978548,-46.60523763336567,-0.04759623518821998,-19.402661300875117,-23.019479236635185,-26.42239056705443,-45.56242274412856,-0.020205342833990003,-9.272041396920368,-19.41181336863004,-24.053656142646815,-43.81219698902781,-0.008944769414039988,-4.328331320264913,-15.730968858131478,-22.514854129114088,-42.671179380369686,0.0022436167748400015,1.1478184405242642,1.7389033942558811,-21.429054968860008,-21.441312879058156,0.009454192667110006,5.021951710800045,0.588569363415775,-20.27681423223547,-20.27516292541637,0.01703400265405,9.427847905270045,-0.8599633625076316,-20.707087959009396,-20.705797623334536,0.011996402214590002,6.459571838039387,-5.201440249124172,-20.0323825272151,-20.043572984749456,-0.004688876114719992,-2.316633726812358,-6.1783684869498146,-18.702062830525684,-18.715393133997786,0.01536120997255,8.424010340206127,-8.577729810895782,-17.14081741923969,-17.15575620767494
16,KS,-0.14881305020687,-50.22038912651124,14.48323121573685,14.147260273972604,14.150684931506847,-0.20609221049621,-58.2841368403463,10.548441088318853,6.943241248756693,6.943018480492809,-0.24605029052236002,-62.519571195337775,6.116425048572712,4.019598664294852,4.332039564291967,-0.23851847316119998,-61.78828320867363,6.498425078746056,2.352218639643797,2.6484355752648328,-0.14499347386885,-49.57034893067874,13.160411188142481,3.02927266545084,3.915700211996509,-0.12237698577846998,-45.34430391595014,12.921951413462684,3.9320236981602785,4.817610062893079,-0.12108983178028002,-45.08238602959153,10.8418218007259,2.4749431224251404,2.749691738594333,-0.1306960807974,-46.97867127127887,9.74535337532361,1.6498932601402945,2.1827099938687935,-0.17451450643614,-54.193442845262055,9.775046382189224,-0.06296473974573624,0.6887385210246413,-0.30956167025735004,-67.72761592447819,1.0999572832122935,-4.460114082609569,-3.775981524249418,-0.20309738609369002,-57.92780442503537,4.400088222320235,-5.497590019846892,-5.5001134044001,-0.15772590091998998,-51.673962223478775,10.906747891283977,-2.232195236419105,-1.5477315689981124,-0.17052747299704,-53.61918965172509,13.431583992331655,-2.2723274497155925,-2.2636640863241926,-0.15163533078028,-50.69003866872722,9.762318840579706,-3.508670352893496,-3.5085687818434477,-0.13593909412438002,-47.959427759108564,8.272654492775718,-4.809367413965437,-4.602175157412703,-0.10145069962021999,-40.75018599341509,3.494643247576698,-6.320966835300733,-5.916224455233143,-0.08185203055979001,-35.68730350280712,2.987997244080215,-5.5243764172335625,-5.123534099965843,-0.06491113178822,-30.558197058742625,1.0172505779832879,-3.9535486845517593,-3.542076629239498,-0.04950573904787001,-25.128199999688768,4.04440048356961,-2.108725660078125,-1.687116564417186
17,KY,-0.215618749248189,-68.84510732651576,16.832362015769615,31.753731343283594,-43.58974358974359,-0.26064896797774895,-72.76140202846653,10.21546670978695,9.8289269051322,-42.27236945683547,-0.26873561972483895,-73.36271929830933,7.495170129716512,11.240627559700084,-41.53600850385331,-0.22867011856051897,-70.0914514635403,11.005252229143753,13.80777412492749,-40.18488308863513,-0.211563355710409,-68.43640603357939,11.17726216205195,5.186332628317801,-38.66741009199888,-0.16170038564220898,-62.36620780938139,9.877886591705957,8.947855600123418,-36.47126768697662,-0.16581281194330902,-62.953805409595496,11.98094221053928,12.649545382038612,-34.30874888026277,-0.185477008356859,-65.52747726389805,10.037534810509737,5.519529032065274,-32.41167434715821,-0.204628340913499,-67.71207980705063,8.738483627806804,6.192294968572384,-29.599999999999998,-0.229670395158639,-70.18287153605452,6.6041055718475015,5.769230769230784,-29.869301880777815,-0.136311088566509,-58.28090932550707,14.6557887211405,7.544239027807401,-28.6871961102107,-0.11115013654623898,-53.251851650436485,18.642297650130537,11.25114212798136,-26.248742876299026,-0.116635320128369,-54.44890821093761,20.631830449980086,13.602728267164284,-24.68332762752482,-0.10822835454902899,-52.58817088361988,22.12318029115341,15.373305015520344,-23.50486787204451,-0.11713489890234899,-54.55489462117414,24.21522620620528,17.32456140350879,-22.20650636492221,-0.13104102128276898,-57.31919996162445,18.74047297591567,17.11831238183688,-22.34380515354747,-0.126636973048659,-56.480850052702536,16.39344262295081,18.410462776659973,-21.484653818700927,-0.102487733490039,-51.227732628751056,16.94260959080381,20.837753670305617,-19.883466860888568,-0.11678930330352899,-54.48162864643875,10.510315755340269,14.423668945850498,-18.093819806403573
18,LA,-0.06951518838331,-30.276626164120117,-26.059139784946233,-27.85116279069767,64.49999999999999,-0.08647691245711,-35.07310366364964,-29.881717140817777,-38.47374266222434,102.04708290685771,-0.14227832814719,-47.05541926445816,-30.02442250941284,-37.68278965129358,104.55958549222795,-0.12819364446212,-44.46865917420018,-28.563266154165806,-36.24332100287711,109.33191940615058,-0.13373691196699,-45.51631788381819,-25.006816075031345,-34.625758597437624,114.56521739130434,-0.28198491725031,-63.78740356365559,-24.583241939021722,-32.28862019293727,122.29729729729726,-0.15950207520791,-49.90880151763316,-20.19844493443194,-29.98736233977252,129.802095459837,-0.08604441386317,-34.959014121038855,-20.654243350833674,-27.951695308871344,136.69064748201438,-0.11235659663942998,-41.24061861079246,-19.488350310268114,-24.96130030959752,146.44194756554305,-0.22589466817298998,-58.52501862020222,-26.201974672676542,-32.101899676092096,145.5223880597015,-0.19283814136931998,-54.64026666490894,-18.44274447014173,-20.618187400849493,149.55752212389376,-0.13117956072214998,-45.03794208824476,-9.519736842105262,-17.88682441374199,158.03921568627447,-0.08409021076463,-34.43847274529009,-7.759892689470151,-16.146818746959298,163.55140186915884,-0.02939956795571999,-15.515548028363321,-9.53164057360874,-14.844093104962667,167.84260515603796,0.0033021631913099925,2.1062020692493295,-8.538937288022879,-13.403673309886669,172.2758620689655,-0.002989240671789989,-1.833055177983399,-11.436666881318818,-13.553276861346408,171.90082644628097,0.0384764076212,31.639548899356612,-11.743566707309254,-12.598602659454578,174.54798331015294,-0.005734979873250001,-3.4585579755189104,-9.430358906815933,-10.809567617295299,180.39772727272728,0.028338780190869994,21.510129007246668,-6.154895939952241,-8.828023980251547,186.5021770682148
19,MA,-0.12462872148358994,-19.544193640318625,38.391107627631904,44.35323383084576,136.85714285714283,-0.1837955014695899,-26.37544454914279,21.954665327138017,25.04579050574266,17.54696915987237,-0.13536158595370995,-20.875946959379636,14.360997438690484,18.899315657910904,19.971056439942096,-0.03788293331691994,-6.876170720754549,21.367868524651623,23.452325235076362,23.31721829676458,-0.018755064432859903,-3.5266953177943434,26.038286826735884,27.476824392601362,27.58753366679492,0.008005976247900004,1.5852107487649525,29.68650886388676,27.119386637458913,32.26964499401674,0.021892718136540035,4.457394789443663,30.43989254533243,31.715731892775263,37.02479338842974,-0.012082703484789903,-2.300895662448176,30.125284738041007,24.048738777255224,31.482950039651065,-0.009972140240319893,-1.9066465175609197,29.677850108496067,23.620638234416926,32.42811501597443,-0.0005083673964899615,-0.09898965156234743,22.698126914937305,18.129631137529508,24.661654135338328,0.10003784478082006,24.22165839440417,31.709219136744306,20.266937472798485,31.015408929276962,0.12183025279294007,31.14131098086042,37.914506852233174,24.728640515851684,34.96133496133494,0.10036128756139007,24.319017052127663,35.8977050097957,21.70721476510066,37.5933609958506,0.14280737698929002,38.57153166606295,35.20710059171597,19.518876279529586,39.503575936053835,0.10890913277232006,26.948460783261524,31.3351590763093,20.269430051813462,41.40724946695095,0.09361576897814006,22.319655278569346,28.218246633218914,16.86873162282997,41.2265758091993,0.04533099465088003,9.691976088413625,19.910480012347584,14.176094441711747,27.29366602687138,0.04292958693160004,9.131659157193441,15.476084306905676,13.143169100586865,29.63252541047693,0.04061292163919006,8.59651331306587,14.347531718230258,11.525378125420389,16.67839549612947
20,MD,0.002531719460900028,0.867507567332659,4.126587148903431,-2.9799999999999955,12.799999999999997,-0.03205456336433998,-9.819898269603936,-3.2185963343763917,-11.355164096191796,15.431846090871879,-0.05733475328123999,-16.301954194017462,-3.858963541897952,-10.21322277337676,16.91542288557213,-0.05565988900872998,-15.901465957207705,-7.240788346186807,-17.031538619415738,19.592875318066163,-0.00970715060124,-3.1923311253054485,-7.181136120042872,-14.924587863907405,22.66202696824707,0.021322202957339997,7.808962589025964,-4.199300854020093,-11.883310324783833,27.027027027027028,0.02364883198758,8.735493132033675,-8.448917456021647,-16.92924172888554,31.34606427573359,-0.03638166892550998,-10.999692104492597,-7.069579774219855,-14.513798329397668,35.1869606903164,-0.07101172715798998,-19.43494031558764,-10.670077570556202,-20.33436247782959,40.788816774837734,-0.06938264636105002,-19.074126502220317,-12.992806333641447,-20.654911838790927,40.22874191944306,-0.0066144911164899844,-2.19761833910125,-13.40346386144554,-25.224280913771306,42.56825075834175,0.01866011705392001,6.768025349619306,-12.262927540930455,-26.247453401039923,47.489539748953966,0.012458548759549992,4.41931223895888,-11.451942740286299,-24.685607824871912,-24.699599465954613,0.01474534138553002,5.273261549416126,-10.625825627476885,-23.5123458736716,-23.515052888527254,0.002784974774599991,0.9551157334032896,-9.037435401873866,-22.219728065674698,-22.22835079977937,0.01978641253768998,7.2059696968751865,-10.522400396759798,-22.356669547680777,-22.3568281938326,0.010538728830709998,3.7130255358633604,-9.178622367648291,-21.497232741042822,-21.5140551071528,0.019150683278220004,6.958334595609808,-10.758450123660344,-19.89233106546006,-19.90911672820222,0.04966591980635002,20.296315825831375,-10.765806611161489,-18.1099969614099,-18.1184668989547
21,ME,-0.09249289531336996,-23.48939902821346,30.39425808702588,21.098425196850386,22.13636363636364,-0.12918892992332998,-30.01179997348398,24.321627144418574,19.30879329738954,20.08938547486034,-0.12406628635608996,-29.168882661060902,21.707373807862307,18.632366553532865,19.955357142857157,-0.06939449956683996,-18.72157021412132,20.958942112076944,17.230734049851353,18.291877613911517,-0.05533112304646998,-15.51618411958927,24.333444227935942,17.553313460215524,17.59299781181619,-0.011983117865809967,-3.8253600504487597,24.19768325104445,17.8054385292991,19.52846975088968,-0.00039438217888998484,-0.13073475420087768,26.229191797346207,17.773863766895108,19.263204616067465,-0.017871844246510005,-5.599942255726359,25.490478246270452,18.149343166628256,17.954345917471464,-0.035739283772219965,-10.604788664090602,25.749855796962134,18.778962001853568,20.520296030500106,-0.06154337442305996,-16.962747383843546,17.831726871453025,14.307480768516111,14.510973790752187,-0.005658828760420009,-1.8436849723689717,21.53210071541393,12.633197846863672,12.994112699747687,0.008333086235520037,2.8446544413749755,25.076496462038637,15.098787606645697,16.44637053087758,0.013455104851950006,4.674891364943804,25.1482969766552,15.098787606645697,15.00106997646053,0.022957832849250015,8.2489053572454,25.244159325928774,14.780953802522559,14.780008543357543,0.006549471754810021,2.2222537268408318,25.220179973195496,14.51174565354974,14.58422174840086,0.004946658079190036,1.6693361490717973,21.098921446095456,12.017917622637388,12.75702895509863,0.01492714465537004,5.213004275379771,17.266574028419026,10.06190288760867,10.644430718550549,0.027975818064740032,10.236464612704026,14.060865015695848,8.535638673253352,9.494702526487375,0.04944548221824002,19.634777316082257,13.236376228195478,8.75437541986352,8.807450900992105
22,MI,-0.18768012052393998,-43.224683483004,-17.09394742205013,-28.18,9.459770114942534,-0.26315146213495,-51.631939809046166,-18.81784802043423,-26.260310072213283,11.107222027768069,-0.23774251968126,-49.094080574399825,-23.206735125339776,-25.363724539282252,22.18373107518605,-0.18741987893410003,-43.19063402573439,-26.322080556360472,-36.944688323090425,24.548783677740012,-0.16361484805173002,-39.89327898309999,-23.17773245713422,-35.4233478195714,27.551567104205745,-0.15885729334473,-39.18785349916905,-20.830576421593435,-33.37250293772033,31.605859590934227,-0.17189619453142,-41.08292875608382,-19.26893157644071,-31.745176925270062,34.8293926093728,-0.15072505024061003,-37.94292042866046,-18.098727653406353,-29.933985886637828,1.9156678082191847,-0.16095869123693,-39.5014689416695,-16.69328746365237,-27.366504854368927,2.840172786177116,-0.16618479157712998,-40.26757118137132,-19.422437014736175,-27.833601286173632,-1.3058348015338284,-0.029057593538810017,-10.544384560061621,-15.407968061216007,-26.423985794290388,0.6127839408346522,-0.01710524316385001,-6.4885551990693795,-10.214080776870455,-24.056254626202804,3.849509269356598,-0.011133889569839989,-4.321316582412826,-8.939923001163935,-22.515913259251263,5.964170468454434,0.021422858685249985,9.517309029794955,-9.361910703145885,-21.43091565474237,7.4466884801985875,0.0013625427019700043,0.5557905917046407,-8.084048802530507,-20.27972027972027,9.021179164281637,-0.013006789158120008,-5.011800116287537,-10.812469855746041,-20.708055790674567,8.437713504896392,-0.01761527108739,-6.669122063402938,-12.74450926561428,-20.034144893111634,9.359209921910894,-0.01889743565884003,-7.119985877186701,-12.961061189559262,-18.703542995132615,-7.749685169040007,-0.01670313491200001,-6.345702171574419,-11.722072736741598,-17.14351638209507,-9.820075757575749
23,MN,0.18413248094124002,49.93361584521545,14.610058693283678,-0.7401812688821718,-48.315789473684205,0.09093984838295,19.68620041568134,7.02681413896092,1.9138904398535939,-46.93326128073493,0.07225029590862003,15.0322042578403,6.485109717868342,-24.46084517404699,-46.29477713973202,0.11500326939667999,26.263424044535267,6.847968545216262,-25.466754383974955,-45.24672428212991,0.17774912010289,47.38233979081976,13.158442640016663,-25.426152484281722,-43.917761279268994,0.15793605635718,39.988774833907684,12.735946898983624,-25.397366030881013,-42.15022091310752,0.16013383179413,40.77212654335636,12.339809838776372,-26.84094502215591,-40.73627036813519,0.16772154361819003,43.54531978436425,12.849084680070593,-25.764833476433637,-39.15737298636927,0.17596291355808003,46.68390929237712,16.327185816716028,-25.475207548881727,-36.92999357739242,0.09688291476702998,21.246061406921893,9.883074434747462,13.496614619317393,-37.332482450542436,0.18359527409531,49.71550817521916,13.307852675469078,7.728375631188928,-36.10930383864671,0.21428542211707002,63.285411485884424,20.15032607494197,12.690790601955069,-34.04969778374748,0.20229479655690003,57.70087757272344,20.075115987922544,11.097960977919044,-32.71668379582049,0.18539401121451,50.44830805613515,15.621897603176855,10.359074266904047,8.030803080308036,0.1460559305781,35.900876325552844,11.762286654328621,8.65826636240368,5.251875669882103,0.15291246101218003,38.230545664844165,6.939069980979873,6.237470089892007,4.63505594033032,0.16383307020087,42.110628931789314,2.514932411191449,4.106593998542425,1.498708010335913,0.15608580335713002,39.336018159008624,0.1874097514516617,1.9898180915130146,3.151260504201688,0.10540570723926002,23.555331006008178,0.43735370210669455,2.320149486141385,5.139186295503217
24,MO,-0.22872284983396,-55.19245164524693,-8.23321175713366,-13.422727272727272,-53.71111111111111,-0.22670787306066,-54.973520186086866,-14.21049992478564,-21.775021561460434,-46.53490759753594,-0.23138706958221997,-55.47867708804583,-15.133928571428568,-20.825539344057862,-45.8820472850091,-0.22068239488029998,-54.305885754267145,-13.108176739461658,-19.28553267226036,-44.835805084745765,-0.15092250505705998,-44.83610504772862,-10.578581508388652,-17.33790469577293,-43.50420395985897,-0.12327878650431998,-39.90049016030652,-8.635052867670613,-14.713652442573775,-51.42257462686568,-0.12624593225170996,-40.47216469848699,-8.380636178644107,-19.103843703546396,-50.238891543239376,-0.11634009026160999,-38.519777892749865,-11.39365062924025,-19.92011772125289,-56.21189825520286,-0.12463556835829001,-40.16325537055419,-15.619451568356673,-27.362520021356122,-43.51952277657268,-0.17399786859676,-48.37511300181539,-19.713749413420924,-27.830403152470453,-27.848978178039495,-0.0739194131565,-28.473667895820466,-15.045434232086988,-26.422528682350215,-26.421759095725893,-0.04716607845999998,-20.255741400869002,-10.009467704607616,-24.051995693608198,-24.06124681006198,-0.056455975402929987,-23.31515921526385,-9.043062200956934,-22.513323298482568,-22.507440476190478,-0.045587590657009985,-19.71147303193171,-7.936934997847612,-21.426508807392434,-21.425877027536792,-0.031004952896989985,-14.308321098653447,-6.564360220632412,-20.275417521242307,-20.283199387677005,-0.03127009210227999,-14.41304338988814,-10.066232127838521,-20.703580349708574,-20.708031975637613,-0.01835839877775,-8.997221300558165,-9.139670738183753,-20.031068939457555,-20.03838771593091,-0.05146516574729998,-21.701344081003413,-10.358377868594786,-18.699846337715556,-18.696330991412967,-0.058980763326409974,-24.106489914034864,-10.39593589609301,-17.140122678035414,-17.143993635640424
25,MS,-0.10887345192451997,-38.78075328995035,-20.240902428143517,-30.23684210526315,-43.599999999999994,-0.20501182079712998,-54.39720757551374,-22.17039800995025,-28.60989928367533,-42.291950886766706,-0.16367372280069997,-48.779022290461505,-23.879326075056255,-31.307006633499167,-41.53420870767104,-0.15778310077087,-47.86373978079915,-24.576628698848914,-33.06907695415067,-40.19088016967125,-0.103484149852,-37.582543561457555,-21.937375249500988,-31.371026198612395,-38.67343240304458,-0.11613138630351,-40.32355540654518,-18.69681023842006,-28.916179546307713,-36.48648648648648,-0.10045046980632999,-36.887199807789884,-20.103421859039827,-26.499944549184868,-34.3167701863354,-0.07383037586826,-30.049254079331618,-16.012348164552705,-24.36087651221182,-32.40111865761086,-0.12039155349129999,-41.19343997344842,-15.422045009123467,-21.223107096160692,-29.61730449251247,-0.19630258680542,-53.31845236065321,-20.826216233314348,-28.35909631391201,-29.879817654372143,-0.10099189041196999,-37.01243123835172,-18.373336811896678,-28.705895008605843,-28.69785082174462,-0.06005337583001999,-25.893908128240778,-15.462037287219662,-26.25048684137316,-26.242371403661725,-0.05750182712547999,-25.069537609130833,-13.396996747629913,-24.691778876200203,-24.699599465954595,-0.04420409622964999,-20.458079231331087,-12.684015907346685,-23.51855057411574,-23.50813743218806,-0.02895459216575,-14.418032075051126,-13.355026308501794,-22.226133896614442,-22.24264705882353,-0.0016852970779900056,-0.9710573422922253,-15.689841013203983,-22.362795056521982,-22.349701698026607,-0.0037879021855800055,-2.156439461737857,-15.501991762878944,-21.50302025346441,-21.52133580705008,0.0028775036430800094,1.7027657742168043,-14.292562662648955,-19.894844987006703,-19.886363636363633,0.03233505968097,23.17386696049525,-12.775299693337042,-18.113300796935807,-18.10261374636979
26,MT,0.012618752157979973,3.670916036487923,34.90678097402264,39.62204724409448,66.22222222222221,-0.04977301354859004,-12.255101605767747,35.09515928837402,39.78164045563832,67.01754385964911,-0.08305779607644004,-18.90143147532036,27.67974974338923,31.023016957919225,62.709757613424486,-0.08924671759489,-20.027768813848688,27.380894328765805,28.833508918516372,61.405672009864375,-0.03074271789993005,-7.941579431470035,26.627563139269977,21.227866274697462,58.378705384150024,-0.018836705982710034,-5.020378908408548,25.604654517478497,20.45786488230697,58.883325747231076,-0.07267467682451001,-16.93879270175113,26.738149531803412,20.61764505815931,25.744476464937556,-0.07057441276212001,-16.53018864216049,25.345489443378128,18.942849476790972,23.446893787575153,-0.045436575949650004,-11.30812352923469,21.729810335989573,15.446466356326699,15.432098765432098,-0.17027416189101008,-32.332031558328715,21.76953197837032,9.079724409448813,9.242645524723555,-0.11253336593949004,-23.99936011769643,19.316676563285075,6.348397157165548,6.013363028953227,-0.04975623745653002,-12.251477059937736,21.797920455075314,9.625965996908805,13.5668582583234,-0.05049026752461,-12.40978778873961,21.7468307233408,9.38589186021406,13.186338089061827,-0.03968159323845005,-10.01934551376771,16.32525828286428,7.274872198191116,11.238580837051199,-0.019249931764550032,-5.124868093001966,15.584070796460189,5.034948465821585,9.026548672566374,-0.01934454649858003,-5.148760245710793,9.90407270279368,4.678414356976288,8.641975308641973,-0.011613958390270018,-3.1561203092501646,8.06271459893271,3.1920155963569616,6.759098786828418,-0.0008021010871200329,-0.22457107247519872,8.098489551003526,1.337295690936109,1.0615711252653872,0.003811188653859987,1.0810135545942798,10.485133020344296,3.1110077339070736,3.0810119106211196
27,NC,-0.23766234703897,-67.63332040948576,-24.141942990110525,-38.68944099378883,-66.16,-0.27458217138177,-70.71062226509851,-32.63927521258841,-46.12634738709237,-71.14597544338336,-0.25826215807512,-69.42566139214593,-33.677621283255085,-48.32748782913679,-41.53420870767104,-0.25237295459286,-68.9338446370221,-34.80250759586169,-48.690092525210524,-73.61197754210855,-0.2168129844672,-65.59179331684639,-25.922041601118686,-48.39906949998693,-74.44880700694654,-0.20176393587248997,-63.950554219167174,-28.04753820033955,-47.80838576640406,-73.53769158586174,-0.21473346152895,-65.37395674198427,-23.886494252873558,-47.98851331770162,-72.63906856403622,-0.2214968063157,-66.07253960268476,-23.20724801812004,-48.23264107405077,-74.00921658986175,-0.27065231928167,-70.41117785698455,-25.488989494967246,-46.0836792658947,-72.928,-0.28751213546547,-71.65445377649615,-29.866368789044724,-50.322093608454956,-74.96300680674756,-0.19982394629548,-63.7275169420565,-31.293316580877878,-50.586939654093555,-75.13227513227513,-0.12927066558602,-53.19635299209374,-25.153428407435207,-48.98576190599241,-74.27789601702645,-0.12456930510184,-52.272996091725865,-21.14248499790668,-49.50378555350931,-74.89614243323443,-0.1307757929334,-53.48445958192457,-22.48388129315469,-49.963249271321764,-75.05896226415094,-0.07202910749121,-38.77430030233907,-2.8594349893988773,-22.223535437103582,-22.24264705882353,-0.01411852880674,-11.042653460882915,-4.225988700564966,-22.35812325480789,-22.385321100917427,0.004883572934520006,4.48641760873839,-5.40706433792757,-21.499860829456445,-21.52133580705008,0.010248244391310002,9.902860186771004,-7.618528610354218,-19.894501927368637,-19.886363636363633,0.010056269516209998,9.699362408974281,-5.375383756628521,-18.110170897627352,-18.10261374636979
28,ND,-0.07447973042143002,-19.603795878562995,49.08308383233534,41.54416961130742,-40.48837209302326,-0.12097479966329,-28.369862364946723,44.25131269237734,40.368644216280615,-38.89684813753582,-0.08930211790595,-22.62259623049366,46.49259906224144,43.54260732458969,-38.15853069115515,-0.06653703503195002,-17.887148409861577,45.06554989075018,46.33228611090816,-36.9549150036955,-0.005242498766990011,-1.687384742012775,48.14057270360729,39.2947804012936,-35.42770628311885,0.011489465350739969,3.9085683647288176,45.19112488040457,38.39961303251218,-33.376724811247065,0.0004323212519899977,0.14173863430978142,39.88236326924766,35.10405072683732,-31.759999999999998,-0.008759044783180014,-2.7876904017505297,37.62902180954437,34.34733029246041,-29.947987955105393,-0.017081860097540036,-5.2962545204110585,33.59044225529239,26.96757424958001,-27.383654937570945,-0.14210267058948,-31.751382002323403,23.663174233604973,19.630271174292204,-27.834179357022,-0.06364856825831,-17.24454701714911,24.489237860853937,14.888429989101121,-26.444380569129063,-0.012545349369749992,-3.9451942369087467,23.97105734069867,15.63465257931352,-24.0652818991098,0.0020439470683299987,0.6736776044842615,16.18783724660932,10.951998448882371,-22.524977293369666,-0.02169940905679002,-6.632969280104793,5.41497138698687,2.47902169463774,-21.43076450721523,-0.0052447644159500095,-1.6881016682655843,-1.2855063036272891,-5.872262430679577,-20.280373831775705,-0.08730406805673002,-22.228951029372595,-15.844512517164889,-10.161926975867946,-20.72490706319703,-0.13861443728133999,-31.215266983474493,-16.334996061958513,-14.98036718667091,-20.056232427366442,-0.09993291586232,-24.651771659693683,-8.601256202139561,-13.155555555555557,-18.710292249047015,-0.08004702997933999,-20.764881843930276,-4.395043950439498,-7.98051962968919,-17.15765619941729
29,NE,-0.10178779708973001,-36.45741685795994,34.76378794356562,48.51456310679612,15.722222222222213,-0.17001348591306997,-48.935715118564374,25.31431695075287,24.64960886571056,18.82487164860238,-0.19614527052987002,-52.50789298220568,22.99775631645692,21.351790884931173,20.265588914549642,-0.19925568822326,-52.900073211721846,23.328605663422504,23.70708826978286,22.601530311948206,-0.16340746537460998,-47.94593869217746,26.763183029206246,18.54923082884489,25.55756479807112,-0.14603816344612996,-45.15060175098113,24.081090390198298,18.9178683872974,55.44776119402983,-0.17583358529709997,-49.777061987674436,27.06979087931469,21.820498526718172,59.25076452599387,-0.16256094912648,-47.816325296467014,29.73042494083753,25.052115266707535,63.50078492935635,-0.1583011961409,-47.154177329154145,29.470657698824244,25.282555282555286,69.4873881204231,-0.24921858992945,-58.41601084164362,24.172739806972608,20.439335485394842,68.39126919967663,-0.22531527331877,-55.94783026924255,24.614548329709415,18.927113702623906,71.65224557066337,-0.19097090233888997,-51.840804717840314,24.074985239126146,12.172765270954018,77.20119098256059,-0.16831820486577997,-48.68531997637237,25.852173479063723,12.511032656663717,-22.52185233401526,-0.11090818452958001,-38.467473133268825,21.76243360695316,11.563286292528161,-21.440693946822563,-0.08948440459328999,-33.52819314253256,17.764909167328256,10.157347063694948,-20.283199387677005,-0.06207919311361998,-25.921651517602218,11.822092146689725,7.257046697517875,-20.708031975637613,-0.006693975798649998,-3.6360031875238703,7.553527254115831,4.856565102649353,-20.03838771593091,-0.009268734835669978,-4.965109700791873,5.705063715627089,6.599303135888501,-18.712195121951225,0.006940868274870005,4.071660892924023,4.318868158689447,2.8750126097044326,-17.143993635640424
30,NH,-0.015816726747449994,-9.25869395048397,-3.823933975240717,-18.893687707641195,-42.8125,-0.11652668871514998,-42.913103830075926,-12.245324854620764,-16.633656604289026,-41.214262769033084,-0.16099615282642998,-50.94645601998261,-17.6248821866164,-22.62614097363083,-40.0,-0.14622858826052,-48.54174778866863,-15.857033976493243,-29.215112064716287,-38.32153690596562,-0.11909978305375002,-43.4489753908384,-8.692813302572585,-26.76466176691166,-36.19246861924686,-0.09276326930145001,-37.438114402270664,-6.1308511590441315,-24.093650892357445,-33.86338995301771,-0.11029110951301002,-41.57136792863595,-3.6339412872697188,-21.349871134020614,-31.460674157303366,-0.13505903528285002,-46.56029861221393,-2.9428095502498675,-19.333201163098067,-29.696504033807148,-0.21086523397805002,-57.63241298425101,-2.780867630700779,-26.922501272188466,-26.91693290734824,-0.33863384155475,-68.59821346885754,-7.44793505118249,-26.909373970839194,-26.887734718337995,-0.24785991430247,-61.52289562144107,-1.0472686102462492,-25.46786750114487,-25.45824847250509,-0.14429050266444998,-48.20854070606575,3.0711021571421555,-23.195746555087148,-23.17380352644836,-0.11651959761406,-42.91161300746488,2.3668927821970596,-21.69799217396882,-21.694480102695763,-0.07086501095013001,-31.37294618030257,-0.47919533140390913,-20.633940182054626,-20.607375271149674,-0.08036431695082999,-34.14256582021169,0.5850196604967867,-19.543222489536305,-19.52506596306068,-0.04671819058698001,-23.158480036537064,-2.8529084846239336,-19.63062944429813,-19.595782073813712,-0.05046955292645999,-24.561316839228358,-5.4453660295708675,-18.780357974582472,-18.77496671105193,-0.02846415538628,-15.513618353430708,-7.08305647840532,-17.286125698797218,-17.269439421338156,-0.025504680658199996,-14.128527220605816,-6.515732239950086,-15.502561262633261,-15.473441108545025
31,NJ,-0.05833566937153001,-10.793975550504685,14.739490512632353,16.592137592137586,46.213114754098356,-0.11617448479587,-19.41790488099941,9.893236052076709,13.695282363370623,50.278011794439756,-0.054293360642519994,-10.121724554042194,2.6767566215328813,11.614724214982946,53.37919174548581,-0.04160821652300006,-7.944758189294982,5.6365215712769166,7.752219623515518,57.69094766619518,-0.09713519320823005,-16.769244746899847,11.075403403132508,8.071238242729281,63.17233809001098,-0.10225570580408005,-17.49855428382899,13.923391853445283,9.117457689477552,69.1126279863481,-0.04786644677419005,-9.031791275842634,14.948363381760913,9.155107768039922,46.42915777376457,-0.12574201286713005,-20.686256902935625,12.49486090174045,8.819684912972683,50.17679744064657,-0.06553174465980005,-11.966151032615226,11.790140269644557,8.310508536474018,34.1203007518797,-0.010792661961530003,-2.189609293950343,8.477320030394141,3.876800490346303,34.14047225146639,0.10650050868671995,28.353984414599903,9.133512812842762,3.100421500890797,33.63799820197783,0.13993393456165998,40.895195528682706,11.78252876693675,6.597627819211057,37.72390364422481,0.15486580516353998,47.324104417255384,14.719446579554186,6.365857485486289,40.412468513853895,0.13023212253407995,37.01050900317249,15.081312210850987,5.566060821783716,42.31689803733843,0.06140555500539996,14.595858442278248,14.795650805859545,4.998451121830326,44.273697832416694,0.04841284923856998,11.162801028090454,13.879929247736984,3.2597105864432514,26.63637654408631,0.013202310188599964,2.8155403389618745,9.559559559559572,2.6032995308006583,26.70833925273476,-0.002484086184640022,-0.5126108011786066,9.068261086198309,1.4039661509530714,29.03645833333332,-0.03269686166285002,-6.3512761069160675,8.341307288745185,2.984070489170537,31.820869051138047
32,NM,0.040732272203260006,18.26324249299401,22.42211496270294,18.926829268292682,18.52173913043479,-0.010114487921579984,-3.693097562866089,16.82194075159635,13.584656598206315,13.041675305826264,-0.04874024947315997,-15.596818886922744,10.41852181656278,11.600228876597377,10.790489737858163,-0.02119487160197997,-7.437949459961264,11.913357400722017,13.956296498266655,13.112033195020748,-0.009740752976840017,-3.5614959983289256,13.483831604636965,11.387778412335818,3.788311441081291,0.014377967031270006,5.765415752786118,14.017163874131588,10.965294898539742,8.84408065482132,-0.0063268301489700085,-2.3425086610932055,13.62826452171256,10.345868064722968,3.47314480926173,-0.08104064300434999,-23.503556702565195,7.163433839062794,8.960893854748605,1.8304071722077024,-0.08706886132425001,-24.81797531122279,5.726872246696023,3.55373070933032,3.808073115003808,-0.17427924258275002,-39.786128517985205,-2.4262295081967262,2.0154822512030233,1.8684603886397606,-0.08488907171197002,-24.347930922640217,-10.184700816868537,-13.094106463878322,-2.8337194795936487,-0.06698314195024002,-20.25225520339471,2.1931230255024916,-1.3621038435603574,-1.4461315979754106,-0.02464116141892997,-8.544028838958912,2.4182076813655677,-2.0326156112915625,-2.0481494789795067,0.009830529835149981,3.8713475100080545,-2.92697777584483,-3.0230708035003993,-3.2132078821231937,0.024101070993190005,10.056363592849825,2.0296215030170037,-0.9748172217709165,-0.10993037742762031,0.054974452614510005,26.33046083465681,0.7765938233700556,-1.2788932006073968,-1.5706806282722467,0.06252754938272001,31.072149292037167,-3.3264033264033293,-1.9899497487437179,-2.206278026905824,0.07650203274705,40.853607954800694,3.809125156969442,0.3188972327949823,0.5718502121379861,0.06967241868744001,35.89723228655449,1.8294630229481232,1.760000000000001,1.3759761993306097
33,NV,-0.19415948589238,-43.85814194028432,4.694263500735456,13.617977528089892,-46.0,-0.22285413905242,-47.27560774326886,4.173287613949996,8.064975776574517,-44.005184705119895,-0.23940627346586,-49.064129203559155,6.452439962396374,6.4906799592796744,-42.93262879788639,-0.21065801990242003,-45.87526661419407,5.153855894643539,5.925486225077701,-41.73971679028995,-0.18044510986719,-42.0633204124477,6.675801824176767,5.65985162481279,-40.37267080745342,-0.11477032056725003,-31.590218584271383,3.4766355140186938,4.918032786885256,-38.54907539118065,-0.11043966630631,-30.764936063541327,0.9277640481302888,3.176654649343593,-36.47058823529411,-0.15617435085076,-38.58884655831839,0.16082341588935578,1.7440300509793358,-34.44613050075872,-0.17487473980241,-41.30111445429151,-0.23627407793040062,5.3004269499114995,-32.12882953652789,-0.20036996461029002,-44.63484182071609,-2.8809792990526635,-3.3700707141491955,-32.39436619718309,-0.038013700152259994,-13.265850600197476,-3.088773049093596,-4.027333987155545,-31.645569620253163,0.025739076399769995,11.552533323368456,4.645887591363523,-0.8043947420050943,-29.698942229454833,0.026434921863779992,11.902023530775883,8.251857645678534,1.8396669799919492,-28.2392026578073,0.019514599948859984,8.52073827857077,7.4117190531625905,1.8089069369399555,-27.150084317032032,-0.016937095846889988,-6.3798863550686615,8.81453655979733,2.4276597899854804,-25.773195876288657,-0.028668846069820036,-10.341990599883696,6.2209525433846435,2.3654462628648525,-24.93483927019982,-0.03818403577732002,-13.317377319121343,6.941403734707026,3.0889998980528195,-23.472099202834357,-0.0550327044866,-18.128382640639586,6.116885329698421,3.776683087027922,-21.311475409836063,-0.05059742897608002,-16.914479171563933,7.1760454310789905,4.075751337999175,-18.64406779661016
34,NY,0.05463053687826003,15.431443077481378,-7.297160045314273,-21.05479452054795,77.225,-0.05879627610770999,-12.578149781443837,-14.17670247007341,-26.86919445713416,82.14285714285714,-0.026720426183020007,-6.137379829168468,-15.499928785073344,-25.361342796456515,85.91660110149488,0.00440370719036004,1.0893584899011104,-12.438196443066927,-23.260273242962537,91.12968455109193,0.032524884226319994,8.647324204281636,-7.517537022603281,-20.60233660310813,97.7957589285714,0.002340830318830034,0.5761184082101318,-7.531951371571067,-17.706697129801515,105.00289184499711,-0.005452673082069981,-1.3167396016634219,-4.024104181832884,-14.73338462448956,112.37267825044937,-0.0032915810148099744,-0.7990379022101028,-1.5801260783012618,-12.546663024674507,117.85494775660726,0.006660028340560009,1.6567587899199938,-1.2730374006739618,-9.060783942435156,126.55800575263663,-0.01822573961949997,-4.269550993621842,-3.170393340949898,-9.043560606060616,41.6100679184978,0.06287378058554,18.183296594238605,0.6617179215270423,-7.251834685206653,44.40822978203299,0.07790691890940005,23.555012940010062,6.069816296428737,-4.424690702842559,48.803526448362724,0.09647655153208001,30.90464660270652,8.738086510263926,-2.5598539158663765,51.70126257222343,0.09812124281736001,31.597969574690875,8.425092520674372,-1.2339331619537353,53.77440347071584,0.07738617558545002,23.360786585472464,8.663400338843362,0.12509121234231793,46.70943708609271,0.06060467543057002,17.412795784582098,7.966333030027293,-3.5578017270232265,-0.3514197357323587,0.06259075012273002,18.086638775539384,9.475480924482167,-2.540079821416508,0.7103281716152863,0.06934093411884001,20.435833639333232,2.3108428540633814,-1.9130612383837713,2.560763888888883,0.06171101466672002,17.78720697074595,2.41239426894528,-0.9623646674686412,4.773869346733674
35,OH,-0.09205433763228998,-30.473824834607672,17.473212717372206,19.6810035842294,21.363636363636367,-0.23391421437384002,-52.69090311349793,13.679245283018867,13.147639863101897,24.616615548739844,-0.18246422784321997,-46.48928453721898,12.683235046335293,12.662797759632912,12.930513595166165,-0.14414497888289002,-40.699676241640596,14.227763781544898,12.302828507046057,12.509029617144233,-0.08976220702978,-29.942232928287023,15.435401743333038,12.163251595566019,12.658227848101266,-0.07788066108489,-27.051000863533485,17.975744211686877,12.92569921201259,12.481945113143963,-0.09579265088555,-31.32371962056911,16.11685042104349,11.63824807756603,11.635407956038717,-0.08205254503845999,-28.09297573384088,18.15812720848056,10.72755007295398,10.005885815185403,-0.11362975858682,-35.10860458282812,17.60749142706409,11.63824807756603,10.722748815165872,-0.17143220861643998,-44.941705298031714,12.205863847992951,8.836375488917867,7.909930715935346,-0.028817571503649997,-12.065639864737888,14.634041823791556,10.07054324894515,8.979591836734697,-0.009932026128110005,-4.515492615947515,21.182332955832386,10.092317837124963,10.408790170132328,-0.018015365350719986,-7.900167269177545,19.573574110495258,8.673436177829863,9.605911330049258,0.010895266249389995,5.47151246127959,15.470281003151037,6.72824905708624,7.265840220385672,-0.00998541916300999,-4.538665462813765,13.84373138139416,6.998429839459106,7.909930715935346,-0.021489340279229996,-9.282181423402772,9.2055845852384,4.9140666729506535,5.50976628655302,-0.008258275181159985,-3.7833284867150847,5.514140338421485,3.128667613811864,6.39872480929068,0.004802780410859991,2.3403124354474207,5.169838024846665,4.844888219040444,8.17224215765714,0.00852460609743999,4.230619944148746,4.032822586917635,4.930551190999935,1.631321370309951
36,OK,-0.08128218576330001,-32.97629691504511,3.4273637783699384,0.7536231884057913,-43.625,-0.13940702976396,-45.765511158338505,-0.6662842518642681,-2.211907022541063,-42.32736572890026,-0.16116872144674002,-49.38172137054249,-2.7181193552569,-5.189226048414602,-41.58031088082902,-0.14670160387735,-47.03389762617975,2.39708892426655,-2.680758731714154,-40.225314777998676,-0.11151275978740002,-40.298445598926214,9.868228404099561,9.9478095840582,-38.72282608695653,-0.06198208952996001,-27.28245800498128,10.64582718961958,7.250848503548293,-36.52357494722027,-0.05090833756193,-23.55636758373244,8.821965485570649,2.148918194174031,-34.35225618631733,-0.04581226084827,-21.710246030118306,5.482147877424805,-2.5648213034337752,-32.43445692883895,-0.10374979330205,-38.57524892783261,0.8963786303334529,-11.462047885888946,-29.6411856474259,-0.19413673285678998,-54.02573038682341,-8.05799469062691,-15.482341498997021,-29.914529914529915,-0.13276913169937002,-44.5573405215408,-2.1132272371510505,-18.25744436932303,-28.75197472353871,-0.10210183618048,-38.19656224066969,6.238791882963661,1.5631848064280398,-26.307189542483666,-0.08931458896619002,-35.091507138486634,7.419955146251855,0.8925331978811333,-24.707846410684482,-0.05298519518329001,-24.284002913733197,4.058426550799667,-2.3115295440174384,-23.559322033898315,-0.04635868263074,-21.91245145961367,-3.9959060087850244,-12.854904418677544,-22.24137931034483,-0.09452230260000002,-36.39297014668069,-17.253547011688596,-21.883251868082485,-22.37521514629948,-0.08330639632032,-33.52222903336754,-17.671152720889406,-23.366494887976415,-21.56521739130435,-0.03724850213833,-18.398590924536958,-13.040791100123606,-22.564116844420937,-19.964507542147295,-0.042950833941910016,-20.634028621382956,-11.184755592377794,-20.215757158432325,-18.148820326678766
37,OR,-0.06039496375411002,-13.801436276422319,27.432327250713485,17.40277777777777,17.5952380952381,-0.14502469522487998,-27.770333770999102,15.28831859791878,16.522386413762664,16.36235127812463,-0.11990765260145003,-24.120861818320645,17.116401065055832,11.646766694843611,12.224494433083397,-0.08636084067573002,-18.629715609831266,19.709155902185387,12.595572368596311,14.59396751740139,-0.010095773506710037,-2.606706771574729,25.687721243655904,13.817525717671138,13.60552041403105,-0.021493850778619983,-5.391010332645681,25.84336834913314,14.778806724058322,14.687100893997455,-0.02702197471119,-6.684865873862207,25.543154127971363,14.598302649060486,15.087964581148785,-0.06599884813334,-14.891335892415421,21.365620624330777,15.314307541198296,15.316367032453893,-0.13320271937209,-26.097359894541185,19.943019943019944,14.704046462398551,14.927283304246652,-0.136002218941,-26.500492861980756,16.04646583973223,9.770667220736048,9.427273734352504,-0.010263009149329982,-2.6487429269343643,23.813124947483395,8.488628779711483,8.692781690140853,0.03734320506173999,10.987789236440452,29.823788546255503,10.893920709469205,10.826882082351629,0.04824864328827999,14.667224388343891,29.46448183455608,10.821228171377625,11.288868859846772,0.06184977246905998,19.612783447452177,22.940219431813432,8.818228630278064,9.233661395554565,0.07592745034327997,25.2018987011254,22.30753268312928,7.959334848910564,7.732577162176904,0.06688550764474,21.5538150384406,13.950970535921423,7.029805768695077,7.287933094384716,0.06788794138525,21.94774732990704,11.78969729155602,9.093490268958742,9.35458873021145,0.040367329037230004,11.984238575892624,10.20118166180539,4.394111544731503,4.319357904741793,0.054138510518210003,16.75774294170118,10.560870380791588,5.38848992619189,5.511642811365089
38,PA,-0.14763473530271992,-28.73383091010348,-0.3508110147114322,-7.762666666666671,11.085714285714293,-0.23585869351935002,-39.177555109111466,-6.85776743530075,-17.31844910838074,14.185022026431735,-0.23783971213951,-39.37704051702406,-5.315412186379922,-15.613945204811047,16.54676258992807,-0.24980521114214,-40.55466624849679,-5.097715188963931,-17.2789018032238,19.8151001540832,-0.18134185653958995,-33.12130377220995,-1.1783630106239629,-16.26966836117164,23.979591836734706,-0.17053711593543003,-31.77492349066453,-0.09076812526001629,-16.304111113799692,28.48645076007931,-0.1873467601782,-33.84685140304133,1.580404522033382,-16.594728846663934,33.150684931506866,-0.20189013527333993,-35.540503491014434,0.2542694497153761,-18.238978844108267,36.56480505795576,-0.20028273726029994,-35.35758843511769,0.44868626183505333,-17.97528990490645,42.00146092037985,-0.27838985076644,-43.190935108268604,-4.480040497541216,-20.756489266649872,42.00146092037985,-0.14080122354316,-27.773220746544492,-0.7513994815343576,-20.051312869822485,44.80446927374302,-0.09520649321913999,-20.635478322531768,3.0424776689940365,-18.909858164341816,49.251439539347416,-0.06263879890023999,-14.607753414369942,1.0480817044715638,-17.326354032219516,52.112676056338046,-0.031232986178079958,-7.859345315842731,0.9746961241495341,-16.202727911427672,-22.90303390838786,-0.06145297291457996,-14.370953205976228,-1.4327823588671973,-15.050224721860655,-21.8335343787696,-0.046480581619679995,-11.264007548562837,-3.520689529235596,-15.144006672881611,-21.927710843373486,-0.030050626520309986,-7.5843863939194245,-5.54900067932353,-14.247818326061093,-21.1038961038961,-0.014889926114859953,-3.9075399136230935,-3.6157326328079273,-10.802516891020678,-17.276595744680844,-0.025307144041509966,-6.464586842597292,-1.067335780091366,-8.87799994731157,-15.49663116713757
39,PR,-0.14841102288278,-39.31443790891276,13.93249976497132,3.1654135338345926,389.99999999999994,,,,,,-0.10024887816575997,-30.439755257201778,14.114877589453856,8.226849660829789,414.2428785607196,-0.06195601930981001,-21.287619039225085,16.372191280967925,11.272402887032685,428.5053929121725,-0.06146542702060001,-21.154714433462285,23.411405295315678,15.128377244504113,447.0494417862839,-0.04688004919946001,-16.987584938463456,28.99414582224587,19.32341942777634,466.9421487603305,-0.04058382300881999,-15.049422194507514,30.987894509295288,23.634889169219683,487.32876712328766,-0.03354096155581002,-12.771308614386227,34.9554565701559,26.81146025878004,502.81195079086103,-0.04835158129722997,-17.427882967582587,37.46597096188748,31.869293608841915,525.912408759124,-0.06872302386978998,-23.07616852177637,34.3867819915724,31.881968473663974,525.912408759124,-0.03345409456094997,-12.742447192914568,31.58523344191097,34.49323662027055,538.7337057728118,0.01441873218768,6.71676676055305,35.66550990708608,38.58196141803859,558.3493282149711,0.02489197256689002,12.190324026527906,39.15489723274773,41.29337864277624,571.2328767123287,0.005395183857230007,2.411888105607764,38.06106174527227,43.21052082246112,580.5555555555555,0.03547058868265002,18.320080929491287,42.9295907536266,45.1804041900328,590.1408450704225,0.028489742444880006,14.202495139603855,41.494454173963796,45.026952753408736,588.7550200803212,0.055223905922250016,31.762962788214864,44.79091995221027,46.56056398205512,595.7403651115618,0.0017390889097000095,0.7649478061268513,51.67709637046306,49.25486783422169,608.6776859504132,0.03552118642289001,18.351009658970995,48.57177884025991,52.47249694410492,623.6286919831223
40,RI,-0.04503121947704003,-8.0367632018436,-5.716309941084351,1.5065274151435983,-27.4423076923077,-0.06282324926137006,-10.867055027469691,-9.457136718470242,0.655033140016563,-30.74522760646109,-0.0017245912094600024,-0.33357099599650025,-12.311427085139597,-1.7264914054600708,-29.31809666541777,0.05230410940601998,11.297270886785938,-12.402563658409834,-1.7984793755841282,-27.33050847457628,0.05607526063678997,12.211275056249978,-13.029271145048678,-1.6220456500835125,-24.810681546432846,0.08628995687777996,20.114481300559525,-12.305344570457459,-2.671239735629886,-29.608208955223887,0.11296318184179999,28.07787577888924,-10.9933821458744,-2.3240038189035728,-27.06359945872801,0.05344795042796996,11.572923561960689,-11.274475401782588,-2.873060684038274,-28.649773071104395,0.14819116939583998,40.368837591950566,-12.00626413781104,-3.1344213280179494,-29.07894736842106,0.17775026941127997,52.66145987554356,-13.392704230176399,-5.871386373541234,-29.065613837187442,0.24828591856423998,92.99159648599765,-11.426769888254467,-7.1793524973736975,-27.6648773006135,0.25545128304618,98.31369119928392,-7.033605412162667,-5.217348904112937,-25.464243382062428,0.25960738126522,101.53733635458056,-7.323241579005238,-5.928327727635686,-24.008056394763347,0.27392057216352994,113.4887765304546,3.436285538965026,-4.650136119490848,16.378778531770497,0.24049703989382998,87.5212229828631,7.117136199957629,-3.3391347588264564,20.658778381835617,0.20806555241796,67.72557183897368,8.389060356652946,-3.444764553943971,15.311735941320286,0.18404799683246997,55.56398199176423,7.857356140425707,-2.4245162261877935,9.394027254276587,0.15858259082250997,44.4580592580362,4.977995516067417,-0.6313260402821868,11.39651609093593,0.13728323952522997,36.31822979818184,6.850067613252202,1.5144789409091977,9.330628803245434
41,SC,-0.18306050942684,-49.3445877365909,-12.345227522073035,-22.73949579831933,18.450000000000006,-0.25037541185567,-57.1243571278686,-16.51490272179927,-27.34887396286053,21.23848515864894,-0.20837724603259,-52.58058937882475,-17.092454415180118,-28.885794949143367,22.74611398963731,-0.14975925714704003,-44.349103555358454,-16.42757521418609,-29.859627708269766,25.609756097560986,-0.08057395805071998,-30.009211692264042,-13.229209764170466,-28.079164548050215,28.820010875475806,-0.06604670082653002,-26.005693370648224,-13.121375310687657,-29.080530700401102,33.38963963963963,-0.06318455263035999,-25.16230063901001,-13.184311290489493,-29.33128362797848,37.89289871944122,-0.10775067616321998,-36.44237476884981,-11.903386715673399,-27.277041724342492,41.941282204913115,-0.15114755166048,-44.57696094198341,-12.358963643961554,-29.60183767228178,47.87765293383272,-0.19206717102864002,-50.54523880896914,-15.701150580314524,-29.883698760724503,47.23430702299566,-0.09963244525795001,-34.64802636183038,-11.26507298497991,-28.70381140708,49.74715549936789,-0.054290072719470006,-22.41413702141385,-6.89234184239733,-26.2503509405206,-26.245330012453287,-0.01790610325780001,-8.69948083513577,-7.533755855607599,-24.68872870249017,-24.698029243483788,-0.00023669133407000498,-0.12579248824641534,-7.919433620547724,-23.517178271358453,-23.506619309008713,0.035473600473680006,23.269028247978913,-7.23211323675772,-22.223162169021233,-22.22586999343401,0.056662903841569995,43.16826489882518,-9.155882830689261,-22.361087654112485,-22.35332677810554,0.04104348221977,27.943551820075225,-10.421783235451153,-21.502668089647813,-21.50430748840291,0.01916960434354001,11.35950610784703,-10.138717797654119,-19.89544761489872,-19.885018599932362,-0.021240661845639996,-10.155021728540753,-7.73207215134184,-18.11177911378313,-18.112685793294155
42,SD,-0.026316104017180014,-13.36096951433701,40.47156577101544,35.44859813084113,-40.46428571428571,-0.06649546949645002,-28.040371551083716,32.217764460921245,32.85969656689739,-38.87055372203886,-0.08762906523737998,-33.928524821867775,29.785643070787653,28.729404449971145,-38.12175204157386,-0.06657962265126,-28.065898383848477,29.766236355480252,27.422190961842812,-36.92773363601967,-0.025548048876880003,-13.02179813006056,34.19411370547912,26.808994662700147,-35.412630763270045,0.0006355668200399844,0.3738389483827603,31.62285136501517,26.74799947527221,-33.34666133546581,-0.0008486158134200228,-0.49483401306263464,30.20104020804161,24.961200206932233,-31.736281736281736,0.00025919748507999274,0.15212259890510718,27.322965571205028,24.53170647877643,-29.928541403951233,0.001560221784549981,0.9227374653688966,26.684832854848928,24.11578316348378,-27.332170880557978,-0.105595946834,-38.225832094209586,21.43756705070201,17.939536965455506,-27.804244261585094,-0.032810824083310014,-16.1266426016211,20.026739200590118,15.957914949793981,-26.401766004415002,0.00402724146977998,2.4170334309966868,23.752257819184347,17.786175789345364,-24.02005469462169,0.011473013058679982,7.207870093606254,24.08254694500049,16.82721373584297,-22.50116225011622,0.013925071002029998,8.8852414007675,19.64064151463628,14.905256481408081,-21.4049976426214,0.02247986982213998,15.172026614676334,17.69359432213734,12.536397872423038,-20.23923444976075,0.02476635759482998,16.977204167177675,12.822846247183234,9.704034516690632,-20.694576593720257,0.022828710606059982,15.443825560251822,9.870864280891295,6.401879450847954,-20.009596928982717,0.02761251321833999,19.30487117670438,7.405115511551162,4.187484274468939,-18.682926829268283,0.03053739836267,21.79545328463357,6.543624161073828,3.466000356951646,-17.105917454002974
43,TN,-0.24398296104506,-63.712518000140605,-25.13304810602107,-39.168627450980395,-43.599999999999994,-0.32933960085502,-70.32660395698734,-28.686446995676157,-37.750311007664834,-42.291950886766706,-0.27317979839291,-66.28319491400718,-30.0560565439922,-41.534750489974364,-41.53420870767104,-0.22284477734080999,-61.59245127560532,-29.01454437518551,-40.1843211352331,-40.19088016967125,-0.16332582864799,-54.030162688586906,-26.10083947056702,-38.668353629606194,-38.67343240304458,-0.13344126737670997,-48.9869204205382,-24.807420216947023,-36.47309361946105,-36.48648648648648,-0.11491243767657999,-45.26374912921258,-23.287890938251802,-34.31571815718157,-34.3167701863354,-0.15046927223724998,-51.98816930472739,-22.529964366699055,-32.40664081223583,-32.40111865761086,-0.13076511084039,-48.48078029334511,-19.95872148156412,-29.59970953980212,-29.61730449251247,-0.18232186699713,-56.74816004443406,-22.542510121457486,-29.879757707259742,-29.879817654372143,-0.08566911287860998,-38.13793210008246,-18.789971135887708,-28.70340580043204,-28.69785082174462,-0.04997128205749998,-26.449369776188636,-14.837675826458543,-26.24572080639026,-26.242371403661725,-0.03361088045384,-19.476502008424724,-12.713668714641996,-24.68440473878423,-24.699599465954595,-0.034127294740619984,-19.716746965924532,-13.283374629842262,-23.510848126232744,-23.50813743218806,-0.017040682352740005,-10.923427197243326,-13.272892112420658,-22.218322218322218,-22.24264705882353,-0.016764959192829998,-10.76571076168198,-13.726551226551218,-22.358476400220226,-22.349701698026607,0.005142044064000012,3.8425504508910406,-15.80707621897553,-21.49797570850202,-21.52133580705008,-0.0005781048613599793,-0.41429725136291584,-14.655326235650975,-19.89258417682296,-19.886363636363633,-0.0014668267962099912,-1.044544663881162,-13.19944346984453,-18.107908351810785,-18.10261374636979
44,TX,-0.020665346865419987,-8.720811200642494,19.515278322653767,10.651567944250868,-13.595744680851066,-0.07351355292842998,-25.36576269715297,14.580634376697738,10.536025060911932,-13.429972287358765,-0.07887013853995001,-26.72018141890119,8.072526606227836,3.184195990512399,-17.45934959349594,-0.054323662320209964,-20.07346850476749,9.58433253397283,2.667140825035562,-18.747498999599834,-0.018474104170579986,-7.868867143548394,13.119894380724487,5.274149704965845,-16.68034468608946,0.007028178569090021,3.3583884681448546,14.63812351047373,6.442098206804078,-15.30761209593327,0.03030374387874002,16.292616802832523,15.327668881971901,10.060996742219439,-14.016514926953203,0.028397256179400004,15.112698874117806,12.134473027688037,4.546352383460627,-13.096511876738706,0.0034555869680400197,1.6235231590949422,11.896502469085421,4.857029650663666,-11.079483249397859,-0.07198869821622,-24.970998145799943,5.223164600683123,0.7071732098687189,-12.966138019717096,0.0015793582668600092,0.735539137946564,6.057558409407406,-1.1332150306652926,-13.00342759211654,0.037809904194000016,21.18313143767474,10.480718862070363,0.05671256183244804,-11.505774678579213,0.023388017652230003,12.1236394577279,9.73784270562338,-0.46699680310913594,-11.118406653534688,0.023729593589650017,12.322520647501126,7.517352260695666,-2.132577275108637,-11.176727909011372,0.004544626356410009,2.1461627492910003,5.824230962213915,-3.5474563401670482,-11.118406653534688,-0.05424165811861997,-20.049241926985047,-2.982909309649342,-5.9943164999111955,-12.666666666666668,-0.06330780538913999,-22.641601493399254,-5.157563388564104,-7.7314196060201095,-13.059302076643121,-0.033870413921419984,-13.538907909291211,-3.2328651090562466,-8.518177104338305,-12.610286206154509,-0.007306807445469993,-3.267695719970306,-2.824738614212288,-6.671172892115082,-12.004333694474537
45,UT,-0.03182909352600999,-11.5286783119323,25.66360333404575,28.969798657718115,10.649999999999995,-0.06420675987205998,-20.814999830163345,16.247528667457495,12.226245400922737,4.288407163053724,-0.06266538635351998,-20.41733054055507,9.379418111466642,11.258105604446499,1.653651814423516,-0.030957284971209975,-11.24842390448923,14.255178578368508,13.60962487806319,3.799249530956842,0.02523573077475999,11.522038445760353,20.10867344854353,12.558207643871722,1.793928242870288,0.039603071383320004,19.35122618765761,22.195436219294237,17.874559116699885,4.93124703651019,0.02953543321766,13.7552154832214,23.468144975011544,18.08461609364917,4.190207156308854,0.017116679085229985,7.535724435666465,19.198021407719764,14.931220095693783,3.3629145259224607,-0.07276984640296003,-22.95383356107436,15.739537813471918,13.098110764522392,6.959884001933289,-0.10409250635869999,-29.881616923418484,15.208872168665255,8.359648133528808,-1.0728654447921413,-0.013495578349579984,-5.235862700948017,15.407866844625891,7.83972614270883,-3.446771378708563,0.02488472424148,11.343597759521343,22.813100509649935,10.65587930438788,-0.6732495511669754,-0.012048648717480015,-4.700888286456698,19.033929872864206,9.40533462381507,17.650186071238704,-0.01415595077659998,-5.478031638969771,14.312932576405633,8.246725813265728,14.841722885313956,0.0029401792624400014,1.218388991253609,11.237655605584768,8.45137987471076,16.966173361522184,0.03307753808545999,15.663226021028857,8.720091712584587,7.724864758808196,18.34224598930481,0.031083306483129985,14.58120174704915,5.131597768559585,6.99908126618224,11.993927125506058,0.04934567257877001,25.316967581460354,8.443378827001101,6.886002725477651,11.206030150753772,0.058542081474900004,31.522528376905235,5.425661622319441,6.598435679813602,11.094377510040147
46,VA,-0.13879540406379998,-51.13281902969846,-4.594330400782017,-7.299999999999997,-32.31999999999999,-0.15830469388526996,-54.409544401163146,-10.920458175512255,-18.587956775745536,-30.740892345476865,-0.19020019690655998,-58.913647665635196,-30.644874755729262,-17.54263835711799,-29.850746268656714,-0.17490801405347,-56.87075134752182,-26.133353515477182,-28.901560624249694,-39.180445722501794,-0.09990697906335,-42.96104023348587,-13.020229926031549,-26.636157181198815,-26.402783819051752,-0.07611073824130998,-36.459138265282334,-13.167259786476878,-26.344698932531873,-23.783783783783775,-0.09898212778159998,-42.73329301861537,-12.230215827338137,-24.76445887293129,-27.02178132413197,-0.10884477796431,-45.072109393926844,-14.577042580193428,-26.370135027799833,-24.900133155792272,-0.11308175568812998,-46.01920911740968,-14.633079681623377,-26.691651767294722,-21.793390339727292,-0.15918377350726998,-54.546876873700526,-17.969406622961852,-29.883583267561164,-22.099447513812144,-0.06951924614454,-34.3874169402318,-16.6381961052272,-28.704230061862564,-20.786516853932575,-0.05075242654602999,-27.673386422400558,-12.87659004686455,-26.25043237634037,-18.062953995157372,-0.05185178205806998,-28.104355623683286,-11.377462998274767,-24.690049803963124,-16.32047477744806,-0.04765767354168998,-26.43196089998125,-11.481951750408136,-23.51485148514851,-15.017579105976889,-0.03433961277771,-20.56447131195176,-10.178538560647894,-22.223032867617547,-13.585291113380984,-0.02452447417846998,-15.603787472645624,-11.00168695572882,-22.358981828775352,-22.367515485203025,-0.03222001525036,-19.54320671121838,-11.754068716094034,-21.501417473583448,-21.503131524008342,-0.022833424803249985,-14.68586158228783,-10.306483481137715,-19.894048692515785,-19.905325443786975,-0.028229256110109985,-17.54734594701874,-9.671448403516893,-18.112685793294155,-18.12242922816355
47,VT,-0.10432100525872007,-20.45074314662008,34.21999242711094,33.06968641114983,14.350000000000005,-0.12842742897041998,-24.040398821625065,26.03555555555555,31.729442604856512,,-0.21544367183675,-34.68010606595708,18.256880733944943,28.411956558286537,91.94292908099037,-0.14790154707071007,-26.712017349024325,18.75706687884752,17.35910515641325,4818.279569892473,-0.10716379864289999,-20.89160770361277,22.948189898114016,18.716195212931314,21.519659936238046,-0.10786278532166999,-20.999260129344034,23.16178067318132,19.06409776780148,25.970806940236844,-0.08592873581878002,-17.475264823296783,24.541062801932366,18.88249027237355,-3.8267451640033645,-0.06754344182868005,-14.269809632209846,23.55888632303603,19.14581643476633,-4.708333333333329,-0.08890466071370001,-17.97170962772748,24.573888596028816,19.35060470639708,-4.14920368818105,-0.1773610331639,-30.414377432075383,17.863674147963422,14.877425176718315,-8.629644426687975,-0.044671747134490014,-9.91693149986584,25.84538918966894,17.143120053984433,-6.824200448156449,-0.00044532253007001366,-0.10962245563124608,29.506325067360816,20.716249960489307,-3.988245172124262,0.005320535680029992,1.3285825111179368,27.09752599498027,23.06973446764631,-7.875125881168171,0.01038380647954995,2.6261270264374907,25.450121654501203,24.741964985628428,-7.986320659826994,0.009401452294819979,2.3717911971595855,27.440230091677137,26.46026490066226,10.992477553991751,0.00571771254201997,1.4291783505365692,22.884257052476478,23.133221563064225,-11.919892162526475,-0.028201588742420014,-6.498223458849157,20.15083467502753,21.642884443878216,-12.190439623728166,0.009181180175299952,2.314934704142555,16.790906470079477,20.63617411080929,-14.054866591506945,-0.02407495768972001,-5.600617218574946,15.145363001461746,21.12207034347151,-12.20729366602687
48,WA,-0.13595642612224001,-30.407162556699497,34.744899750693484,22.276643990929706,82.03191489361703,-0.19343655624512995,-38.334642506307524,27.44603121886416,26.754736495698367,88.69651521835024,-0.20283647616191997,-39.462365578323514,21.86090822483329,14.876121088174513,70.5641945773525,-0.14171332653938,-31.29181634379339,26.404901508663293,17.30003697983512,72.54209942522941,-0.07083645187855997,-18.543585167996692,34.868027975960366,20.0365069118269,73.32860615883308,-0.010495354745099994,-3.2628857150380393,44.019515856633525,23.707272310162892,75.40748334187597,-0.002556790127359987,-0.8149908456174193,37.956571757262,27.936605850672613,79.7751628493381,-0.002816483908239964,-0.8970271110938998,39.02615752481706,31.998433369235297,79.09776010048148,-0.06063408871310999,-16.30836802878587,34.78276140634331,31.570086617055015,76.23854155937791,-0.17113632600217,-35.4834032417166,18.55536332179931,24.77786005183265,66.04560892770502,-0.03334047774686,-9.677826070710916,25.647490258996097,21.853885612274883,62.80685061845863,0.01837673816401003,6.276496156975635,34.504030844724845,23.116966140779468,64.95710016388702,0.016554632457240037,5.619193699690149,32.27852464667355,22.95975373389579,64.82997784413834,0.015974141444769996,5.411493016732156,34.15606208921829,20.446727719454998,61.4245283018868,0.023265500533410033,8.081166117409163,29.10106311398197,18.757019842755525,58.87650882079852,0.03858671887683002,14.156284730372901,26.29257857495474,17.689168248979684,57.54534573243717,0.0472352093392,17.89699867200124,20.597108736643627,15.08205817700664,53.46188340807176,0.03073694365701002,10.960789332397226,20.0801076446475,15.394821313931093,53.931270241093934,0.046120251190780004,17.40104070169804,19.828878341244067,13.905494180520053,52.49086534176992
49,WI,-0.23872484987658998,-45.38362101493234,-15.292602899032278,-25.848484848484855,-26.954545454545453,-0.29272901223364006,-50.46881439408515,-16.92125952177279,-27.757913728062988,-28.258928571428566,-0.27807708233814005,-49.18517632013892,-16.806037120130537,-29.361388202841837,-30.417839359168646,-0.24670271637444002,-46.199590394765835,-15.109261186264314,-29.08388343261955,-30.508108108108107,-0.23113335724032996,-44.58385115890386,-13.3565572029398,-27.371961877122985,-28.830823737821078,-0.21771130069916006,-43.11098796929903,-11.059264750774068,-25.066349098332765,-26.570710532328086,-0.21314185677335,-42.591534931157895,-9.254727474972196,-25.938256658595648,-27.72655722959298,-0.22294689106163007,-43.69473098918461,-12.090517241379315,-26.969757262236378,-28.609506885828523,-0.28566521415553997,-49.85815944249139,-10.966080237481995,-24.293571674114816,-25.995855399493433,-0.2799391786286,-49.351990724668106,-14.0177065767285,-26.437971808404036,-27.840143691064213,-0.17606725861512001,-37.99811794576482,-9.796550199026981,-25.00255406095692,-26.41941391941392,-0.13046060125381004,-31.229259574959478,-3.946686761173656,-22.58778867447011,-24.054820415879018,-0.12682190232763002,-30.624988926084377,-2.9641259872490333,-21.019222493186053,-22.51687560270009,-0.08533943000175004,-22.90192076785139,-1.9235393123346962,-19.910538948287158,-21.437301393302363,-0.09934948697570001,-25.69560039540849,-4.656163807208643,-20.27584708948741,-20.28769841269841,-0.08116778120249002,-22.029024011606058,-7.46370235934665,-20.706416072585878,-20.70071551936837,-0.05037614289285003,-14.918894651720827,-11.774884284292945,-20.03267973856209,-20.029858173675038,-0.05770153998434002,-16.72546599861293,-13.02030023882634,-18.701317878105503,-18.715225088517954,-0.055060375721970034,-16.08302081626093,-10.80253662803412,-17.141352195342197,-17.143593709718996
50,WV,-0.07667796423881998,-24.32377268973643,14.145284065130816,11.748427672955978,-43.583333333333336,-0.11538249474269,-32.59914550432779,12.69098691086448,11.206383977468315,-42.26012793176972,-0.11104026940921999,-31.761992216094352,5.82324624947423,8.972707758356329,-41.53713298791019,-0.12915437861139997,-35.123481608380516,4.5817745138792745,7.3562732243738935,-40.16791869200177,-0.09879817789949999,-29.28576969996522,8.459069789720743,7.9301442672741125,-38.649750792931584,-0.08353095863253998,-25.93389999809347,8.928657333910618,9.344902920089849,-36.46175504458001,-0.07212368842318997,-23.214446645501855,10.604728409534978,8.895902920356704,-34.30373605046094,-0.10727597378869999,-31.019248697380874,11.833851928680795,8.909252505439943,-32.40139790314529,-0.15205566970026999,-38.92709996146232,15.407747196738034,8.706026307739382,-29.589183567342698,-0.16662457466193,-41.12304605865715,3.2041932543299914,4.18670106719832,-29.880890730191613,-0.06718395569327998,-21.973869056945478,12.54535513693524,5.935310776568796,-28.69931542917325,-0.029095830208379997,-10.87058014946359,14.480004044693876,9.58430985568029,-26.252723311546845,-0.06964477040886999,-22.59685533603687,9.816188951937537,11.90326237561406,-24.69410456062292,-0.08121562383533001,-25.397625909455723,11.213163064833012,13.646103169273088,-23.502824858757062,-0.06813932923413998,-22.216921113663805,10.707475675939962,15.567985950762628,-22.22860425043079,-0.06538720884512997,-21.51262833955821,3.0820358736228766,15.365386488329074,-22.362385321100927,-0.10557736047673996,-30.678770277444666,2.4616498484094294,16.64150200223199,-21.507246376811597,-0.04239188879720998,-15.088621014553963,12.372208436724568,19.02863841902529,-19.881656804733726,-0.003965012928249995,-1.634882747231127,11.949965391080795,21.67362870643019,-18.08832425892318
51,WY,-0.07766093387371997,-27.018478435855016,19.35713946079597,15.816091954022978,13.63157894736842,-0.07462872181877,-26.240376419286772,19.153177956045013,15.625597674329637,11.923276308968383,-0.10814330300670999,-34.01602026165435,12.610470593513085,12.862636747190379,14.05176967776017,-0.13523850245891,-39.1979821690778,10.11097951484845,10.184442662389735,10.945529290853026,-0.11634338282713996,-35.675151436781064,14.266205389657685,9.071227538428227,8.329152032112393,-0.07186923821371,-25.517698201236804,14.35469910254659,8.847358755536348,6.828302820385942,-0.059042827648329965,-21.963845251269905,14.042978510744625,7.791605748315075,5.885237861696906,-0.10412864218604001,-33.1721213898778,7.757029405451823,5.159158114454683,4.856726566294318,-0.11945365435468996,-36.28283693685038,1.0791656599822852,-1.8507695304890075,-3.0969479353680485,-0.22906180830925,-52.197440115301184,-9.558638083228248,-8.817230249464576,-9.891485809682807,-0.11807268405668997,-36.01444586177886,-7.067491022176152,-12.666127354674689,-11.877551020408164,-0.059024874689030005,-21.958633278480615,-2.3838226715924433,-8.513664840652538,-9.36188077246012,-0.056211787658190016,-21.13326598161638,-4.143277198609995,-9.494296236414275,-10.303282093892815,-0.07246654421119997,-25.675324382093308,-6.503277711561386,-11.151607783199122,-11.73344235486509,-0.02446149381429999,-10.443055982760624,-6.756806953679273,-11.804866662776458,-12.732417138237667,-0.11214590052265,-34.83642973015388,-14.172393749786307,-11.528668012995007,-11.73344235486509,-0.12329628843850998,-37.01793909002506,-13.405547122947423,-12.75938699529569,-12.591093117408905,-0.04428435827324001,-17.430683288757145,-5.400414546824953,-9.915064818953967,-4.637809187279155,0.00946829525215001,4.726888502756699,-0.28204822627417453,-4.156758299248554,-7.099827882960408
