,State,Change in Recipiency Rate (2000-2017),% Change in Recipiency Rate (2000-2017),Change in Real Average WBA (2000-2017),Change in Real Maximum WBA (2000-2017),% Change in Real Average WBA (2000-2017),% Change in Real Maximum WBA (2000-2017),% Change in Real Minimum WBA (2000-2017),Change in Recipiency Rate (2001-2017),% Change in Recipiency Rate (2001-2017),Change in Real Average WBA (2001-2017),Change in Real Maximum WBA (2001-2017),% Change in Real Average WBA (2001-2017),% Change in Real Maximum WBA (2001-2017),% Change in Real Minimum WBA (2001-2017),Change in Recipiency Rate (2002-2017),% Change in Recipiency Rate (2002-2017),Change in Real Average WBA (2002-2017),Change in Real Maximum WBA (2002-2017),% Change in Real Average WBA (2002-2017),% Change in Real Maximum WBA (2002-2017),% Change in Real Minimum WBA (2002-2017),Change in Recipiency Rate (2003-2017),% Change in Recipiency Rate (2003-2017),Change in Real Average WBA (2003-2017),Change in Real Maximum WBA (2003-2017),% Change in Real Average WBA (2003-2017),% Change in Real Maximum WBA (2003-2017),% Change in Real Minimum WBA (2003-2017),Change in Recipiency Rate (2004-2017),% Change in Recipiency Rate (2004-2017),Change in Real Average WBA (2004-2017),Change in Real Maximum WBA (2004-2017),% Change in Real Average WBA (2004-2017),% Change in Real Maximum WBA (2004-2017),% Change in Real Minimum WBA (2004-2017),Change in Recipiency Rate (2005-2017),% Change in Recipiency Rate (2005-2017),Change in Real Average WBA (2005-2017),Change in Real Maximum WBA (2005-2017),% Change in Real Average WBA (2005-2017),% Change in Real Maximum WBA (2005-2017),% Change in Real Minimum WBA (2005-2017),Change in Recipiency Rate (2006-2017),% Change in Recipiency Rate (2006-2017),Change in Real Average WBA (2006-2017),Change in Real Maximum WBA (2006-2017),% Change in Real Average WBA (2006-2017),% Change in Real Maximum WBA (2006-2017),% Change in Real Minimum WBA (2006-2017),Change in Recipiency Rate (2007-2017),% Change in Recipiency Rate (2007-2017),Change in Real Average WBA (2007-2017),Change in Real Maximum WBA (2007-2017),% Change in Real Average WBA (2007-2017),% Change in Real Maximum WBA (2007-2017),% Change in Real Minimum WBA (2007-2017),Change in Recipiency Rate (2008-2017),% Change in Recipiency Rate (2008-2017),Change in Real Average WBA (2008-2017),Change in Real Maximum WBA (2008-2017),% Change in Real Average WBA (2008-2017),% Change in Real Maximum WBA (2008-2017),% Change in Real Minimum WBA (2008-2017),Change in Recipiency Rate (2009-2017),% Change in Recipiency Rate (2009-2017),Change in Real Average WBA (2009-2017),Change in Real Maximum WBA (2009-2017),% Change in Real Average WBA (2009-2017),% Change in Real Maximum WBA (2009-2017),% Change in Real Minimum WBA (2009-2017),Change in Recipiency Rate (2010-2017),% Change in Recipiency Rate (2010-2017),Change in Real Average WBA (2010-2017),Change in Real Maximum WBA (2010-2017),% Change in Real Average WBA (2010-2017),% Change in Real Maximum WBA (2010-2017),% Change in Real Minimum WBA (2010-2017),Change in Recipiency Rate (2011-2017),% Change in Recipiency Rate (2011-2017),Change in Real Average WBA (2011-2017),Change in Real Maximum WBA (2011-2017),% Change in Real Average WBA (2011-2017),% Change in Real Maximum WBA (2011-2017),% Change in Real Minimum WBA (2011-2017),Change in Recipiency Rate (2012-2017),% Change in Recipiency Rate (2012-2017),Change in Real Average WBA (2012-2017),Change in Real Maximum WBA (2012-2017),% Change in Real Average WBA (2012-2017),% Change in Real Maximum WBA (2012-2017),% Change in Real Minimum WBA (2012-2017),Change in Recipiency Rate (2013-2017),% Change in Recipiency Rate (2013-2017),Change in Real Average WBA (2013-2017),Change in Real Maximum WBA (2013-2017),% Change in Real Average WBA (2013-2017),% Change in Real Maximum WBA (2013-2017),% Change in Real Minimum WBA (2013-2017),Change in Recipiency Rate (2014-2017),% Change in Recipiency Rate (2014-2017),Change in Real Average WBA (2014-2017),Change in Real Maximum WBA (2014-2017),% Change in Real Average WBA (2014-2017),% Change in Real Maximum WBA (2014-2017),% Change in Real Minimum WBA (2014-2017)
0,AK,-24.848761148172997,-40.81597134811189,0.22999999999998977,-4.52000000000001,0.13644992880872672,-1.8225806451612945,-16.249999999999996,-24.410296160853,-40.38662873313477,0.01999999999998181,-1.4000000000000057,0.011850447354376849,-0.571708591963413,-15.189873417721522,-24.075309184422007,-40.05439030910735,2.1500000000000057,5.009999999999991,1.2902064330292884,2.100893194112463,-12.90475064996455,-19.821113742619005,-35.488416767018826,0.9799999999999898,8.389999999999986,0.5839938025147426,3.568845973882337,-11.651882042675615,-17.691518911024,-32.93114767307473,3.9599999999999795,14.429999999999978,2.402475277558684,6.299934512115249,-9.3257874015748,-16.068459571142007,-30.84175480161575,11.400000000000006,22.769999999999982,7.243153948789635,10.316705178741326,-5.89887640449437,-14.431572418986999,-28.59843437775085,10.929999999999978,30.25,6.923856581781311,14.186559114571121,-2.5905366111551595,-11.876817093324005,-24.790858657170574,22.150000000000006,38.79999999999998,15.1050190943808,18.956419777213203,1.4871936105755965,-11.735573192035003,-24.56846923479391,19.919999999999987,44.129999999999995,13.380802042050103,22.136945071482316,4.184337008764501,-13.776384499576,-27.65919164426543,-4.5400000000000205,-44.27000000000001,-2.619281140021935,-15.384882710686362,-15.384615384615378,-11.039339707351004,-23.452741211801797,-8.27000000000001,-34.940000000000026,-4.670733084830006,-12.549385819984204,-12.553393450403416,-9.181152570535001,-20.306719862628775,-6.77000000000001,-33.12000000000003,-3.856231487810441,-11.973969631236454,-11.9684663162924,-11.539556512174004,-24.25765164626867,0.01999999999998181,-24.31000000000003,0.011850447354376849,-9.07800888756116,-9.079694053787318,-10.976213263957002,-23.349945664764167,0.18999999999999773,-18.840000000000003,0.11269276393831419,-7.182067703568162,-7.17884130982368,-7.337538326749005,-16.918944271871222,4.429999999999978,-8.909999999999997,2.6953029934290447,-3.5302508023297263,-3.5340314136125692
1,AL,-11.015257651136,-37.71242372303193,-9.629999999999995,-8.210000000000008,-5.867300310729298,-4.321052631578952,-31.4,-16.623900755874,-47.7462204595704,-9.159999999999997,-3.0100000000000193,-5.596969326652815,-1.6287878787878893,-29.472241261137768,-14.873425418042002,-44.980027799927235,-8.439999999999998,1.4699999999999989,-5.179820792929911,0.8152173913043472,-27.721845001170685,-12.550282813052998,-40.822437795976604,-11.849999999999994,-12.080000000000013,-7.123534715960321,-6.230979522360351,-25.686085700529603,-8.281925498988002,-31.281785761526233,-9.150000000000006,-8.460000000000008,-5.591200733272231,-4.446780551905392,-24.28256070640177,-11.148991104877998,-37.996311940687484,-11.319999999999993,-13.200000000000017,-6.826679532022671,-6.769577927073192,-22.59277833500502,-12.597022900291,-40.912270039805264,-9.780000000000001,-9.640000000000015,-5.953250547845143,-5.035783315049895,-21.16956077630234,-13.374346505540002,-42.36724949599842,-6.4199999999999875,-12.04000000000002,-3.989560029828479,-6.211628746840025,-18.591772151898738,-11.180168507629002,-38.062123490857275,-10.189999999999998,-11.740000000000009,-6.187382354727062,-6.066242959747847,-16.702644360496492,-14.454660538772002,-44.27430447997683,-13.569999999999993,-19.210000000000008,-8.074016778723148,-9.557213930348263,-12.968705948689028,-5.005285164739001,-21.5758143292834,-11.340000000000003,-24.27000000000001,-6.837916063675833,-11.778122876831995,-11.774792797942272,-2.322101452853001,-11.318816597028263,-5.280000000000001,-18.330000000000013,-3.3045437476530237,-9.159504297421552,-9.15244261330193,-2.2710282567,-11.097493430351273,1.259999999999991,-9.599999999999994,0.822239624119023,-5.0159360468154,-5.015384615384613,-2.5961091460550008,-12.487648197004376,3.240000000000009,-4.659999999999997,2.1420071400238063,-2.499329578975595,-2.4952621604548297,-0.9993193322850008,-5.206787840547398,3.8100000000000023,-2.140000000000015,2.528369500298628,-1.1634861088457646,-1.1527377521613815
2,AR,-17.373235831806998,-38.312759907159666,2.6399999999999864,38.26999999999998,1.2482269503546035,12.385113268608409,13.399999999999995,-29.677472125163,-51.47865086322984,-1.6200000000000045,35.15999999999997,-0.7508342602892124,11.26525904328601,12.540599061710566,-25.851655729305005,-48.02976301561082,-2.0900000000000034,30.75999999999999,-0.9665633815844257,9.718492306720163,9.363492898474481,-19.15962891713,-40.6508138143865,1.4599999999999795,25.829999999999984,0.6864773368440754,8.035714285714281,7.9626103513934465,-12.792889259127,-31.381675767839134,-1.2700000000000102,28.689999999999998,-0.5895733717097675,9.005587293615418,7.220216606498188,-11.538680780680998,-29.203520240983575,-1.3400000000000034,34.81999999999999,-0.6218674586968644,11.144183069291085,5.945303210463734,-11.582201882228999,-29.28141576141876,-9.680000000000007,11.109999999999957,-4.32490394066661,3.304973821989516,4.227941176470578,-12.920335033607,-31.59552978614752,-9.860000000000014,7.579999999999984,-4.401785714285721,2.231446318702342,2.1454307238781443,-18.694683309823002,-40.059518376603506,-12.060000000000002,2.9599999999999795,-5.331564986737402,0.8596903952833144,1.497152156224564,-26.671091168098997,-48.809107601922314,-23.920000000000016,-5.5400000000000205,-10.047887087288926,-1.5702502763527169,-1.0471204188481733,-13.242007740679002,-32.12941473156824,-23.25,-15.660000000000025,-9.794009857197018,-4.314881657619933,-4.060913705583768,-6.905656876798999,-19.799325638928543,-18.140000000000015,-21.060000000000002,-7.809540210091276,-5.717698802704098,-5.714285714285727,-5.524431398238,-16.492308371276813,-15.910000000000025,-16.090000000000032,-6.915887850467301,-4.428115367679445,-4.34049079754602,-2.7093693838710022,-8.830497774098479,-23.77000000000001,-11.990000000000009,-9.991173132697243,-3.3374157991426845,-3.332300061996278,-2.8017357931890032,-9.104134984591472,-21.870000000000005,-13.259999999999991,-9.266556501843144,-3.6779186198097227,-3.67567567567568
4,CA,-2.884023429531002,-7.037787414839015,57.68000000000001,68.26999999999998,35.24595172624504,29.682608695652167,-33.724999999999994,-8.416245792158,-18.095039103023122,51.08000000000001,75.96999999999997,30.002936857562418,34.174538911381006,-31.42783238489394,-7.798219619342,-16.99205913829057,11.100000000000023,-9.79000000000002,5.279931503591316,-3.177952346945407,-29.0037493304767,-6.588741232366003,-14.745244343064709,-10.73999999999998,-37.31,-4.627913991468083,-11.118064246975386,-26.929437706725466,-1.4783292566880046,-3.7356614536427397,-14.0,-63.48000000000002,-5.949092763353589,-17.548030407740157,-24.87956928308302,-0.3092187346200037,-0.8051666149309001,-28.769999999999982,-91.75999999999999,-11.503398640543775,-23.52639540548163,-23.536198442457458,-1.376467162138001,-3.487237374456278,-26.869999999999976,-78.45000000000005,-10.82594681708299,-20.82448502866852,-20.842042400716632,-1.0672088201590046,-2.7250918421342605,-27.649999999999977,-64.68,-11.105309663426773,-17.820636451301837,-17.82393056416614,0.0958550523489976,0.2522551652912199,-27.44999999999999,-57.05000000000001,-11.033845164402278,-16.05594956658787,-16.05446485117162,1.2851180261339967,3.4912217760979622,-28.559999999999974,-46.420000000000016,-11.42902877265996,-13.467173402187477,-13.479112271540467,9.516316493270999,33.298538606659804,-17.20999999999998,-43.08000000000004,-7.214722897627224,-12.620477515746312,-12.623599208965059,13.141010785648998,52.660755855393774,-5.769999999999982,-33.55000000000001,-2.540730955526192,-10.110903501898623,-10.135593220338977,12.271411964336998,47.51998645810925,2.0200000000000102,-24.439999999999998,0.9210706306142038,-7.573363081404357,-7.598466364586963,10.499784845637999,38.049160381837304,-0.28000000000000114,-20.200000000000045,-0.1263480889851546,-6.342826639871902,-6.358177322500873,7.318541438697995,23.77959826524742,2.8700000000000045,-16.00999999999999,1.313741646067932,-5.094183530609645,-5.118110236220471
5,CO,6.882469946692998,29.420274302778505,7.4500000000000455,-16.50999999999999,2.876225774071518,-4.899109792284864,-37.88,0.5417594003210013,1.821999078549322,-16.94999999999999,-23.779999999999973,-5.980523604544488,-6.907369216022301,-35.39933444259567,0.5213858400689997,1.7522798177375205,-25.96999999999997,-35.49000000000001,-8.880454110244825,-9.969661216922301,-31.945661700262928,3.088726039397999,11.360884339432243,-14.319999999999993,-31.349999999999966,-5.099896719968657,-8.910300136425638,-29.72850678733032,8.186153395600998,37.058277117803435,2.890000000000043,-22.089999999999975,1.0964413081417572,-6.448128904197553,-27.83457249070632,10.930428604321,56.500644174248116,3.75,-22.420000000000016,1.4273751522533495,-6.538158700533672,-26.258309591642927,9.558309447819,46.13575811987514,5.980000000000018,-20.69999999999999,2.295673538331613,-6.067000791347926,-23.346495557749268,7.218464669583999,31.306180197270322,2.2700000000000387,-20.399999999999977,0.8591975775927475,-5.984335122766868,-20.724859622256258,7.568107109164998,33.327944721502604,0.8300000000000409,4.600000000000023,0.3124529438337754,1.4562031086770784,-18.77615062761507,-2.157293211090999,-6.651457153227412,-6.399999999999977,5.090000000000032,-2.3454392201414507,1.6138237159163071,-15.09021323127392,4.544439725428001,17.660888522586987,5.57000000000005,-1.4599999999999795,2.134917592947509,-0.45348656623698697,-14.52944413869016,8.515446004965,39.13230848731468,21.690000000000026,28.00999999999999,8.861018057030815,9.576723194748356,-11.861520998864934,9.905336314216,48.6252590807237,25.640000000000015,16.650000000000034,10.646514138604001,5.479857819905225,-7.17274357441722,9.017145969325998,42.41575677768972,25.970000000000027,16.670000000000016,10.798336798336809,5.486801395563168,-4.723926380368106,5.043846922920997,19.98968159039103,26.850000000000023,15.439999999999998,11.205241632584935,5.061465333551876,-2.0189274447949543
6,CT,-32.002752163648005,-41.88416849412685,27.200000000000017,96.17000000000002,10.747165040104317,26.56629834254144,-25.6,-31.287440262697004,-41.33495981353008,14.870000000000005,70.09000000000003,5.602441413608622,18.060709132137713,-23.874488403819917,-21.282247274319005,-32.39935872927623,12.640000000000043,70.69999999999999,4.722585466093795,18.246573928304123,-22.067039106145252,-10.320393165986003,-18.858508530715323,2.3799999999999955,68.04000000000002,0.856392357237953,17.440340399354067,-21.629213483146067,-3.963307908163005,-8.194017903048314,21.24000000000001,62.72000000000003,8.199189345686165,15.860412188645853,-19.3058568329718,-1.4736303397370032,-3.2120189511075545,17.950000000000045,51.54000000000002,6.842265761988278,12.674913311855992,-18.241758241758244,-3.8750944692060028,-8.026277527134663,20.319999999999993,45.75,7.816286494595527,11.093060472334027,-16.090225563909776,-2.4100433532190046,-5.148010379876636,23.220000000000027,44.44999999999999,9.032559225113793,10.743981436720485,-13.151750972762644,-0.5098804649570021,-1.1352149799697269,18.090000000000032,35.29000000000002,6.899313501144178,8.345157018539544,-11.848341232227488,-8.837986808127003,-16.599344135024708,10.660000000000025,32.77000000000004,3.953565997848913,7.703338034790795,-9.194467046379163,7.761774685758,21.182017586819267,8.860000000000014,10.29000000000002,3.264193346350814,2.29749039921408,-10.791366906474817,11.136710168588,33.47545011038215,13.610000000000014,2.080000000000041,5.103494825258742,0.45605034094148983,-9.48905109489051,9.151347540509997,25.958579010030476,17.939999999999998,1.330000000000041,6.838193253287591,0.29113037387269963,-6.6889632107023465,10.024835416793,29.15877566864334,21.29000000000002,-0.5099999999999909,8.220077220077227,-0.11118862823754924,-4.123711340206189,6.333225713825996,16.63496286175562,25.080000000000013,6.240000000000009,9.82720112848243,1.3807448056114904,-2.872062663185379
7,DC,-15.463524516514997,-47.91617814017117,15.280000000000001,-15.379999999999995,6.675112489624745,-4.9773462783171505,-30.92,-13.390250818417998,-44.34040142840171,-13.129999999999995,-6.639999999999986,-5.102595989429502,-2.2114167721308156,-28.915414694381568,-17.743291940066,-51.35272851102174,-37.54000000000002,-0.2799999999999727,-13.324814538742775,-0.09527050017011662,-27.37594617325484,-15.769559418699004,-48.40544802835971,-2.6100000000000136,4.3799999999999955,-1.0575364667747218,1.5143133729774565,-26.196581196581192,-5.250797562154999,-23.80309563190198,7.180000000000007,12.689999999999998,3.029408041854777,4.517139500943294,-24.021117465904098,-3.570210082028,-17.51930663425319,2.3000000000000114,-25.110000000000014,0.9508454256066855,-7.878141373576384,-22.189682360892096,-4.269258852456001,-20.254796978409793,-4.0,-17.21999999999997,-1.6116684797937062,-5.539827564020065,-20.212520212520214,-5.683577200755,-25.26923221575292,2.8799999999999955,-6.7099999999999795,1.193485557995937,-2.234209036726261,-17.427683480755437,-5.595069223683,-24.97399949193826,3.5900000000000034,2.920000000000016,1.4921030756442242,1.0044719642242916,-14.694986416399116,-3.7222791360270016,-18.130231146011397,3.3700000000000045,14.189999999999998,1.3993854331035647,5.0781948967541055,-11.253854059609461,1.2591979393519996,8.098095329448093,5.9199999999999875,15.269999999999982,2.4845763209803953,5.485899047961193,-10.910497807583193,0.3126590674369989,1.895380296125608,16.94999999999999,24.29000000000002,7.4590741066713555,9.018675973712554,-7.917888563049851,0.46304854859000044,2.8328879608128505,22.859999999999985,31.44999999999999,10.328468802240991,11.996033108288511,-5.395781977540397,-0.26701628590400095,-1.5637369830265935,29.439999999999998,37.94,13.708963911525027,14.838861076345431,-3.004773939904522,0.4902701189109987,3.0044305463338508,32.139999999999986,41.70000000000002,15.156802640886577,16.552873928231193,-1.567398119122269
10,GA,-11.158470851828,-47.69695581991409,-0.21999999999999886,-25.80000000000001,-0.10404350910380653,-9.772727272727277,-18.564102564102562,-23.061280235236996,-65.33436033407958,-12.400000000000006,-27.980000000000018,-5.5448732280999895,-10.51168382297694,-16.178411190287672,-19.637264062733,-61.61037551909455,-20.02000000000001,-29.44999999999999,-8.657297297297301,-11.003175789277037,-13.601741022850916,-18.57374572671,-60.28520999637649,-18.430000000000007,-35.889999999999986,-8.024906383349302,-13.094239118537704,-14.554748453053538,-12.989028067344998,-51.492533455080114,-10.630000000000024,-35.68000000000001,-4.791309835031112,-13.027603329925515,-13.033953997809423,-8.278823923713,-40.355241035077256,-12.939999999999998,-31.410000000000025,-5.772404871303028,-11.6501613441638,-11.65507649513213,-9.738752765958,-44.31783097356503,-17.850000000000023,-23.569999999999993,-7.792037716081728,-9.004087557779728,-8.997134670487098,-11.770923574660001,-49.03128275192689,-16.210000000000008,-34.78000000000003,-7.1271544143510415,-12.74086013627373,-11.359196204298065,-13.344366434268002,-52.16635238315921,-17.04000000000002,-30.639999999999986,-7.46484426337233,-11.397113524773095,-14.092507438463612,-18.878245513402998,-60.67387853842576,-23.51000000000002,-30.439999999999998,-10.015336116554494,-11.331149493746278,-11.334450027917361,-11.043549256471001,-47.43875759811319,-11.810000000000002,-28.939999999999998,-5.295014347202296,-10.833270944074268,-10.836608646827614,-8.892099169591,-42.08651746402926,-6.469999999999999,-23.230000000000018,-2.9719797887000454,-8.885743793749768,-8.892713711990814,-6.358770520924,-34.196474055802575,1.25,-13.900000000000006,0.5952947899799981,-5.513685045616821,-5.504314192204695,-3.8516412470370005,-23.94155199864798,8.669999999999987,-10.430000000000007,4.280213270142174,-4.19498853718377,-4.193061840120655,-2.061532993320002,-14.418758954565291,7.1299999999999955,-8.900000000000006,3.4933855952964215,-3.6017806556050207,-3.611532625189685
11,HI,16.873275839753,51.61035187055963,57.41999999999996,49.54000000000002,19.840364880273643,13.609890109890117,-30.199999999999992,5.531990432226996,12.562748557927906,43.74000000000001,37.170000000000016,14.431357022666539,9.87591997236762,-28.920570264765782,-0.49721125356300133,-0.9931497825237069,47.370000000000005,28.110000000000014,15.818473251853337,7.293153101730539,-28.483606557377044,5.612807975847001,12.769715688701083,35.68000000000001,30.390000000000043,11.467138036316891,7.931619470181403,-28.04123711340205,8.759332508605,21.464989938864697,33.27999999999997,17.480000000000018,10.613937171105079,4.413472706155638,-26.52631578947368,14.166713120558999,40.01879315908299,26.05000000000001,12.680000000000007,8.120830475715447,3.1631991218879425,-24.130434782608685,10.803081434759,27.869007476145967,10.779999999999973,2.7000000000000455,3.2078559738134125,0.657190147015881,-22.09821428571429,10.672480080330999,27.439643030088916,13.569999999999993,5.2000000000000455,4.0718958170797555,1.2734485967576152,-18.837209302325572,4.151736703073,9.141748485220862,0.12999999999999545,-21.899999999999977,0.037496394577443165,-5.0293955539224635,-16.10576923076923,1.6983466475769982,3.5479407862839194,9.339999999999975,-17.129999999999995,2.767489407093536,-3.977523393781781,-11.645569620253163,10.530491076784998,26.9761002720161,9.5,-30.120000000000005,2.816233361989743,-6.788982554208179,-12.090680100755666,18.106832910081,57.55503836858368,18.430000000000007,-5.939999999999998,5.612058465286239,-1.4160389053113371,-8.638743455497373,16.463438752172,49.73333930251597,37.94999999999999,33.49000000000001,12.286324786324784,8.811998421260363,-3.856749311294757,12.891127320259999,35.14892547654923,37.599999999999966,31.210000000000036,12.159234226950803,8.16310517092565,-2.5139664804469235,14.787478524397995,42.51794090791334,32.41999999999996,25.02000000000004,10.31137686460353,6.439822917739122,-2.240896358543407
14,IL,-2.589654712307005,-7.192686774119295,16.310000000000002,37.24000000000001,7.351814288933965,13.112676056338032,-28.45098039215686,-9.460721374387004,-22.06578981287512,2.960000000000008,15.620000000000005,1.2585034013605476,5.110922060074604,-26.253031527890048,-11.567230885858004,-25.715487775004338,-3.4799999999999898,10.78000000000003,-1.4401589140870676,3.472266958706445,-24.87131974469837,-9.569125027319004,-22.2623387106201,-0.8600000000000136,17.189999999999998,-0.3598025269851952,5.65367538233843,-23.291990750472984,-6.159605305260002,-15.564798861390045,14.539999999999992,23.819999999999993,6.502101779805022,8.008876336493845,-21.57747689662583,-3.824266193827003,-10.269627076746621,15.430000000000007,19.310000000000002,6.9276702734252265,6.395522140893585,-20.37966397556185,-8.238630799960001,-19.77921439678163,13.340000000000003,14.230000000000018,5.933635797526912,4.63502817497802,-18.439874832364772,-5.637839465713002,-14.436682533064287,7.210000000000008,6.1299999999999955,3.1218878545139677,1.9453524166164182,-16.67047271066453,-3.797855920913001,-10.205943559844737,13.329999999999984,16.05000000000001,5.928924075968502,5.25901897178807,-13.489805595068749,-8.380730138242004,-20.05195756858465,10.590000000000003,13.460000000000036,4.653513204728217,4.373253622717538,-10.497915133676724,1.6693553589499976,5.258642493397765,20.389999999999986,13.610000000000014,9.363089498094313,4.424145889542637,-10.453987730061346,4.9847608416149995,17.533711831494962,29.460000000000008,19.860000000000014,14.115955917585055,6.589687437786189,-7.876798788184796,6.779816457086996,25.45499238147905,28.829999999999984,15.730000000000018,13.772512301151284,5.148767634447323,-5.613036730470757,7.925501538016,31.094005780616424,25.930000000000007,13.230000000000018,12.217876831739154,4.295315087172501,-4.0746582544689725,4.737535183343001,16.52044178976866,24.180000000000007,13.680000000000007,11.30012150668287,4.447912602419042,-2.7452025586353974
15,IN,-13.407441956775997,-39.84679048373616,-37.99000000000001,12.860000000000014,-16.47298586419218,5.103174603174609,-49.74,-20.996911319556002,-50.91770909535408,-55.349999999999994,-13.680000000000007,-22.320348415194772,-4.911323328785814,-48.03556658395368,-18.059540702824,-47.153363025461815,-55.93000000000001,-26.649999999999977,-22.501609269391697,-9.142053445850905,-46.211472602739725,-18.713011173058998,-48.03991016273857,-62.16,-43.139999999999986,-24.39656187448487,-14.006493506493504,-45.166921230634955,-12.479078658097,-38.14001985729122,-57.91,-45.39999999999998,-23.114073601021794,-14.632888545091207,-43.629430237774784,-11.026942744245002,-35.26705007845292,-64.13,-56.829999999999984,-24.976631874123694,-17.666076035935212,-42.34916265198441,-13.257139945728,-39.576882743435114,-63.55000000000001,-66.78999999999996,-24.806776485283788,-20.13870043720789,-40.89840075258702,-17.395872196168003,-46.22146989862006,-62.150000000000006,-59.379999999999995,-24.393594473663555,-18.31359486799901,-39.54775078181381,-18.478511738842997,-47.72521317976853,-61.879999999999995,-50.539999999999964,-24.31338650740639,-16.02409638554216,-37.85855588526212,-17.293080114461997,-46.07418646133425,-55.95000000000002,-37.079999999999984,-22.507844557084244,-12.280585546797372,-35.08137432188065,-4.290735907349999,-17.491235433347846,-48.41,-35.610000000000014,-20.083803518088285,-11.851432755349956,-34.76116303219108,-1.551646671927001,-7.120360339196406,-39.870000000000005,-29.079999999999984,-17.148387096774194,-9.8931754779887,-33.3067940552017,-0.4255893299319996,-2.0594064989800933,-25.129999999999995,-17.289999999999964,-11.540227773695811,-6.127946127946116,-30.522532485485215,0.6932492889559994,3.5466142287190534,13.639999999999986,-11.269999999999982,7.620537460193298,-4.081410929634586,-4.083969465648856,1.414306878183,7.512625452616814,12.180000000000007,-6.409999999999968,6.749792186201168,-2.3629594131308176,-2.3698523698523677
16,KS,-8.390191841864999,-28.314633599593286,20.799999999999983,39.889999999999986,8.384392131570454,13.660958904109584,13.17808219178083,-14.118107870799,-39.926872009728456,13.669999999999987,22.289999999999964,5.356373182869005,7.199612403100764,6.744186046511626,-18.113915873414,-46.026129482312115,8.740000000000009,20.439999999999998,3.3597293764895864,6.562851179964681,6.42792734767488,-17.360734137298,-44.973034724270256,9.589999999999975,15.269999999999982,3.698561456284459,4.822815993935943,4.675028506271377,-8.008234208063,-27.37854011080183,27.060000000000002,20.16999999999996,11.190141427508065,6.470550494033094,6.937613253947708,-5.7465853990249975,-21.292803802509948,23.19999999999999,18.629999999999995,9.443178117876908,5.947136563876651,6.38681431882566,-5.617869999206001,-20.915627699262494,19.150000000000006,14.870000000000005,7.66828174428383,4.690555800895845,4.529352226720645,-6.578494900918,-23.646382318769504,17.00999999999999,12.759999999999991,6.75348394012784,3.9983705699871495,4.094746125740204,-10.960337464792,-34.03604858375162,13.680000000000007,2.919999999999959,5.360501567398122,0.8876189318174785,1.2003919647231798,-24.465053846913,-53.52599916966171,4.639999999999986,3.7299999999999613,1.755979412655157,1.1366406630911632,1.42401178492513,-13.818625430547002,-39.41373381311168,7.569999999999993,-6.900000000000034,2.8969423290344776,-2.036659877800417,-2.4557260920897264,-9.281476913176997,-30.40785848057333,22.650000000000006,4.089999999999975,9.198716647037324,1.2477120195240923,1.51124216734243,-10.561634120882,-33.20909252959684,34.379999999999995,12.45999999999998,14.66098081023454,3.9006981185236134,3.456048084147264,-8.672419899206,-28.990954666045532,27.78,10.019999999999982,11.522189962671092,3.1130580669214223,2.6718031564558293,-7.102796233616002,-25.05872538344963,27.03,9.050000000000011,11.176348976638414,2.803246190063193,2.5825676682393817
18,LA,-6.378020851006,-27.778814596327088,-39.33000000000001,-47.00999999999999,-21.145161290322587,-21.865116279069763,-43.333333333333336,-8.074193258386,-32.747123955444835,-48.09,-82.35,-24.691928527418362,-32.895262443077414,-29.896907216494846,-13.654334827393999,-45.15870114917478,-46.24000000000001,-76.32999999999998,-23.969726815613505,-31.241814014407325,-28.19429778247097,-12.245866458887,-42.47927142861806,-44.410000000000025,-73.48999999999998,-23.24157420975509,-30.433162166639054,-27.35042735042735,-12.800193209374001,-43.564462086276095,-36.190000000000026,-68.6,-19.79109701410917,-28.995308339321184,-25.84514721919302,-27.624993737706,-62.49010199458013,-38.31,-64.39999999999998,-20.71034706454752,-27.712035801884756,-24.528301886792452,-15.376709533465998,-48.1143046634163,-29.700000000000017,-58.73999999999998,-16.839598571185586,-25.907467031270663,-22.639362912400447,-8.030943398992,-32.62894720127758,-31.100000000000023,-52.81999999999999,-17.494515385048107,-23.921018069833792,-20.56074766355141,-10.662161676617998,-39.13558762224903,-33.25,-49.73999999999998,-18.480435749221876,-22.84480778946401,-19.43127962085308,-22.015968829973996,-57.03919424646619,-41.630000000000024,-62.849999999999994,-22.10833775889539,-27.22665049384855,-16.359163591635927,-18.710316149607,-53.01527262914855,-28.07000000000002,-34.50999999999999,-16.063866315669006,-17.04197530864197,-17.073170731707314,-12.544458084889998,-43.06894867199322,-10.580000000000013,-27.44999999999999,-6.728139904610502,-14.045231273024964,-14.032869785082177,-7.835523089137999,-32.0897576420241,-5.8700000000000045,-21.269999999999982,-3.8481709715484493,-11.238507872767613,-11.227154046997393,-2.366458808246999,-12.48892682770057,-7.050000000000011,-16.19999999999999,-4.5862607338017245,-8.795265758184478,-8.847184986595176,0.9037143064559994,5.764115314703008,-5.950000000000017,-13.810000000000002,-3.89857161577776,-7.596259625962596,-7.608695652173919
19,MA,-16.755830841519,-26.276383057832298,55.75,110.96000000000004,19.861769211585738,27.60199004975125,82.71428571428571,-22.672508840118994,-32.53602481676901,19.600000000000023,51.35000000000002,6.186087615200108,11.124109096423393,-8.838203848895226,-17.829117288531,-27.49670109326393,3.5500000000000114,34.64000000000004,1.0664183363873987,7.242013714668014,-5.574012550756743,-8.081252024851999,-14.668364800438233,14.96999999999997,40.83000000000004,4.6567331321740655,8.648041852879512,-5.294335431321744,-6.168465136445994,-11.59915882590465,24.21999999999997,51.80000000000001,7.757350586125159,11.232544019429268,-2.8484618306114697,-3.4923610683700037,-6.9149946648924026,31.49000000000001,48.200000000000045,10.326282997212662,10.370944143213713,0.19584802193496734,-2.103686879506,-4.283142402349952,31.980000000000018,62.52000000000004,10.50384286934245,13.879762010478652,3.395311236863379,-5.501229041638994,-10.475928715767203,35.29000000000002,41.04000000000002,11.718412751120711,8.696389218511616,0.5503144654087933,-5.290172717191993,-10.114668612207906,28.620000000000005,30.58000000000004,9.297641478786305,6.33940047265642,-0.5829770695686053,-4.343795432809,-8.458268553820798,25.379999999999995,30.30000000000001,8.159197582459974,6.277711018107987,-2.1048603138155406,5.710825784922003,13.827334206909716,40.70999999999998,29.140000000000043,13.76593514354309,6.022901078913654,0.7880220646178064,7.890066586134004,20.16798057836199,54.81,47.76000000000005,19.461705074033304,10.266552020636297,4.153094462540715,5.743170062979003,13.916546318661139,55.410000000000025,44.190000000000055,19.716756218197357,9.426797789960974,7.97804981004642,9.987779005769,26.97647294674066,54.170000000000016,35.930000000000064,19.190845644241335,7.532021046894339,9.503424657534241,6.597954584072002,16.325969717371134,46.24000000000001,39.55000000000001,15.93383873190903,8.354280644684314,11.16905693176878
20,MD,-1.6618963817319976,-5.694579156739369,25.02000000000001,40.72000000000003,12.033474413235865,16.28800000000001,35.19999999999999,-5.120524664255999,-15.686699805722684,8.129999999999995,15.75,3.616387171389171,5.727897588827871,37.67820773930752,-7.648543655946,-21.74705587701064,8.409999999999997,21.380000000000052,3.7456019240190606,7.937922328655252,40.540540540540526,-7.481057228694999,-21.37262200205931,-0.6599999999999966,-1.8799999999999955,-0.282534246575341,-0.642515379357483,43.22033898305083,-2.8857833879460006,-9.490298964819427,-0.28000000000000114,5.650000000000034,-0.12005831403824763,1.9819693408636596,47.020443671161374,0.2171519679119993,0.7952891157404668,4.3700000000000045,12.32000000000005,1.911886949293435,4.425287356321857,50.556792873051215,0.4498148709359995,1.6615428270671777,-5.259999999999991,-3.3699999999999477,-2.2082283795130104,-1.1459077153252228,56.33672525439406,-5.553235220372999,-16.78974038629011,-0.09999999999999432,6.910000000000025,-0.04291108822519495,2.4347274585109844,61.95495927168182,-9.016241043620997,-24.67622089572137,-10.110000000000014,-14.609999999999957,-4.159637934581367,-4.784986735663039,68.2429069188651,-8.853332963927002,-24.338880365194697,-0.7400000000000091,3.640000000000043,-0.3166723724751836,1.2679392503831834,78.93065113816832,-2.576517439470999,-8.560298708210134,-5.740000000000009,-18.94999999999999,-2.4048935813641736,-6.119417444376268,79.02542372881355,-0.04905662242999931,-0.17792839306074462,-4.949999999999989,-26.319999999999993,-2.080793644121228,-8.30179157204138,83.39663591969614,-0.6692134518670012,-2.373842455803482,1.3700000000000045,-14.299999999999955,0.5916137668955411,-4.688217166087455,-4.708204116154501,-0.44053418926899846,-1.575448096274723,4.97999999999999,-7.699999999999989,2.184593788383922,-2.5802560150123948,-2.5936599423631286,-1.6365708503620013,-5.612670471079798,4.8700000000000045,-8.099999999999966,2.1353093348533365,-2.710661936952,-2.733812949640296
22,MI,-16.878268486509995,-38.87240753223488,-31.539999999999992,-57.52000000000001,-12.855104952109228,-19.173333333333336,8.563218390804602,-24.425402647611,-47.92414638632833,-35.55000000000001,-48.31000000000003,-14.256496631376327,-16.613363595722006,10.726846424384533,-21.884508402242,-45.1917402184195,-44.89999999999998,-39.47,-17.355339955935207,-13.998935981557015,24.064100880073568,-16.852244327526,-38.83574791542584,-53.120000000000005,-87.89000000000001,-19.900348405949124,-26.603505160880232,27.773268398268396,-14.471741239288999,-35.28562459365892,-39.94,-77.27000000000001,-15.739901477832511,-24.16575449569977,32.00559049615654,-13.995985768588998,-34.52612268079512,-32.620000000000005,-67.68000000000004,-13.237024712900217,-21.820995615166375,36.09510086455331,-15.299875887257997,-36.566470407711854,-25.400000000000006,-57.21000000000001,-10.618285188746292,-19.08972605025193,40.84402028034596,-13.182761458177,-33.18575566829398,-20.620000000000005,-47.78,-8.795802584993389,-16.461103837938403,7.086167800453515,-14.206125557808996,-34.86377922129237,-23.72,-46.09,-9.986107018060876,-15.971861246837857,4.851243339254001,-14.728735591828995,-35.68860924197778,-24.919999999999987,-39.87000000000003,-10.438570770326304,-14.120772091375963,3.495507341661185,-1.0160157879969989,-3.6869058593670214,-13.759999999999991,-34.66999999999999,-6.046491189524099,-12.509471405376146,5.4482527632019755,0.17921924949900192,0.6798348213883703,-1.6699999999999875,-27.359999999999985,-0.7750139224057859,-10.139341832196854,8.30180025226466,0.776354608900004,3.0132093768560937,3.3300000000000125,-19.539999999999992,1.5820980615735523,-7.457445996488815,11.537553141237595,4.032029434409001,17.912674824728718,3.7299999999999898,-14.22999999999999,1.7755140898705206,-5.54321997584823,13.836326383030014,2.0259978360810034,8.264185294741475,5.949999999999989,-11.370000000000005,2.86250360819782,-4.479023045105379,15.11273613650214
23,MN,2.804667758411,7.60578479723238,19.880000000000052,-29.720000000000027,6.986960953150829,-8.978851963746232,-53.1578947368421,-6.514595497418002,-14.102468265529982,1.2600000000000477,-19.470000000000027,0.4156358238495952,-6.070148090413103,-51.65670831070071,-8.383550744850998,-17.442592534425017,7.510000000000048,-120.40000000000003,2.529471202425075,-28.552456839309436,-49.78843441466855,-4.1082533960450025,-9.382063795992122,7.03000000000003,-128.24,2.3639787477301866,-29.856584093872236,-49.07010014306152,2.166331674576,5.774760710205434,23.480000000000018,-128.19000000000005,8.357953938703599,-29.84841781730972,-47.86174575278266,0.1850253000049984,0.46847662472608853,21.480000000000018,-129.47000000000003,7.591983882939249,-30.056877539175865,-46.385542168674704,0.4048028436999973,1.0306799371206832,23.450000000000045,-133.39000000000004,8.346383826879288,-30.687648100858134,-44.496414094169,1.1635740261060012,3.020971663301033,27.55000000000001,-122.75,9.950877699920541,-28.948423460604207,-42.450695118008404,1.987711020095001,5.273504460980916,34.55000000000001,-123.12,12.80293485511006,-29.010367577756835,-40.62708472314876,-5.920288859010004,-12.982972379361874,32.5,36.049999999999955,11.952484277886063,13.59197677487462,-38.000696621386275,2.7509470738179997,7.44925120823073,37.920000000000016,18.889999999999986,14.229426995384447,6.689330358723747,-37.45607870695713,5.819961875994001,17.188228602560635,49.37000000000003,27.319999999999993,19.357747804266012,9.972258723901298,-36.3831308077198,4.620899319977001,13.180267138649718,50.97000000000003,25.299999999999955,20.111268939393952,9.167330966012013,-34.65491923641702,2.9308207857379975,7.975174003067398,42.39000000000004,24.70999999999998,16.178154339363424,8.934446975449246,5.387803433984606,-1.0029872779030002,-2.465365293800515,33.74000000000001,20.789999999999964,12.465363727047698,7.4120289493386435,2.8307336799537954
24,MO,-17.725768408666003,-42.77354083688428,-4.780000000000001,2.990000000000009,-2.563827504827291,1.3590909090909133,-45.8,-17.524270731336003,-42.49393008675013,-16.52000000000001,-18.97,-8.335856292259566,-7.840138865928252,-36.993025058124516,-17.992190383491998,-43.13909684731568,-15.950000000000017,-12.810000000000002,-8.07145387379182,-5.432569974554708,-35.35648025443943,-16.9217229133,-41.64125334028028,-11.280000000000001,-8.23999999999998,-5.846377112055562,-3.563551442286892,-34.08108108108108,-9.945733930976001,-29.54681749666193,-5.599999999999994,-2.519999999999982,-2.9904944996261853,-1.1174670746308286,-32.40022172949002,-7.181362075701999,-23.24324200166466,-3.030000000000001,2.730000000000018,-1.6405869294493483,1.239444293108153,-42.326791203594226,-7.478076650440999,-23.973362501781416,-3.0200000000000102,-9.849999999999994,-1.6352609919861438,-4.2303727881807225,-41.072722879922686,-6.4874924514310015,-21.479849959552137,-10.069999999999993,-13.199999999999989,-5.252177541334165,-5.5887209450019,-48.37002540220153,-7.317040261099003,-23.578835514942227,-22.710000000000008,-41.329999999999984,-11.112198463570978,-15.636349878934618,-34.38256658595642,-12.253270284946002,-34.06670090021362,-26.200000000000017,-34.43000000000001,-12.604637736938331,-13.375029135265326,-13.387784090909088,-2.2454247409200017,-8.64934874721645,-15.900000000000006,-30.95999999999998,-8.04818789228589,-12.191376255168333,-12.203023758099354,0.42990872872999963,1.846267554873422,-7.8799999999999955,-27.039999999999992,-4.157433787063415,-10.814702235731708,-10.822669104204756,-0.49908096556300074,-2.0611019631422534,-3.6599999999999966,-19.17999999999998,-1.9749622274983794,-7.920056158896633,-7.927519818799539,0.5877575090289994,2.541385960865421,0.5900000000000034,-13.199999999999989,0.3258408350361757,-5.5887209450019,-5.574912891986054,2.0460212850309993,9.442081598435575,4.389999999999986,-8.299999999999983,2.4764483556157195,-3.5885684638332758,-3.596837944664032
25,MS,-11.175095556759999,-39.805720872962084,-27.28,-43.110000000000014,-17.385762539035117,-22.689473684210533,-37.5,-20.788932444021,-55.16071556428875,-29.860000000000014,-37.27000000000001,-18.722176938993048,-20.23783666377064,-35.52269601100412,-16.655122644377997,-49.63659314511603,-29.99000000000001,-40.45000000000002,-18.788372384412984,-21.591758300416362,-33.27402135231317,-16.066060441395,-48.736634817832865,-32.53,-46.650000000000006,-20.060434139121856,-24.10354448692777,-32.1880650994575,-10.636165349508001,-38.62757225589019,-24.900000000000006,-39.27000000000001,-16.113376043486703,-21.09475719810916,-29.48476871004137,-11.900888994659,-41.32269251562114,-19.879999999999995,-34.21000000000001,-13.296769446859741,-18.89011595803424,-27.522226517201393,-10.332797344941,-37.943870344369564,-21.939999999999998,-27.610000000000014,-14.475159992082865,-15.822349570200581,-24.789410348977135,-7.670787951134001,-31.220409407585688,-13.080000000000013,-20.940000000000026,-9.165440403615733,-12.4769111601025,-21.80984153461218,-12.326905713438,-42.1780129784239,-13.170000000000016,-15.490000000000009,-9.222689075630262,-9.539352136962687,-19.18103448275862,-19.918009044850002,-54.1000214851765,-14.159999999999997,-21.420000000000016,-9.84769455455873,-12.726516546848089,-14.578587699316625,-10.386939405505,-38.067005078817054,-7.539999999999992,-19.450000000000017,-5.496828752642701,-11.692918119514257,-11.681582666038626,-6.29308794731,-27.134634631002104,-5.180000000000007,-16.78,-3.8424449224835002,-10.252337019612638,-10.244135950215416,-6.0379330768560004,-26.324066193817142,-1.9099999999999966,-13.310000000000002,-1.4520298008210406,-8.308364544319602,-8.31295843520782,-4.7081599872730004,-21.789815485200897,0.15000000000000568,-9.660000000000025,0.11584800741427687,-6.1705525391248965,-6.203101550775381,-3.183209580883001,-15.850894247120658,-0.2400000000000091,-6.340000000000003,-0.1848001848001918,-4.1375709717418285,-4.141104294478521
27,NC,-24.791059143028,-70.5497386187132,-22.650000000000006,-52.29000000000002,-10.135588669620086,-16.239130434782613,-53.76,-28.483041577308,-73.34975842746351,-47.879999999999995,-92.43,-19.252110977080818,-25.523278290164026,-60.096651708664126,-26.851040246643,-72.180579690196,-49.33000000000001,-104.22000000000003,-19.72016789926045,-27.871526756344778,-18.36158192090395,-26.262119898417,-71.73307836558259,-57.99000000000001,-113.27000000000004,-22.40639851628608,-29.575956969032337,-63.7731118771545,-22.706122885851,-68.69216449446388,-27.879999999999995,-112.66000000000003,-12.190642763445561,-29.463608546695614,-65.0649743124811,-21.201218026379998,-67.19881018604092,-39.51000000000002,-116.15000000000003,-16.439895144176763,-30.1015912507127,-64.55075130328119,-22.498170592026,-68.49395620899075,-28.78,-121.59000000000003,-12.534843205574914,-31.073345259391775,-63.727643551929724,-23.174505070701002,-69.1295928607697,-30.849999999999994,-130.53000000000003,-13.316355160357404,-32.61293224065561,-66.15925058548008,-28.090056367298,-73.07729562931151,-42.31,-121.60000000000002,-17.40221280796282,-31.075106692903333,-65.37885594489367,-29.776037985678,-74.20854545975155,-47.04000000000002,-137.79000000000002,-18.978455579762777,-33.81349693251534,-66.63780663780663,-21.007219068679,-66.99586981057513,-55.150000000000006,-144.79000000000002,-21.54549361253272,-34.93124246079615,-67.24284499858317,-13.951890997732999,-57.41362242223064,-37.099999999999994,-136.81,-15.593476798924005,-33.653940765521995,-66.54124457308248,-13.481754949315,-56.57346512441445,-24.080000000000013,-139.31,-10.70698088039129,-34.05945919514938,-67.21497447532614,-14.102403732471,-57.675769002711995,-29.069999999999993,-145.05,-12.645178128670231,-34.972032018516735,-67.58272574312954,-8.227735188252,-44.291077053306154,14.849999999999994,-0.7800000000000296,7.985158896596223,-0.28836555880070597,-0.2588438308886916
31,NJ,-5.585158318688999,-10.334339690811667,1.0299999999999727,39.44,0.3599259181605244,9.69041769041769,8.0983606557377,-11.369039861122998,-19.002703993004943,-14.910000000000025,24.439999999999998,-4.935288471086698,5.791469194312795,9.899999999999997,-5.180927445787997,-9.658624907384166,-36.34000000000003,16.310000000000002,-11.231996043765848,3.7918768744333113,12.085670576236614,-3.912413033836004,-7.470441679058978,-30.220000000000027,-3.2900000000000205,-9.5205091046563,-0.7315500411357971,14.181818181818178,-9.465110702359002,-16.340396583564008,-19.350000000000023,-8.899999999999977,-6.312183983037032,-1.9545833882373562,16.31681072499559,-9.977161961944002,-17.073463902751218,-12.629999999999995,-5.949999999999989,-4.212387019310942,-1.3152368531576712,20.196864746627778,-4.538236058955003,-8.56307572574731,-4.970000000000027,1.7799999999999727,-1.7010644487798294,0.4003058516619378,5.842696629213484,-12.325792668249003,-20.277591224593127,-8.439999999999998,4.759999999999991,-2.8548234339061014,1.0777033146169153,9.625935162094763,-6.304765847516003,-11.512554830991894,-16.02000000000004,-5.850000000000023,-5.283292658795606,-1.2934179398173788,-3.9475600873998657,-0.8308575776889982,-1.6856392616960976,-11.910000000000025,-4.980000000000018,-3.9818127110427683,-1.1031855035222229,0.36529680365296024,10.898459487135998,29.015330936154953,-11.189999999999998,-10.019999999999982,-3.7501256744528964,-2.195154011304382,-0.37770055899682736,14.24180207463,41.621160896191114,-6.6200000000000045,1.160000000000025,-2.2530801170784853,0.26051024074740053,1.790676134609442,15.734989134818,48.08319486888365,5.829999999999984,7.8700000000000045,2.0720048334932595,1.7944683858905088,5.588470776621288,13.271620871871997,37.71645844415789,9.490000000000009,8.920000000000016,3.4172338050484354,2.038763942219788,8.0983606557377,6.388964119003998,15.186315939262624,10.050000000000011,8.519999999999982,3.626195201154614,1.9455608330288594,10.083472454090149
34,NY,-1.4710397240579987,-4.155233879011791,-22.600000000000023,-69.41000000000003,-8.828469862103997,-19.01643835616439,73.87499999999999,-12.813721022655,-27.412093579759144,-42.06,-96.91000000000003,-15.269558903612273,-24.690445859872618,79.39128191900953,-9.606136030186002,-22.06420852126118,-44.81,-86.83000000000004,-16.107117181883538,-22.70540243711104,84.14085252846172,-6.493722692847998,-16.063720044790507,-37.43000000000001,-79.63000000000005,-13.820988110183889,-21.222216299770814,87.66864543982729,-3.681604989252002,-9.788207611328042,-22.680000000000007,-66.58000000000004,-8.856953176865703,-18.38363199602398,94.43667878110146,-6.7000103800009985,-16.48987235028122,-26.090000000000032,-58.43000000000001,-10.054724834283963,-16.504717247613133,98.88475836431226,-7.479360720091,-18.061545790548223,-16.690000000000026,-46.19,-6.673864363403721,-13.514541517935513,106.01303317535546,-7.263251513364999,-17.63168892502125,-11.210000000000008,-38.660000000000025,-4.5829926410466095,-11.566192969334338,110.69372917297788,-6.2680905778280005,-15.592597553358209,-14.52000000000001,-31.200000000000045,-5.856964220886616,-9.547415771596452,115.45848822800492,-8.756667373833999,-20.51331724654291,-10.940000000000026,-20.25,-4.477550853354081,-6.411474164133739,39.350831496694056,-0.6467153533300019,-1.8703212964342921,-4.780000000000001,-18.27000000000004,-2.006969811479196,-5.821066717644822,40.22177419354838,0.8565984790560033,2.589909669258216,6.269999999999982,-10.470000000000027,2.760655160267692,-3.420897863164094,43.817204301075265,2.713561741324,8.692440320315322,14.259999999999991,-1.330000000000041,6.507552594350381,-0.4479321029233601,48.231031543052,2.8780308698519996,9.268118630527084,14.539999999999992,3.8699999999999477,6.6438199680146175,1.3266145619086616,50.867678958785234,0.8045241466610009,2.428640096350834,16.049999999999983,9.169999999999959,7.384742799300627,3.201592067593031,44.624662091910984
35,OH,-9.685711804314998,-32.063745448063855,11.319999999999993,20.30000000000001,4.9710170384682915,7.275985663082442,5.441558441558439,-23.871699478470003,-53.772764846362044,3.1699999999999875,3.5,1.3439606562937159,1.183231913455037,8.008514034854326,-18.726700825407995,-47.71296453043989,3.6500000000000057,5.430000000000007,1.5506181231148333,1.8477558103923528,-1.0481413772090182,-14.894775929375001,-42.05575266758746,4.280000000000001,1.240000000000009,1.8231385244505034,0.41602361940549193,-2.4978984027861153,-9.456498744063998,-31.544309955177347,7.319999999999993,1.6200000000000045,3.1589849818746734,0.5442085460897623,-2.121760096443647,-8.268344149574999,-28.71919442059539,11.669999999999987,2.8000000000000114,5.132603245810787,0.9443507588532922,-2.5447125195054667,-10.059543129641,-32.894204888470114,9.0,0.6299999999999955,3.912363067292645,0.21093514581310324,-2.8711568369422245,-8.685532544931998,-29.73734146891971,14.639999999999986,0.410000000000025,6.524064171122988,0.1371742112482937,-3.563368571089203,-11.843253899768,-36.59253731700005,11.539999999999992,0.160000000000025,5.072527472527469,0.05348666176373104,-3.8261075574508454,-17.62349890273,-46.20077524514392,11.859999999999985,6.939999999999998,5.220529976230296,2.3737857436037753,-1.6117304895782822,-3.3620351914509987,-14.076517803550836,13.900000000000006,6.6299999999999955,6.173936217464691,2.2653500529606707,-1.8614770941617385,-1.4734806538969996,-6.699026891987779,24.75999999999999,4.889999999999986,11.554974799327978,1.660949016677418,-1.180623174294059,-2.2818145761579975,-10.006300998039547,24.189999999999998,4.220000000000027,11.259017919478707,1.4301206452487554,-0.8426966292134803,0.6092485838530004,3.0595959219952715,18.650000000000006,1.670000000000016,8.46227142792323,0.5610993515438686,-2.0272716302642775,-1.4788199573869982,-6.721669823511823,16.95999999999998,4.360000000000014,7.636887608069156,1.4782667661219278,-0.8063530849114191
36,OK,-4.403368362497001,-17.86452728656565,26.75,63.04000000000002,12.289809795093266,22.840579710144933,-33.5,-10.215852762563,-33.53731331831938,20.180000000000007,57.69,8.999687820541412,20.504709436644745,-31.221719457013574,-12.392021930841002,-37.968866955904005,19.879999999999995,54.460000000000036,8.85405068365029,19.136973785930156,-28.971962616822427,-10.945310173902001,-35.09168165853795,32.77000000000001,63.97000000000003,15.483840483840488,23.25589849856401,-26.77219545767377,-7.426425764907002,-26.837593765245877,47.620000000000005,96.14000000000001,24.19838406423091,39.58007410456978,-24.69922151450814,-2.4733587391630008,-10.88690401440094,50.359999999999985,91.76000000000002,25.95207420767842,37.10773212552573,-21.476014760147603,-1.3659835423599997,-6.320695583118785,46.329999999999984,78.38,23.389539579967682,30.069822757615277,-19.148936170212764,-0.856375870994,-4.0583307850956425,38.34,63.47000000000003,18.605328286504587,23.032260405704548,-17.455391776570984,-6.650129116372,-24.725869604330924,22.400000000000006,26.52000000000004,10.089635601999912,8.485856905158084,-16.61442006269592,-15.688823071845997,-43.6599562016623,13.289999999999992,28.480000000000018,5.750259605399789,9.170530654301912,-12.427983539094647,-9.552062956104002,-32.05673761443611,26.72999999999999,17.04000000000002,12.279492833517084,5.291925465838516,-11.185308848080131,-6.485333404214999,-24.261800795405435,37.129999999999995,71.21000000000004,17.912967966036277,26.58776089310385,-11.11111111111111,-5.206608682786001,-20.456651917018323,41.5,72.18,20.452417327879356,27.04789027954733,-8.27586206896551,-1.5736693044960004,-7.212390148500438,35.859999999999985,64.63,17.19491728602253,23.552348675339815,-6.420404573438863,-0.9110180492409997,-4.306127277565974,18.859999999999985,32.110000000000014,8.361782309909103,10.461668784413389,-4.659498207885301
37,OR,-10.076229279134003,-23.026164378337747,15.02000000000001,12.850000000000023,6.49485427657183,3.569444444444451,3.8214285714285636,-18.539202426211,-35.5001497107557,-9.940000000000026,9.29000000000002,-3.8794785731012507,2.555286610188145,2.49147960982488,-16.027498163868003,-32.24123399271456,-2.9199999999999875,-2.0499999999999545,-1.171749598715886,-0.5468124833288757,0.057365764111974714,-12.672816971296003,-27.337734823259584,3.1299999999999955,2.1000000000000227,1.2872712317499468,0.5664194200944094,2.431289640591958,-5.046310254394005,-13.02946337182884,16.319999999999993,8.660000000000025,7.096886415028697,2.3778796781899625,2.275126070130172,-6.1861179815849985,-15.515798588712071,15.340000000000003,9.720000000000027,6.642417944054735,2.676727342824891,2.684563758389246,-6.738930374842001,-16.671189345188633,13.710000000000008,7.439999999999998,5.894999355032897,2.0360690730959736,2.5517403574788187,-10.636617717057002,-23.999425999663558,6.680000000000007,11.189999999999998,2.7879799666110214,3.094066250069125,3.1826786559394202,-17.357004840932,-34.00621279808551,3.9099999999999966,9.370000000000005,1.6132359615463947,2.577858479146034,2.8541101544993364,-17.636954797823,-34.366203608012185,6.0800000000000125,8.650000000000034,2.5312239800166583,2.3750686436024258,2.143359100491917,-5.063033818655999,-13.067000935948766,24.47999999999999,9.810000000000002,11.036970243462573,2.702181577787572,2.9877184695323415,-0.3024123975490012,-0.8898121308177396,33.400000000000006,15.439999999999998,15.689590379556561,4.319968663439746,4.330661562387834,0.7881314251049987,2.395860209053425,36.52000000000001,21.420000000000016,17.41037376048818,6.095097174401735,6.626726983738827,2.1482443431829976,6.812159432945224,27.919999999999987,19.05000000000001,12.786224583256999,5.384397964951954,5.875925701104758,3.556012130604996,11.80314327562719,25.330000000000013,13.850000000000023,11.464132156596522,3.857938718662959,3.722645099904847
38,PA,-13.274480918785997,-25.835836624605296,6.909999999999968,9.850000000000023,2.606563560920395,2.6266666666666727,33.28571428571428,-22.096876740449005,-36.704248349750216,-11.210000000000036,-32.89999999999998,-3.95805380975921,-7.875523638539791,37.205882352941174,-22.294978602465005,-36.91184570726741,-4.069999999999993,-20.75,-1.4742103738046919,-5.115877712031558,41.32081187518934,-23.491528502728006,-38.137358854099304,-7.210000000000036,-34.56999999999999,-2.5821932526323454,-8.242334652615515,43.31797235023042,-16.645193042473,-30.401723332222723,0.75,-34.339999999999975,0.27648750276487505,-8.19198931272215,46.559849198868996,-15.564718982057007,-29.000593336867038,2.0399999999999636,-37.120000000000005,0.7556395155017089,-8.796833898144419,50.970873786407765,-17.245683406334006,-31.156774904613716,4.449999999999989,-41.81,1.6631783525190569,-9.799371865185394,55.24126455906821,-18.700020915847997,-32.91929829765693,1.4699999999999704,-49.5,0.5433577289864605,-11.396339357660871,59.54172366621068,-18.539281114544,-32.72894511517797,-0.03000000000002956,-51.35999999999996,-0.011027790030888676,-11.774145480387878,64.66643134486411,-26.349992465158007,-40.88082994163529,-1.1999999999999886,-46.349999999999966,-0.4392225760404043,-10.749072356215205,72.45841035120148,-12.591129742830004,-24.836163848306814,5.800000000000011,-47.85999999999996,2.1787310769693145,-11.060525525178516,73.74301675977652,-8.031656710428003,-17.408169583619813,12.300000000000011,-47.25,4.736051750028883,-10.934968757232122,76.77150435771124,-4.774887278538004,-11.135331004252045,10.159999999999968,-34.20999999999998,3.880084017567297,-8.163508805421653,82.22656249999999,-1.6343060063220005,-4.112503102394698,11.439999999999998,-26.269999999999982,4.39037494723107,-6.389861840825059,-7.108721624850658,-4.656304679972001,-10.888901463182062,6.110000000000014,-19.109999999999957,2.2978563369687905,-4.730666402614109,-5.471124620060796
41,SC,-20.223011377038,-54.51182028918892,2.430000000000007,0.3199999999999932,1.2695261480591435,0.13445378151260218,53.49999999999999,-26.954501619921,-61.49799476426544,-5.569999999999993,-12.800000000000011,-2.793240058171603,-5.097164702134442,58.32903558535326,-22.754685037613,-57.41772545645853,-3.9399999999999977,-14.390000000000015,-1.9921124481747383,-5.694274069091058,62.77836691410392,-16.892886149058004,-50.025913018376734,-3.1399999999999864,-18.910000000000025,-1.5940704640064913,-7.351397581930577,65.85629389519177,-9.974356239426,-37.1487978404351,3.8600000000000136,-12.890000000000015,2.031792820296881,-5.131165160622593,69.89485334809075,-8.521630517007003,-33.553668460336574,0.03999999999999204,-21.870000000000005,0.02063983488131684,-8.405396056727778,72.2783389450056,-8.23541569739,-32.79630812252992,-1.079999999999984,-24.110000000000014,-0.5540734660373405,-9.187211827916022,77.25173210161662,-12.692028050675999,-42.92572996004734,2.3000000000000114,-15.980000000000018,1.2007935679231552,-6.283916633896978,82.84693269803455,-17.031715600402002,-50.23052723999898,2.3000000000000114,-23.00999999999999,1.2007935679231552,-8.804959246929167,91.51590767311289,-21.123677537218004,-55.5899959334087,-0.18000000000000682,-17.330000000000013,-0.0927739408308457,-6.77879913944847,95.79081632653062,-11.880204960149001,-41.31441856891951,8.189999999999998,-14.909999999999997,4.411527067061674,-5.887927970619593,97.55469755469755,-7.345967706301002,-30.32847783695495,15.5,-8.439999999999998,8.69126387798587,-3.420327443669962,-3.428751179616231,-3.707570760134002,-18.012819600292147,15.550000000000011,-1.5900000000000034,8.721745470862086,-0.6627485306990135,-0.6793917825946324,-1.9406295677610013,-10.313711866655023,15.180000000000007,2.5900000000000034,8.49658569349603,1.098714631145804,1.0865986170562998,1.6303996130139997,10.694661422616234,14.210000000000008,3.509999999999991,7.9107053387518835,1.4948256036795668,1.4876033057851215
43,TN,-24.340485618370003,-63.56155452208624,-34.629999999999995,-74.13999999999999,-18.068454554941038,-29.07450980392156,-34.233333333333334,-32.876149599366,-70.20315645317994,-41.47,-64.97999999999999,-20.89168765743073,-26.431825577611452,-31.777316735822964,-27.260169353155007,-66.14292598697934,-44.08000000000001,-79.24000000000001,-21.918353140072604,-30.465205690119184,-30.454705675008814,-22.226667247945002,-61.43266787870277,-42.370000000000005,-74.95999999999998,-21.24874623871615,-29.301852865295903,-29.308491580078822,-16.274772378663002,-53.83891859713545,-33.99000000000001,-67.95999999999998,-17.793948277667262,-27.312916968089375,-27.30287398673544,-13.286316251534998,-48.774695391543084,-33.44999999999999,-62.879999999999995,-17.560898782024353,-25.79798145564946,-25.7991726212862,-11.433433281522001,-45.036034932698676,-29.75,-54.95999999999998,-15.927829532069815,-23.305911288270707,-23.319082782743877,-14.989116737589,-51.78843009577528,-26.659999999999997,-46.72999999999999,-14.513582666448906,-20.5325365789358,-20.539669754329434,-13.018700597903003,-48.26644961607205,-25.400000000000006,-43.359999999999985,-13.923148604944366,-19.33815003121933,-19.337694194603436,-18.174376213577002,-56.56822338771127,-22.72999999999999,-33.809999999999974,-12.64463729417,-15.749755438580134,-15.755764304013667,-8.509100801725001,-37.880573021548344,-16.650000000000006,-33.0,-9.58659603869185,-15.430655569063873,-15.430775825117864,-4.939317719614,-26.143383845510925,-10.310000000000002,-28.019999999999982,-6.1611091191586,-13.414400612792024,-13.42694164107064,-3.303277559248002,-19.141507496489186,-3.0,-19.639999999999986,-1.8746485034056115,-9.79551122194513,-9.78509373571102,-3.3549189879260006,-19.382751923017167,-2.259999999999991,-14.379999999999995,-1.4187959068365816,-7.365293997131733,-7.370892018779345,-1.6462577491380026,-10.552850113842508,-0.8400000000000034,-9.439999999999998,-0.5320833597263592,-4.960588544403572,-4.961464354527943
44,TX,1.3205067055999997,5.572560549656159,48.98999999999998,54.079999999999984,21.354779652151162,18.843205574912886,-2.851063829787241,-3.9643139007009998,-13.678817259737905,41.51999999999998,56.66999999999996,17.527862208713266,19.925459723638394,-1.658410510445839,-4.499972461853003,-15.245323868661211,31.349999999999966,41.379999999999995,12.689738919247102,13.80714047380714,-4.696305572949281,-2.0453248398789983,-7.557804831589084,30.569999999999965,34.69,12.335068393656927,11.322171089134763,-7.776206826903659,1.5396309750839998,6.5579101866932445,39.73999999999998,44.05000000000001,16.651303109025385,14.830151836514835,-4.875000000000007,4.089859249051001,19.543237274528792,41.369999999999976,45.389999999999986,17.453486900392345,15.350536034360305,-3.9141414141414277,6.417415780016,34.502831262906824,41.65999999999997,53.75,17.597364197009362,18.706713534959803,-2.9130342334680086,6.226767010081999,33.13815045656583,34.92999999999998,38.60999999999996,14.346736764283067,12.764902304360747,-1.869761444229539,3.7326000889460005,17.536710099010566,30.769999999999982,35.0,12.425796551306377,11.43491897543126,-1.0617551462621928,-3.811828429480002,-13.22223668481425,27.539999999999964,37.49000000000001,10.978234872040167,12.348891597219938,1.6473731077470946,3.5449772188279995,16.50967701432923,24.98999999999998,26.22999999999996,9.861489286137083,8.330951246625364,-0.1967213114754173,7.168031811542,40.15914963292168,30.819999999999965,24.439999999999998,12.44850149446642,7.71854471955533,-0.26212319790302435,5.725843157364999,29.681035418909357,31.96999999999997,26.399999999999977,12.973258126039836,8.389475022244813,1.3315579227696277,5.760000751107,29.911059334828177,28.769999999999982,23.439999999999998,11.52505708448503,7.379423246442513,2.0107238605898092,3.8415040277829995,18.141189614082784,24.839999999999975,18.849999999999966,9.79649787032654,5.849858796511798,2.1248042943413012
45,UT,-8.117476610478,-29.401960967050783,57.370000000000005,88.38,24.52233383201539,29.657718120805367,6.899999999999995,-11.355243245082999,-36.81222766712443,32.73000000000002,36.20999999999998,12.657101976101174,10.340691664048885,-1.4746543778801857,-11.201105893228998,-36.49489690395401,18.75,36.06999999999999,6.8789668708955505,10.296594444920212,-3.126415949252385,-8.030295754997999,-29.178324525113343,28.310000000000002,40.579999999999984,10.763849283297214,11.735106998264888,-1.8815970628728782,-2.410994180401002,-11.008029799901454,34.889999999999986,28.670000000000016,13.606052333970279,8.014872382656346,-6.104523495827846,-0.9742601195450007,-4.760521666728656,39.09,44.56,15.497759980969752,13.036100871803875,-3.3016734509271846,-1.9810239361110011,-9.226006917797,34.24000000000001,34.99000000000001,13.318811264975889,9.957596972025389,-6.800348735832616,-3.2228993493540026,-14.18901485486031,23.849999999999966,23.74000000000001,8.916887875275718,6.546437238032212,-7.924203273040482,-12.211551898173004,-38.518966804041945,9.519999999999982,9.389999999999986,3.3782824698367566,2.490782248866014,-6.881533101045304,-15.343817893747,-44.04717539067314,15.430000000000007,2.909999999999968,5.592808728116281,0.7588598847367377,-11.579818031430937,-6.284125092835,-24.38044174867859,14.360000000000014,-1.0900000000000318,5.184864240323518,-0.28131210158206615,-14.205457463884441,-2.446094833729001,-11.150421281025523,26.560000000000002,2.240000000000009,10.031726846955735,0.5831207372312202,-13.265720081135902,-6.1394321296250025,-23.953544717242227,23.019999999999982,4.759999999999991,8.579947819604913,1.247314082071168,4.6500244738130165,-6.350162335536999,-24.57368687956187,13.870000000000005,3.3500000000000227,4.999098936745361,0.874605122314185,2.837902837902837,-4.640549331633001,-19.230100325035266,4.909999999999968,2.339999999999975,1.7143256171222958,0.6093115300489467,4.292682926829264
46,VA,-11.596197926055,-42.720887913044706,13.920000000000016,37.25,6.803519061583585,16.195652173913043,-15.159999999999997,-13.547126908201998,-46.56166440359695,0.5300000000000011,6.720000000000027,0.24313041882655217,2.579357463631838,-12.73400534869368,-16.736677210331,-51.84109797464143,-60.46000000000001,10.95999999999998,-21.67180443042512,4.276405634242451,-11.29234629861982,-15.207458925022003,-49.446540219031185,-47.00999999999996,-34.079999999999984,-17.704214213083254,-11.309859622340952,-24.128062958325874,-7.707355426010001,-33.14243005392386,-8.629999999999995,-26.910000000000025,-3.7992515958617634,-9.148082676094651,-8.852599914052423,-5.327731343806,-25.521299384621255,-8.469999999999999,-25.04000000000002,-3.7314419137406927,-8.566834308392357,-5.375864376533563,-7.614870297835,-32.87547873835714,-5.269999999999982,-17.910000000000025,-2.354886277313545,-6.280684527984298,-9.087012430347183,-8.601135316106001,-35.616895833681056,-10.98999999999998,-23.579999999999984,-4.788462376367034,-8.107829316095309,-6.274856385329201,-9.024833088487998,-36.72702803573845,-13.049999999999983,-27.29000000000002,-5.635445005829764,-9.265295036327839,-3.1948881789137342,-13.635034870401999,-46.722637104118135,-13.549999999999983,-29.310000000000002,-5.838755547895024,-9.883328837334773,0.11800802454567919,-4.668582134129001,-23.092954723966024,-13.549999999999983,-29.129999999999995,-5.838755547895024,-9.828598420946081,0.18894662257911735,-2.791900174278,-15.223179980466606,-7.649999999999977,-24.589999999999975,-3.38241146040588,-8.425849780701746,1.7510194291197025,-2.901835725481999,-15.728335643145433,1.4099999999999966,-11.810000000000002,0.6494403758463435,-4.23206478893428,6.395786305492863,-2.482424873844,-13.768057130440175,1.5700000000000216,-7.0,0.7236690481677905,-2.552415679124886,8.26952526799388,-1.1506187974460014,-6.8905457391848515,3.469999999999999,-4.029999999999973,1.6135782376191576,-1.485549985255077,9.470967741935487
48,WA,-16.669336977925003,-37.281594821008106,24.839999999999975,11.759999999999991,8.7222163699568,2.6666666666666647,14.585106382978715,-22.417349990213996,-44.42599240262611,6.589999999999975,24.589999999999975,2.174630411826813,5.743045986407262,18.01249041306015,-23.357341981892997,-45.44231815048804,0.9099999999999682,-7.449999999999989,0.29476548328581503,-1.618826188044586,9.517031011692934,-17.245027019639004,-38.07886184877212,11.199999999999989,0.8600000000000136,3.7529738967261963,0.19030759017482046,10.483126474510206,-10.157339553556998,-26.589910434045123,28.399999999999977,8.740000000000009,10.098495893041274,1.9683798027115915,10.381225660996101,-4.1232298402110015,-12.818649842897592,43.94,18.099999999999966,16.538070683879706,4.1641742971517886,10.73301120592166,-3.3293733784370003,-10.612559850073517,30.379999999999995,29.620000000000005,10.87914055505819,7.000047265680391,12.726321297749866,-3.3553427565249985,-10.68649251220584,34.860000000000014,46.099999999999966,12.68697456054155,11.336251413957598,13.247818315634522,-9.137103237012001,-24.575489706994468,27.079999999999984,46.01999999999998,9.58414439922137,11.314353149432064,11.790347690710949,-20.187326965918,-41.856400674101465,3.589999999999975,44.15999999999997,1.1730492746046186,10.807635829662253,10.5511649389305,-6.407742140387001,-18.599917617098534,23.00999999999999,37.45999999999998,8.028051078082475,9.019985552612564,9.206123897394301,-1.2360205492999987,-4.221575210130484,39.64999999999998,38.30000000000001,14.686273057263492,9.240940018337117,9.729013854930722,-1.4182311199769981,-4.813948841608945,38.40999999999997,42.75999999999999,14.161934960548619,10.429268292682925,10.984028851107674,-1.4762802212240023,-5.001132696561345,44.51999999999998,37.81999999999999,16.79302930858888,9.114570781317779,9.639657980456025,-0.7471443123599986,-2.5951718911820145,32.64999999999998,29.629999999999995,11.787854718752246,7.002576040460378,7.323634914308484
49,WI,-18.102330989224996,-34.414068310297665,-19.890000000000015,-41.81999999999999,-8.260995971258883,-14.08080808080808,-15.36363636363636,-23.502747224930005,-40.520609091502294,-23.450000000000017,-48.23000000000002,-9.597675275242507,-15.895982334135333,-16.483516483516485,-22.037554235380004,-38.97915576565739,-20.49000000000001,-51.80000000000001,-8.489041720180639,-16.874063456902732,-18.117854001759003,-18.90011763901,-35.39392294367204,-15.680000000000007,-50.599999999999966,-6.6283395333107915,-16.547844855778653,-18.22573561703996,-17.343181725598996,-33.45366683147925,-9.230000000000018,-41.25,-4.011125114075885,-13.915595587491145,-15.651189127972811,-16.000976071482004,-31.684983034845448,-2.969999999999999,-31.71999999999997,-1.3267813267813262,-11.056117113976986,-12.848116077697158,-15.544031678901,-31.061199252239728,3.819999999999993,-31.99000000000001,1.759882060259833,-11.139743009367278,-13.294528521536671,-16.524535107729005,-32.38596926897539,-2.5500000000000114,-35.24000000000001,-1.1412970505303726,-12.13415054059638,-14.114391143911433,-22.796367417119995,-39.787305736621214,-2.3400000000000034,-28.29000000000002,-1.048293163695011,-9.979892052069008,-12.003780718336479,-22.223763864426,-39.17947439431091,0.009999999999990905,-23.589999999999975,0.004527550142613712,-8.46217311762384,-10.200144682903296,-11.836571863078,-25.54520682973448,7.909999999999997,-21.409999999999968,3.714138141522279,-7.740699229907072,-9.501822600243006,-7.275906126947001,-17.416841475336227,20.72999999999999,-13.0,10.357232075943038,-4.847490491460959,-6.643268989721732,-6.912036234328999,-16.691204693189793,23.930000000000007,-6.110000000000014,12.150291952272156,-2.338397948639448,-4.193465397478764,-2.7637890017410016,-7.416979084068584,25.689999999999998,-2.930000000000007,13.161534914698498,-1.1351749254193975,-3.0208333333333246,-4.1647946991359985,-10.771761744888478,20.340000000000003,-3.8000000000000114,10.142614939662913,-1.4672947717970544,-1.481481481481469
