Year,State,Weekly Median Rent,Maximum WBA,Rent Share of Max WBA
2004,AL,128.65,210.0,0.6126190476190476
2005,AL,131.19,220.0,0.5963181818181819
2006,AL,142.46,220.0,0.6475454545454545
2007,AL,147.3,230.0,0.6404347826086957
2008,AL,157.42,235.0,0.6698723404255319
2009,AL,159.95,255.0,0.6272549019607843
2010,AL,166.17,265.0,0.6270566037735849
2011,AL,168.01,265.0,0.634
2012,AL,171.0,265.0,0.6452830188679245
2013,AL,170.31,265.0,0.6426792452830189
2014,AL,180.67,265.0,0.6817735849056603
2015,AL,178.37,265.0,0.6730943396226415
2016,AL,185.96,265.0,0.7017358490566038
2017,AL,181.82,265.0,0.6861132075471698
2018,AL,193.79,265.0,0.7312830188679245
2019,AL,197.01,265.0,0.7434339622641509
2020,AL,198.62,275.0,0.7222545454545455
2021,AL,209.9,275.0,0.7632727272727273
2022,AL,219.79,275.0,0.7992363636363636
2023,AL,234.75,275.0,0.8536363636363636
2024,AL,257.77,275.0,0.9373454545454545
2004,AK,197.93,248.0,0.7981048387096774
2005,AK,211.74,248.0,0.8537903225806452
2006,AK,223.25,248.0,0.9002016129032258
2007,AK,227.85,248.0,0.91875
2008,AK,230.15,248.0,0.9280241935483872
2009,AK,260.07,370.0,0.7028918918918918
2010,AK,250.86,370.0,0.678
2011,AK,260.07,370.0,0.7028918918918918
2012,AK,294.59,370.0,0.7961891891891891
2013,AK,287.69,370.0,0.7775405405405406
2014,AK,294.59,370.0,0.7961891891891891
2015,AK,299.19,370.0,0.8086216216216217
2016,AK,299.19,370.0,0.8086216216216217
2017,AK,313.0,370.0,0.845945945945946
2018,AK,310.7,370.0,0.8397297297297297
2019,AK,315.3,370.0,0.8521621621621622
2020,AK,313.0,370.0,0.845945945945946
2021,AK,333.72,370.0,0.901945945945946
2022,AK,322.21,370.0,0.8708378378378377
2023,AK,338.32,370.0,0.9143783783783783
2024,AK,368.24,370.0,0.9952432432432433
2004,AZ,166.86,205.0,0.8139512195121952
2005,AZ,172.61,240.0,0.7192083333333333
2006,AZ,184.12,240.0,0.7671666666666667
2007,AZ,200.23,240.0,0.8342916666666667
2008,AZ,211.74,240.0,0.8822500000000001
2009,AZ,214.04,240.0,0.8918333333333333
2010,AZ,209.67,240.0,0.873625
2011,AZ,211.74,240.0,0.8822500000000001
2012,AZ,222.55,240.0,0.9272916666666667
2013,AZ,222.09,240.0,0.9253750000000001
2014,AZ,230.15,240.0,0.9589583333333334
2015,AZ,231.3,240.0,0.96375
2016,AZ,241.2,240.0,1.005
2017,AZ,248.56,240.0,1.0356666666666667
2018,AZ,253.16,240.0,1.0548333333333333
2019,AZ,262.37,240.0,1.0932083333333333
2020,AZ,278.02,240.0,1.1584166666666667
2021,AZ,305.18,240.0,1.2715833333333333
2022,AZ,350.98,240.0,1.4624166666666667
2023,AZ,391.25,320.0,1.22265625
2024,AZ,409.67,320.0,1.28021875
2004,AR,126.12,345.0,0.3655652173913044
2005,AR,131.19,345.0,0.3802608695652174
2006,AR,140.39,382.0,0.36751308900523555
2007,AR,144.07,395.0,0.36473417721518986
2008,AR,151.9,409.0,0.37139364303178485
2009,AR,151.44,431.0,0.351368909512761
2010,AR,155.81,441.0,0.35331065759637187
2011,AR,159.95,451.0,0.3546563192904656
2012,AR,158.8,457.0,0.34748358862144424
2013,AR,163.41,451.0,0.3623281596452328
2014,AR,168.01,451.0,0.37252771618625274
2015,AR,172.61,451.0,0.38272727272727275
2016,AR,172.61,451.0,0.38272727272727275
2017,AR,174.91,451.0,0.3878270509977827
2018,AR,181.36,451.0,0.4021286031042129
2019,AR,181.82,451.0,0.40314855875831485
2020,AR,186.42,451.0,0.4133481152993348
2021,AR,200.92,451.0,0.4454988913525499
2022,AR,208.75,451.0,0.46286031042128606
2023,AR,228.54,451.0,0.506740576496674
2024,AR,237.97,451.0,0.5276496674057649
2004,CA,217.95,410.0,0.5315853658536585
2005,CA,232.45,450.0,0.5165555555555555
2006,CA,246.26,450.0,0.5472444444444444
2007,CA,260.07,450.0,0.5779333333333333
2008,CA,276.18,450.0,0.6137333333333334
2009,CA,280.78,450.0,0.6239555555555555
2010,CA,283.77,450.0,0.6305999999999999
2011,CA,285.39,450.0,0.6342
2012,CA,290.45,450.0,0.6454444444444444
2013,CA,296.89,450.0,0.6597555555555555
2014,CA,308.4,450.0,0.6853333333333332
2015,CA,315.3,450.0,0.7006666666666667
2016,CA,331.42,450.0,0.736488888888889
2017,CA,349.37,450.0,0.7763777777777778
2018,CA,363.64,450.0,0.8080888888888889
2019,CA,382.05,450.0,0.849
2020,CA,395.86,450.0,0.879688888888889
2021,CA,416.57,450.0,0.9257111111111112
2022,CA,444.88,450.0,0.9886222222222222
2023,CA,478.02,450.0,1.0622666666666667
2024,CA,501.04,450.0,1.1134222222222223
2004,CO,177.22,398.0,0.4452763819095477
2005,CO,187.11,407.0,0.45972972972972975
2006,CO,195.63,421.0,0.4646793349168646
2007,CO,200.0,435.0,0.45977011494252873
2008,CO,213.35,413.0,0.5165859564164649
2009,CO,214.04,431.0,0.49661252900232017
2010,CO,215.19,443.0,0.48575620767494354
2011,CO,227.85,415.0,0.5490361445783133
2012,CO,230.84,454.0,0.5084581497797357
2013,CO,239.36,466.0,0.513648068669528
2014,CO,251.55,481.0,0.522972972972973
2015,CO,276.18,484.0,0.5706198347107438
2016,CO,293.21,502.0,0.5840836653386454
2017,CO,306.1,516.0,0.593217054263566
2018,CO,319.91,520.0,0.6152115384615385
2019,CO,337.17,542.0,0.6220848708487086
2020,CO,347.53,561.0,0.6194830659536541
2021,CO,368.24,590.0,0.624135593220339
2022,CO,401.61,636.0,0.6314622641509434
2023,CO,435.9,675.0,0.6457777777777778
2024,CO,444.19,710.0,0.6256197183098592
2004,CT,197.93,429.0,0.4613752913752914
2005,CT,209.44,447.0,0.46854586129753917
2006,CT,223.25,465.0,0.4801075268817204
2007,CT,230.15,483.0,0.4765010351966874
2008,CT,241.66,501.0,0.4823552894211577
2009,CT,248.56,519.0,0.4789210019267823
2010,CT,248.56,537.0,0.4628677839851024
2011,CT,253.16,555.0,0.4561441441441441
2012,CT,253.16,573.0,0.4418150087260035
2013,CT,260.07,591.0,0.44005076142131977
2014,CT,264.67,590.0,0.4485932203389831
2015,CT,271.58,594.0,0.45720538720538717
2016,CT,278.48,598.0,0.46568561872909703
2017,CT,280.78,616.0,0.4558116883116883
2018,CT,292.29,613.0,0.4768189233278956
2019,CT,294.59,631.0,0.46686212361331214
2020,CT,306.1,649.0,0.47164869029275813
2021,CT,317.61,667.0,0.4761769115442279
2022,CT,338.32,685.0,0.4938978102189781
2023,CT,359.03,703.0,0.5107112375533428
2024,CT,379.75,721.0,0.5266990291262136
2004,DE,174.91,330.0,0.5300303030303031
2005,DE,198.62,330.0,0.6018787878787879
2006,DE,204.83,330.0,0.6206969696969697
2007,DE,225.55,330.0,0.6834848484848485
2008,DE,231.76,330.0,0.7023030303030303
2009,DE,237.05,330.0,0.7183333333333334
2010,DE,230.15,330.0,0.6974242424242424
2011,DE,248.56,330.0,0.7532121212121212
2012,DE,237.05,330.0,0.7183333333333334
2013,DE,243.96,330.0,0.7392727272727273
2014,DE,253.16,330.0,0.7671515151515151
2015,DE,249.25,330.0,0.7553030303030303
2016,DE,248.56,330.0,0.7532121212121212
2017,DE,257.77,330.0,0.7811212121212121
2018,DE,276.18,330.0,0.8369090909090909
2019,DE,276.18,330.0,0.8369090909090909
2020,DE,260.76,400.0,0.6518999999999999
2021,DE,293.44,400.0,0.7336
2022,DE,310.7,400.0,0.7767499999999999
2023,DE,315.3,400.0,0.78825
2024,DE,377.45,450.0,0.8387777777777777
2004,DC,184.12,309.0,0.5958576051779936
2005,DC,181.82,359.0,0.5064623955431755
2006,DC,207.13,359.0,0.5769637883008356
2007,DC,218.64,359.0,0.6090250696378829
2008,DC,234.75,359.0,0.653899721448468
2009,DC,243.96,359.0,0.6795543175487465
2010,DC,276.18,359.0,0.7693036211699165
2011,DC,276.18,359.0,0.7693036211699165
2012,DC,294.59,359.0,0.8205849582172702
2013,DC,299.19,359.0,0.8333983286908078
2014,DC,322.21,359.0,0.8975208913649024
2015,DC,322.21,359.0,0.8975208913649024
2016,DC,322.21,359.0,0.8975208913649024
2017,DC,352.13,425.0,0.8285411764705882
2018,DC,349.83,432.0,0.8097916666666666
2019,DC,370.54,438.0,0.8459817351598174
2020,DC,407.36,444.0,0.9174774774774775
2021,DC,375.14,444.0,0.8449099099099099
2022,DC,425.78,444.0,0.9589639639639639
2023,DC,450.63,444.0,1.0149324324324325
2024,DC,446.49,444.0,1.005608108108108
2004,FL,186.42,275.0,0.6778909090909091
2005,FL,195.63,275.0,0.7113818181818181
2006,FL,214.04,275.0,0.7783272727272726
2007,FL,227.39,275.0,0.8268727272727272
2008,FL,234.29,275.0,0.8519636363636364
2009,FL,233.83,275.0,0.8502909090909091
2010,FL,232.45,275.0,0.8452727272727273
2011,FL,232.91,275.0,0.8469454545454546
2012,FL,234.75,275.0,0.8536363636363636
2013,FL,238.9,275.0,0.8687272727272728
2014,FL,245.11,,
2015,FL,253.16,275.0,0.9205818181818182
2016,FL,261.22,275.0,0.9498909090909092
2017,FL,273.88,275.0,0.9959272727272727
2018,FL,289.99,275.0,1.0545090909090908
2019,FL,303.8,275.0,1.1047272727272728
2020,FL,315.3,275.0,1.1465454545454545
2021,FL,329.11,275.0,1.1967636363636365
2022,FL,369.39,275.0,1.3432363636363636
2023,FL,414.27,275.0,1.5064363636363636
2024,FL,440.28,275.0,1.6010181818181817
2004,GA,161.8,300.0,0.5393333333333333
2005,GA,173.99,300.0,0.5799666666666667
2006,GA,179.52,300.0,0.5984
2007,GA,186.42,320.0,0.5825625
2008,GA,192.87,320.0,0.60271875
2009,GA,195.63,330.0,0.5928181818181818
2010,GA,200.23,330.0,0.6067575757575757
2011,GA,204.14,330.0,0.6186060606060606
2012,GA,202.53,330.0,0.6137272727272727
2013,GA,206.44,330.0,0.6255757575757576
2014,GA,214.04,330.0,0.6486060606060606
2015,GA,220.48,330.0,0.6681212121212121
2016,GA,228.54,330.0,0.6925454545454546
2017,GA,230.15,330.0,0.6974242424242424
2018,GA,241.66,330.0,0.7323030303030303
2019,GA,250.86,330.0,0.7601818181818182
2020,GA,258.46,365.0,0.7081095890410959
2021,GA,273.88,365.0,0.7503561643835617
2022,GA,306.1,365.0,0.8386301369863014
2023,GA,334.64,365.0,0.9168219178082191
2024,GA,363.64,365.0,0.9962739726027396
2004,HI,214.04,417.0,0.5132853717026379
2005,HI,243.96,436.0,0.5595412844036698
2006,HI,271.58,459.0,0.591677559912854
2007,HI,301.04,475.0,0.6337684210526316
2008,HI,322.21,523.0,0.6160803059273422
2009,HI,322.21,545.0,0.5912110091743119
2010,HI,333.72,559.0,0.5969946332737031
2011,HI,336.02,549.0,0.6120582877959927
2012,HI,349.14,523.0,0.6675717017208412
2013,HI,368.24,534.0,0.6895880149812734
2014,HI,377.22,544.0,0.6934191176470589
2015,HI,368.24,551.0,0.6683121597096189
2016,HI,388.95,569.0,0.6835676625659051
2017,HI,402.76,592.0,0.6803378378378379
2018,HI,402.76,619.0,0.6506623586429725
2019,HI,404.83,630.0,0.6425873015873016
2020,HI,423.01,648.0,0.6527932098765432
2021,HI,448.33,639.0,0.7016118935837246
2022,HI,464.9,695.0,0.6689208633093525
2023,HI,494.82,763.0,0.6485190039318479
2024,HI,485.39,796.0,0.609786432160804
2004,ID,142.69,316.0,0.4515506329113924
2005,ID,154.2,325.0,0.47446153846153843
2006,ID,157.65,322.0,0.4895962732919255
2007,ID,161.1,338.0,0.4766272189349112
2008,ID,171.23,364.0,0.4704120879120879
2009,ID,172.61,362.0,0.47682320441988957
2010,ID,170.31,334.0,0.5099101796407186
2011,ID,174.91,336.0,0.5205654761904762
2012,ID,177.22,343.0,0.5166763848396502
2013,ID,191.02,357.0,0.5350700280112045
2014,ID,188.72,383.0,0.4927415143603133
2015,ID,188.72,398.0,0.4741708542713568
2016,ID,197.47,410.0,0.4816341463414634
2017,ID,202.53,410.0,0.49397560975609756
2018,ID,207.13,405.0,0.511432098765432
2019,ID,226.24,414.0,0.5464734299516908
2020,ID,225.55,448.0,0.5034598214285715
2021,ID,257.77,463.0,0.5567386609071274
2022,ID,285.39,499.0,0.5719238476953907
2023,ID,313.0,532.0,0.5883458646616542
2024,ID,338.32,568.0,0.5956338028169014
2004,IL,170.31,326.0,0.5224233128834356
2005,IL,181.82,336.0,0.5411309523809523
2006,IL,188.03,350.0,0.5372285714285714
2007,IL,193.33,367.0,0.5267847411444142
2008,IL,200.23,369.0,0.5426287262872629
2009,IL,203.45,385.0,0.5284415584415584
2010,IL,209.44,385.0,0.544
2011,IL,211.74,388.0,0.545721649484536
2012,IL,214.04,403.0,0.5311166253101737
2013,IL,216.34,413.0,0.5238256658595641
2014,IL,223.25,418.0,0.5340909090909091
2015,IL,227.85,426.0,0.5348591549295775
2016,IL,234.75,437.0,0.5371853546910755
2017,IL,239.36,449.0,0.5330957683741648
2018,IL,243.96,458.0,0.5326637554585153
2019,IL,246.26,471.0,0.5228450106157112
2020,IL,263.52,484.0,0.5444628099173553
2021,IL,271.58,505.0,0.5377821782178217
2022,IL,287.69,542.0,0.5307933579335793
2023,IL,307.94,578.0,0.5327681660899654
2024,IL,324.74,593.0,0.5476222596964587
2004,IN,146.61,348.0,0.4212931034482759
2005,IN,152.13,369.0,0.41227642276422766
2006,IN,160.18,390.0,0.41071794871794876
2007,IN,158.8,390.0,0.4071794871794872
2008,IN,168.01,390.0,0.43079487179487175
2009,IN,172.61,390.0,0.4425897435897436
2010,IN,171.92,390.0,0.44082051282051277
2011,IN,176.52,390.0,0.45261538461538464
2012,IN,177.22,390.0,0.4544102564102564
2013,IN,181.82,390.0,0.46620512820512816
2014,IN,188.72,390.0,0.4838974358974359
2015,IN,191.02,390.0,0.4897948717948718
2016,IN,189.87,390.0,0.4868461538461539
2017,IN,194.48,390.0,0.49866666666666665
2018,IN,200.23,390.0,0.5134102564102564
2019,IN,207.13,390.0,0.5311025641025641
2020,IN,211.28,390.0,0.5417435897435897
2021,IN,220.94,390.0,0.5665128205128205
2022,IN,241.66,390.0,0.6196410256410256
2023,IN,256.16,390.0,0.6568205128205129
2024,IN,269.28,390.0,0.6904615384615383
2004,IA,134.18,300.0,0.4472666666666667
2005,IA,144.99,310.0,0.4677096774193549
2006,IA,146.14,324.0,0.45104938271604933
2007,IA,141.31,334.0,0.42308383233532937
2008,IA,152.59,347.0,0.4397406340057637
2009,IA,154.2,361.0,0.4271468144044321
2010,IA,158.8,374.0,0.42459893048128344
2011,IA,162.72,376.0,0.4327659574468085
2012,IA,166.86,385.0,0.43340259740259746
2013,IA,168.01,396.0,0.42426767676767674
2014,IA,182.28,408.0,0.44676470588235295
2015,IA,176.52,416.0,0.4243269230769231
2016,IA,184.58,431.0,0.42825986078886313
2017,IA,188.72,447.0,0.4221923937360179
2018,IA,191.02,455.0,0.41982417582417586
2019,IA,204.14,467.0,0.43713062098501065
2020,IA,198.39,481.0,0.4124532224532224
2021,IA,209.44,493.0,0.42482758620689653
2022,IA,220.94,531.0,0.4160828625235405
2023,IA,233.14,551.0,0.42312159709618874
2024,IA,249.02,582.0,0.42786941580756016
2004,KS,142.69,351.0,0.4065242165242165
2005,KS,146.84,359.0,0.40902506963788304
2006,KS,154.2,373.0,0.4134048257372654
2007,KS,158.8,386.0,0.41139896373057
2008,KS,165.71,407.0,0.40714987714987716
2009,KS,170.31,423.0,0.4026241134751773
2010,KS,173.3,436.0,0.39747706422018353
2011,KS,173.53,435.0,0.3989195402298851
2012,KS,184.12,444.0,0.41468468468468467
2013,KS,188.72,456.0,0.41385964912280704
2014,KS,195.63,469.0,0.4171215351812367
2015,KS,197.7,474.0,0.4170886075949367
2016,KS,198.62,474.0,0.41902953586497893
2017,KS,207.13,474.0,0.4369831223628692
2018,KS,207.13,474.0,0.4369831223628692
2019,KS,214.04,474.0,0.4515611814345991
2020,KS,218.18,488.0,0.44709016393442624
2021,KS,226.24,503.0,0.4497813121272366
2022,KS,247.41,540.0,0.45816666666666667
2023,KS,255.47,560.0,0.45619642857142856
2024,KS,264.67,589.0,0.44935483870967746
2004,KY,124.97,365.0,0.3423835616438356
2005,KY,128.88,365.0,0.3530958904109589
2006,KY,138.09,365.0,0.37832876712328767
2007,KY,138.09,401.0,0.3443640897755611
2008,KY,144.99,415.0,0.3493734939759036
2009,KY,151.9,415.0,0.3660240963855422
2010,KY,154.2,415.0,0.37156626506024093
2011,KY,158.8,415.0,0.3826506024096386
2012,KY,161.1,415.0,0.38819277108433736
2013,KY,169.39,415.0,0.40816867469879514
2014,KY,169.62,415.0,0.40872289156626507
2015,KY,172.61,415.0,0.41592771084337354
2016,KY,177.22,415.0,0.42703614457831324
2017,KY,181.82,415.0,0.4381204819277108
2018,KY,191.71,448.0,0.42792410714285717
2019,KY,191.02,502.0,0.3805179282868526
2020,KY,195.63,552.0,0.35440217391304346
2021,KY,202.53,569.0,0.3559402460456942
2022,KY,216.34,569.0,0.3802108963093146
2023,KY,230.15,626.0,0.3676517571884984
2024,KY,242.58,665.0,0.36478195488721804
2004,LA,131.19,258.0,0.5084883720930232
2005,LA,138.09,258.0,0.5352325581395349
2006,LA,149.6,258.0,0.57984496124031
2007,LA,161.1,258.0,0.6244186046511627
2008,LA,172.61,258.0,0.669031007751938
2009,LA,174.91,284.0,0.6158802816901409
2010,LA,179.52,247.0,0.7268016194331984
2011,LA,181.82,247.0,0.7361133603238866
2012,LA,184.12,247.0,0.745425101214575
2013,LA,188.72,247.0,0.7640485829959515
2014,LA,194.02,247.0,0.7855060728744939
2015,LA,193.33,247.0,0.7827125506072875
2016,LA,197.24,247.0,0.7985425101214575
2017,LA,205.06,247.0,0.8302024291497976
2018,LA,207.13,247.0,0.8385829959514169
2019,LA,207.59,247.0,0.8404453441295546
2020,LA,214.04,247.0,0.8665587044534413
2021,LA,223.48,247.0,0.9047773279352226
2022,LA,241.66,275.0,0.8787636363636363
2023,LA,248.56,275.0,0.9038545454545455
2024,LA,253.16,275.0,0.9205818181818182
2004,ME,147.3,292.0,0.5044520547945206
2005,ME,154.2,302.0,0.5105960264900662
2006,ME,156.5,313.0,0.5
2007,ME,167.32,320.0,0.522875
2008,ME,177.22,331.0,0.5354078549848943
2009,ME,184.12,344.0,0.5352325581395349
2010,ME,178.14,356.0,0.5003932584269662
2011,ME,187.11,359.0,0.5211977715877437
2012,ME,188.72,366.0,0.5156284153005465
2013,ME,195.63,372.0,0.5258870967741935
2014,ME,188.72,378.0,0.49925925925925924
2015,ME,200.23,386.0,0.5187305699481864
2016,ME,194.25,397.0,0.4892947103274559
2017,ME,200.23,410.0,0.4883658536585366
2018,ME,202.53,418.0,0.48452153110047846
2019,ME,211.74,431.0,0.4912761020881671
2020,ME,230.15,445.0,0.5171910112359551
2021,ME,230.15,462.0,0.4981601731601732
2022,ME,253.16,511.0,0.4954207436399217
2023,ME,292.29,538.0,0.5432899628252789
2024,ME,299.19,573.0,0.5221465968586387
2004,MD,200.23,310.0,0.6459032258064515
2005,MD,223.25,310.0,0.7201612903225807
2006,MD,232.91,340.0,0.6850294117647059
2007,MD,247.41,340.0,0.7276764705882353
2008,MD,268.12,380.0,0.7055789473684211
2009,MD,275.03,380.0,0.7237631578947368
2010,MD,277.1,410.0,0.6758536585365854
2011,MD,290.68,430.0,0.676
2012,MD,287.69,430.0,0.669046511627907
2013,MD,299.19,430.0,0.6957906976744186
2014,MD,308.86,430.0,0.7182790697674419
2015,MD,321.75,430.0,0.7482558139534884
2016,MD,322.9,430.0,0.7509302325581395
2017,MD,334.41,430.0,0.7776976744186047
2018,MD,337.17,430.0,0.7841162790697674
2019,MD,347.53,430.0,0.8082093023255813
2020,MD,356.73,430.0,0.8296046511627907
2021,MD,363.64,430.0,0.8456744186046511
2022,MD,375.14,430.0,0.8724186046511627
2023,MD,398.16,430.0,0.9259534883720931
2024,MD,423.48,430.0,0.9848372093023257
2004,MA,207.13,508.0,0.40773622047244096
2005,MA,222.55,528.0,0.42149621212121213
2006,MA,232.45,528.0,0.4402462121212121
2007,MA,234.75,575.0,0.4082608695652174
2008,MA,244.88,600.0,0.40813333333333335
2009,MA,248.56,628.0,0.39579617834394903
2010,MA,246.26,629.0,0.39151033386327505
2011,MA,253.16,625.0,0.40505599999999997
2012,MA,257.77,653.0,0.39474732006125574
2013,MA,262.37,674.0,0.38927299703264095
2014,MA,276.18,679.0,0.4067452135493373
2015,MA,292.29,698.0,0.41875358166189114
2016,MA,294.59,722.0,0.40801939058171743
2017,MA,303.8,742.0,0.40943396226415096
2018,MA,324.51,769.0,0.42198959687906373
2019,MA,342.92,795.0,0.4313459119496856
2020,MA,361.33,823.0,0.43904009720534626
2021,MA,368.24,855.0,0.4306900584795322
2022,MA,402.76,974.0,0.4135112936344969
2023,MA,432.22,1015.0,0.425832512315271
2024,MA,460.3,1033.0,0.44559535333978706
2004,MI,155.12,362.0,0.4285082872928177
2005,MI,163.41,362.0,0.45140883977900553
2006,MI,172.61,362.0,0.47682320441988957
2007,MI,171.23,362.0,0.4730110497237569
2008,MI,179.52,362.0,0.4959116022099448
2009,MI,181.82,362.0,0.5022651933701657
2010,MI,184.12,362.0,0.5086187845303868
2011,MI,188.03,362.0,0.5194198895027624
2012,MI,189.18,362.0,0.5225966850828729
2013,MI,194.94,362.0,0.5385082872928176
2014,MI,195.63,362.0,0.540414364640884
2015,MI,201.15,362.0,0.5556629834254144
2016,MI,204.83,362.0,0.565828729281768
2017,MI,207.13,362.0,0.5721823204419889
2018,MI,212.66,362.0,0.5874585635359116
2019,MI,223.25,362.0,0.6167127071823204
2020,MI,225.55,362.0,0.6230662983425415
2021,MI,234.75,362.0,0.6484806629834254
2022,MI,256.62,362.0,0.7088950276243094
2023,MI,271.58,362.0,0.7502209944751381
2024,MI,287.69,362.0,0.7947237569060773
2004,MN,168.01,478.0,0.35148535564853556
2005,MN,172.61,493.0,0.3501217038539554
2006,MN,177.22,515.0,0.34411650485436895
2007,MN,174.91,521.0,0.3357197696737044
2008,MN,181.82,538.0,0.3379553903345725
2009,MN,188.72,351.0,0.5376638176638177
2010,MN,193.33,377.0,0.5128116710875332
2011,MN,195.63,372.0,0.5258870967741935
2012,MN,204.83,385.0,0.5320259740259741
2013,MN,207.13,393.0,0.5270483460559796
2014,MN,214.04,405.0,0.5284938271604938
2015,MN,220.94,412.0,0.5362621359223301
2016,MN,227.85,424.0,0.5373820754716981
2017,MN,237.74,440.0,0.5403181818181818
2018,MN,241.66,447.0,0.5406263982102908
2019,MN,255.93,462.0,0.553961038961039
2020,MN,269.28,462.0,0.5828571428571429
2021,MN,276.18,491.0,0.5624847250509165
2022,MN,299.19,529.0,0.5655765595463138
2023,MN,317.61,552.0,0.5753804347826087
2024,MN,324.51,574.0,0.5653484320557491
2004,MS,128.88,210.0,0.6137142857142857
2005,MS,133.49,210.0,0.6356666666666667
2006,MS,140.62,210.0,0.6696190476190477
2007,MS,148.45,210.0,0.7069047619047618
2008,MS,156.5,210.0,0.7452380952380953
2009,MS,156.5,230.0,0.6804347826086956
2010,MS,166.17,235.0,0.7071063829787233
2011,MS,168.01,235.0,0.7149361702127659
2012,MS,163.41,235.0,0.6953617021276596
2013,MS,172.61,235.0,0.7345106382978724
2014,MS,175.6,235.0,0.7472340425531915
2015,MS,179.06,235.0,0.7619574468085106
2016,MS,179.52,235.0,0.7639148936170214
2017,MS,183.2,235.0,0.7795744680851063
2018,MS,191.02,235.0,0.8128510638297872
2019,MS,191.02,235.0,0.8128510638297872
2020,MS,188.03,235.0,0.8001276595744681
2021,MS,201.38,235.0,0.8569361702127659
2022,MS,209.44,235.0,0.8912340425531915
2023,MS,216.34,235.0,0.920595744680851
2024,MS,235.9,235.0,1.0038297872340425
2004,MO,142.69,250.0,0.57076
2005,MO,147.3,250.0,0.5892000000000001
2006,MO,151.9,270.0,0.5625925925925926
2007,MO,154.2,280.0,0.5507142857142857
2008,MO,163.41,320.0,0.51065625
2009,MO,166.4,320.0,0.52
2010,MO,170.77,320.0,0.53365625
2011,MO,175.37,320.0,0.54803125
2012,MO,177.22,320.0,0.5538125
2013,MO,182.74,320.0,0.5710625
2014,MO,187.11,320.0,0.5847187500000001
2015,MO,191.02,320.0,0.5969375
2016,MO,191.94,320.0,0.5998125
2017,MO,197.93,320.0,0.61853125
2018,MO,207.13,320.0,0.64728125
2019,MO,205.52,320.0,0.64225
2020,MO,208.06,320.0,0.6501875
2021,MO,218.64,320.0,0.6832499999999999
2022,MO,234.06,320.0,0.7314375
2023,MO,253.16,320.0,0.791125
2024,MO,262.83,320.0,0.8213437499999999
2004,MT,126.58,323.0,0.3918885448916409
2005,MT,136.71,335.0,0.408089552238806
2006,MT,140.39,346.0,0.4057514450867052
2007,MT,144.99,362.0,0.40052486187845304
2008,MT,161.1,386.0,0.41735751295336787
2009,MT,151.9,407.0,0.37321867321867325
2010,MT,161.1,422.0,0.38175355450236964
2011,MT,163.41,421.0,0.38814726840855107
2012,MT,170.31,431.0,0.3951508120649652
2013,MT,172.61,446.0,0.387017937219731
2014,MT,188.72,464.0,0.40672413793103446
2015,MT,191.02,471.0,0.4055626326963907
2016,MT,184.12,487.0,0.3780698151950719
2017,MT,195.63,510.0,0.3835882352941176
2018,MT,202.07,518.0,0.3900965250965251
2019,MT,204.83,527.0,0.3886717267552182
2020,MT,218.64,552.0,0.3960869565217391
2021,MT,220.94,572.0,0.38625874125874127
2022,MT,243.96,618.0,0.39475728155339807
2023,MT,287.69,657.0,0.4378843226788432
2024,MT,287.69,698.0,0.41216332378223497
2004,NE,137.63,280.0,0.49153571428571424
2005,NE,136.94,288.0,0.4754861111111111
2006,NE,149.6,288.0,0.5194444444444444
2007,NE,158.8,288.0,0.5513888888888889
2008,NE,156.5,298.0,0.5251677852348994
2009,NE,156.5,308.0,0.5081168831168831
2010,NE,166.86,318.0,0.5247169811320755
2011,NE,168.01,348.0,0.48278735632183906
2012,NE,175.83,354.0,0.4966949152542373
2013,NE,177.22,362.0,0.48955801104972374
2014,NE,181.82,372.0,0.48876344086021506
2015,NE,188.72,380.0,0.4966315789473684
2016,NE,191.71,392.0,0.4890561224489796
2017,NE,204.83,392.0,0.5225255102040817
2018,NE,205.52,414.0,0.49642512077294687
2019,NE,211.74,426.0,0.4970422535211268
2020,NE,214.5,440.0,0.4875
2021,NE,225.09,456.0,0.4936184210526316
2022,NE,246.26,490.0,0.5025714285714286
2023,NE,266.97,514.0,0.5193968871595331
2024,NE,271.58,546.0,0.4973992673992674
2004,NV,191.02,317.0,0.6025867507886435
2005,NV,209.44,329.0,0.636595744680851
2006,NV,225.55,346.0,0.6518786127167631
2007,NV,241.43,362.0,0.6669337016574586
2008,NV,250.86,362.0,0.6929834254143646
2009,NV,246.26,393.0,0.6266157760814249
2010,NV,237.05,400.0,0.5926250000000001
2011,NV,231.07,398.0,0.5805778894472362
2012,NV,239.36,396.0,0.6044444444444445
2013,NV,237.05,402.0,0.589676616915423
2014,NV,243.73,407.0,0.5988452088452089
2015,NV,240.51,412.0,0.5837621359223301
2016,NV,253.16,417.0,0.6070983213429256
2017,NV,262.37,426.0,0.6158920187793427
2018,NV,266.97,439.0,0.6081321184510251
2019,NV,288.15,450.0,0.6403333333333333
2020,NV,306.1,469.0,0.6526652452025586
2021,NV,322.21,483.0,0.6671014492753623
2022,NV,358.57,533.0,0.6727392120075046
2023,NV,395.86,562.0,0.7043772241992883
2024,NV,418.41,585.0,0.7152307692307692
2004,NH,202.53,372.0,0.5444354838709677
2005,NH,211.28,372.0,0.5679569892473119
2006,NH,218.64,372.0,0.5877419354838709
2007,NH,225.55,372.0,0.6063172043010753
2008,NH,230.15,427.0,0.5389929742388759
2009,NH,230.15,427.0,0.5389929742388759
2010,NH,237.05,427.0,0.555152224824356
2011,NH,237.05,427.0,0.555152224824356
2012,NH,237.05,427.0,0.555152224824356
2013,NH,243.96,427.0,0.5713348946135831
2014,NH,243.96,427.0,0.5713348946135831
2015,NH,246.26,427.0,0.5767213114754098
2016,NH,248.56,427.0,0.5821077283372366
2017,NH,266.97,427.0,0.6252224824355973
2018,NH,269.28,427.0,0.6306323185011709
2019,NH,292.29,427.0,0.684519906323185
2020,NH,294.59,427.0,0.6899063231850117
2021,NH,303.8,427.0,0.7114754098360656
2022,NH,345.22,427.0,0.8084777517564403
2023,NH,386.65,427.0,0.905503512880562
2024,NH,391.25,427.0,0.9162763466042154
2004,NJ,214.04,490.0,0.43681632653061225
2005,NJ,230.15,503.0,0.4575546719681909
2006,NJ,241.66,521.0,0.4638387715930902
2007,NJ,253.16,536.0,0.4723134328358209
2008,NJ,264.67,560.0,0.472625
2009,NJ,275.49,584.0,0.47172945205479455
2010,NJ,276.18,600.0,0.4603
2011,NJ,285.39,598.0,0.4772408026755853
2012,NJ,285.39,611.0,0.46708674304418984
2013,NJ,292.29,624.0,0.4684134615384616
2014,NJ,299.19,636.0,0.4704245283018868
2015,NJ,303.11,646.0,0.4692105263157895
2016,NJ,310.7,657.0,0.4729071537290715
2017,NJ,317.61,677.0,0.4691432791728213
2018,NJ,330.03,681.0,0.48462555066079294
2019,NJ,337.63,696.0,0.4851005747126437
2020,NJ,345.22,713.0,0.484179523141655
2021,NJ,359.03,731.0,0.4911491108071135
2022,NJ,380.9,804.0,0.4737562189054726
2023,NJ,405.06,830.0,0.48802409638554217
2024,NJ,437.28,854.0,0.5120374707259953
2004,NM,131.19,290.0,0.4523793103448276
2005,NM,138.09,300.0,0.4603
2006,NM,149.6,312.0,0.47948717948717945
2007,NM,156.5,326.0,0.48006134969325154
2008,NM,161.1,355.0,0.45380281690140845
2009,NM,166.17,359.0,0.46286908077994426
2010,NM,168.01,426.0,0.3943896713615023
2011,NM,179.52,386.0,0.4650777202072539
2012,NM,181.82,397.0,0.457984886649874
2013,NM,188.72,407.0,0.4636855036855037
2014,NM,193.33,406.0,0.47618226600985225
2015,NM,193.33,412.0,0.46924757281553403
2016,NM,197.93,423.0,0.467919621749409
2017,NM,202.53,425.0,0.47654117647058825
2018,NM,202.99,433.0,0.46879907621247113
2019,NM,209.44,442.0,0.47384615384615386
2020,NM,207.13,461.0,0.4493058568329718
2021,NM,225.55,484.0,0.4660123966942149
2022,NM,234.75,514.0,0.4567120622568093
2023,NM,266.51,542.0,0.49171586715867155
2024,NM,261.68,577.0,0.45351819757365686
2004,NY,195.63,405.0,0.48303703703703704
2005,NY,207.13,405.0,0.511432098765432
2006,NY,216.34,405.0,0.5341728395061729
2007,NY,225.55,405.0,0.5569135802469136
2008,NY,234.29,405.0,0.5784938271604938
2009,NY,243.96,405.0,0.6023703703703704
2010,NY,250.86,405.0,0.6194074074074074
2011,NY,260.07,405.0,0.6421481481481481
2012,NY,269.28,405.0,0.6648888888888889
2013,NY,273.88,405.0,0.6762469135802469
2014,NY,285.39,405.0,0.7046666666666667
2015,NY,289.99,420.0,0.6904523809523809
2016,NY,299.19,420.0,0.7123571428571428
2017,NY,303.8,425.0,0.7148235294117647
2018,NY,322.21,430.0,0.7493255813953488
2019,NY,329.11,450.0,0.7313555555555555
2020,NY,345.22,504.0,0.6849603174603175
2021,NY,347.53,504.0,0.6895436507936508
2022,NY,368.24,504.0,0.7306349206349206
2023,NY,388.95,504.0,0.7717261904761904
2024,NY,402.76,504.0,0.7991269841269841
2004,NC,145.45,416.0,0.34963942307692303
2005,NC,154.2,426.0,0.36197183098591545
2006,NC,158.8,442.0,0.3592760180995475
2007,NC,164.56,457.0,0.3600875273522976
2008,NC,168.01,457.0,0.367636761487965
2009,NC,174.22,494.0,0.35267206477732793
2010,NC,177.91,505.0,0.3522970297029703
2011,NC,180.67,506.0,0.3570553359683794
2012,NC,184.12,522.0,0.35272030651340996
2013,NC,188.72,535.0,0.35274766355140186
2014,NC,195.63,350.0,0.5589428571428571
2015,NC,200.69,350.0,0.5734
2016,NC,203.45,350.0,0.5812857142857143
2017,NC,207.13,350.0,0.5918
2018,NC,217.03,350.0,0.6200857142857142
2019,NC,220.94,350.0,0.6312571428571429
2020,NC,230.15,350.0,0.6575714285714286
2021,NC,243.96,350.0,0.6970285714285714
2022,NC,269.28,350.0,0.7693714285714285
2023,NC,295.05,350.0,0.8430000000000001
2024,NC,322.9,350.0,0.9225714285714285
2004,ND,115.07,312.0,0.3688141025641025
2005,ND,121.98,324.0,0.3764814814814815
2006,ND,121.98,340.0,0.35876470588235293
2007,ND,128.88,351.0,0.3671794871794872
2008,ND,138.09,385.0,0.3586753246753247
2009,ND,140.39,406.0,0.34578817733990147
2010,ND,144.99,431.0,0.3364037122969838
2011,ND,156.5,442.0,0.35407239819004527
2012,ND,165.71,470.0,0.3525744680851064
2013,ND,172.61,516.0,0.334515503875969
2014,ND,191.02,570.0,0.3351228070175439
2015,ND,193.33,594.0,0.32547138047138047
2016,ND,195.63,633.0,0.3090521327014218
2017,ND,200.23,630.0,0.3178253968253968
2018,ND,191.02,606.0,0.31521452145214524
2019,ND,197.93,595.0,0.33265546218487396
2020,ND,195.63,618.0,0.31655339805825244
2021,ND,223.25,640.0,0.348828125
2022,ND,222.55,657.0,0.33873668188736683
2023,ND,227.85,673.0,0.3385586924219911
2024,ND,264.67,748.0,0.35383689839572197
2004,OH,144.99,323.0,0.4488854489164087
2005,OH,152.82,331.0,0.4616918429003021
2006,OH,158.8,343.0,0.4629737609329446
2007,OH,161.1,355.0,0.45380281690140845
2008,OH,168.01,365.0,0.4603013698630137
2009,OH,170.31,372.0,0.4578225806451613
2010,OH,172.15,375.0,0.4590666666666667
2011,OH,174.91,387.0,0.4519638242894057
2012,OH,174.91,400.0,0.43727499999999997
2013,OH,177.22,413.0,0.4291041162227603
2014,OH,184.12,418.0,0.4404784688995215
2015,OH,187.11,424.0,0.4412971698113208
2016,OH,188.72,435.0,0.4338390804597701
2017,OH,191.02,435.0,0.43912643678160923
2018,OH,197.93,443.0,0.44679458239277653
2019,OH,202.3,443.0,0.4566591422121896
2020,OH,206.67,480.0,0.43056249999999996
2021,OH,214.73,498.0,0.43118473895582327
2022,OH,232.45,530.0,0.43858490566037733
2023,OH,249.25,561.0,0.4442959001782531
2024,OH,264.67,561.0,0.4717825311942959
2004,OK,131.19,275.0,0.47705454545454545
2005,OK,135.79,292.0,0.4650342465753424
2006,OK,143.38,317.0,0.4523028391167192
2007,OK,147.3,342.0,0.4307017543859649
2008,OK,152.59,392.0,0.38926020408163264
2009,OK,161.1,409.0,0.39388753056234715
2010,OK,165.71,430.0,0.3853720930232558
2011,OK,165.94,358.0,0.4635195530726257
2012,OK,169.85,368.0,0.4615489130434782
2013,OK,175.83,386.0,0.45551813471502595
2014,OK,179.52,440.0,0.40800000000000003
2015,OK,188.72,490.0,0.3851428571428571
2016,OK,184.12,505.0,0.3645940594059406
2017,OK,191.71,510.0,0.37590196078431376
2018,OK,199.08,506.0,0.39343873517786565
2019,OK,200.23,520.0,0.38505769230769227
2020,OK,202.53,539.0,0.3757513914656772
2021,OK,209.44,461.0,0.4543167028199566
2022,OK,232.45,476.0,0.48834033613445377
2023,OK,253.16,493.0,0.5135091277890467
2024,OK,255.47,519.0,0.49223506743737955
2004,OR,168.01,410.0,0.409780487804878
2005,OR,171.0,419.0,0.4081145584725537
2006,OR,174.91,434.0,0.40301843317972347
2007,OR,181.36,445.0,0.40755056179775284
2008,OR,191.02,463.0,0.41257019438444925
2009,OR,201.61,482.0,0.4182780082987552
2010,OR,202.53,493.0,0.41081135902636917
2011,OR,211.74,496.0,0.4268951612903226
2012,OR,214.04,507.0,0.42216962524654833
2013,OR,215.88,524.0,0.4119847328244275
2014,OR,225.55,538.0,0.4192379182156134
2015,OR,229.69,549.0,0.41837887067395263
2016,OR,248.56,549.0,0.4527504553734062
2017,OR,259.61,590.0,0.4400169491525424
2018,OR,276.18,604.0,0.4572516556291391
2019,OR,289.53,624.0,0.46399038461538455
2020,OR,299.19,648.0,0.46171296296296294
2021,OR,313.0,673.0,0.4650817236255572
2022,OR,333.72,733.0,0.45527967257844476
2023,OR,359.49,783.0,0.4591187739463602
2024,OR,382.51,812.0,0.4710714285714286
2004,PA,149.6,461.0,0.3245119305856833
2005,PA,162.72,478.0,0.340418410041841
2006,PA,165.71,497.0,0.333420523138833
2007,PA,170.31,520.0,0.3275192307692308
2008,PA,181.82,539.0,0.33732838589981445
2009,PA,186.42,558.0,0.3340860215053763
2010,PA,188.72,564.0,0.3346099290780142
2011,PA,197.93,573.0,0.3454275741710297
2012,PA,197.93,573.0,0.3454275741710297
2013,PA,207.13,573.0,0.36148342059336824
2014,PA,211.74,573.0,0.3695287958115183
2015,PA,214.73,573.0,0.3747469458987783
2016,PA,218.64,573.0,0.3815706806282722
2017,PA,222.09,561.0,0.39588235294117646
2018,PA,230.15,561.0,0.41024955436720145
2019,PA,237.05,561.0,0.42254901960784313
2020,PA,245.57,572.0,0.4293181818181818
2021,PA,253.16,583.0,0.4342367066895369
2022,PA,276.18,594.0,0.46494949494949495
2023,PA,296.43,605.0,0.48996694214876035
2024,PA,308.86,605.0,0.5105123966942149
2004,RI,181.82,441.0,0.41229024943310655
2005,RI,188.72,462.0,0.4084848484848485
2006,RI,204.83,477.0,0.42941299790356396
2007,RI,204.83,492.0,0.4163211382113821
2008,RI,211.74,513.0,0.4127485380116959
2009,RI,217.49,528.0,0.4119128787878788
2010,RI,214.04,546.0,0.392014652014652
2011,RI,223.25,551.0,0.4051724137931034
2012,RI,216.34,566.0,0.382226148409894
2013,RI,220.94,566.0,0.39035335689045936
2014,RI,230.15,566.0,0.4066254416961131
2015,RI,232.45,566.0,0.4106890459363957
2016,RI,230.15,566.0,0.4066254416961131
2017,RI,230.15,566.0,0.4066254416961131
2018,RI,248.56,566.0,0.43915194346289754
2019,RI,248.56,576.0,0.4315277777777778
2020,RI,262.37,586.0,0.44773037542662114
2021,RI,287.69,599.0,0.4802838063439065
2022,RI,317.61,661.0,0.48049924357034796
2023,RI,336.02,680.0,0.4941470588235294
2024,RI,359.03,705.0,0.5092624113475177
2004,SC,149.6,278.0,0.5381294964028777
2005,SC,147.99,292.0,0.5068150684931507
2006,SC,156.5,303.0,0.5165016501650165
2007,SC,158.8,303.0,0.5240924092409242
2008,SC,163.41,326.0,0.5012576687116564
2009,SC,172.61,326.0,0.529478527607362
2010,SC,178.83,326.0,0.548558282208589
2011,SC,179.98,326.0,0.5520858895705522
2012,SC,184.12,326.0,0.5647852760736196
2013,SC,186.42,326.0,0.571840490797546
2014,SC,192.17,326.0,0.589478527607362
2015,SC,196.78,326.0,0.6036196319018405
2016,SC,201.15,326.0,0.6170245398773007
2017,SC,202.53,326.0,0.6212576687116564
2018,SC,215.19,326.0,0.6600920245398773
2019,SC,222.32,326.0,0.681963190184049
2020,SC,229.69,326.0,0.7045705521472393
2021,SC,230.15,326.0,0.7059815950920245
2022,SC,253.16,326.0,0.7765644171779141
2023,SC,276.18,326.0,0.8471779141104294
2024,SC,310.7,326.0,0.9530674846625766
2004,SD,126.35,248.0,0.5094758064516128
2005,SD,124.28,256.0,0.48546875
2006,SD,135.79,266.0,0.5104887218045112
2007,SD,127.73,274.0,0.46616788321167885
2008,SD,142.69,285.0,0.5006666666666667
2009,SD,136.71,298.0,0.458758389261745
2010,SD,147.3,309.0,0.47669902912621365
2011,SD,150.52,314.0,0.4793630573248408
2012,SD,165.02,323.0,0.5108978328173375
2013,SD,154.89,333.0,0.4651351351351351
2014,SD,158.8,345.0,0.4602898550724638
2015,SD,163.41,352.0,0.46423295454545455
2016,SD,177.22,366.0,0.48420765027322404
2017,SD,186.42,380.0,0.490578947368421
2018,SD,183.89,390.0,0.47151282051282045
2019,SD,181.82,402.0,0.45228855721393035
2020,SD,179.52,414.0,0.4336231884057971
2021,SD,202.53,428.0,0.47320093457943924
2022,SD,209.44,466.0,0.4494420600858369
2023,SD,218.64,487.0,0.4489527720739219
2024,SD,248.1,514.0,0.48268482490272374
2004,TN,138.55,275.0,0.5038181818181818
2005,TN,142.69,275.0,0.5188727272727273
2006,TN,149.6,275.0,0.5439999999999999
2007,TN,154.2,275.0,0.5607272727272727
2008,TN,162.26,275.0,0.5900363636363636
2009,TN,168.7,275.0,0.6134545454545454
2010,TN,172.61,275.0,0.6276727272727273
2011,TN,176.06,275.0,0.6402181818181818
2012,TN,180.67,275.0,0.6569818181818181
2013,TN,183.2,275.0,0.6661818181818181
2014,TN,191.02,275.0,0.6946181818181818
2015,TN,191.94,275.0,0.6979636363636363
2016,TN,197.93,275.0,0.7197454545454546
2017,TN,203.68,275.0,0.7406545454545455
2018,TN,209.44,275.0,0.7615999999999999
2019,TN,218.64,275.0,0.7950545454545455
2020,TN,224.63,275.0,0.8168363636363636
2021,TN,239.82,275.0,0.8720727272727272
2022,TN,264.21,275.0,0.9607636363636363
2023,TN,289.99,275.0,1.0545090909090908
2024,TN,308.86,325.0,0.9503384615384616
2004,TX,154.2,328.0,0.47012195121951217
2005,TX,161.1,336.0,0.4794642857142857
2006,TX,172.61,336.0,0.5137202380952381
2007,TX,177.22,364.0,0.4868681318681319
2008,TX,185.27,378.0,0.49013227513227514
2009,TX,189.87,392.0,0.4843622448979592
2010,TX,195.17,406.0,0.4807142857142857
2011,TX,197.01,415.0,0.474722891566265
2012,TX,201.38,426.0,0.4727230046948357
2013,TX,206.44,440.0,0.4691818181818182
2014,TX,216.34,454.0,0.47651982378854624
2015,TX,225.55,465.0,0.48505376344086026
2016,TX,230.15,479.0,0.48048016701461377
2017,TX,237.05,493.0,0.4808316430020284
2018,TX,248.56,494.0,0.5031578947368421
2019,TX,258.92,494.0,0.5241295546558705
2020,TX,265.82,521.0,0.51021113243762
2021,TX,279.4,535.0,0.5222429906542055
2022,TX,310.7,549.0,0.5659380692167577
2023,TX,340.62,563.0,0.6050088809946714
2024,TX,356.73,577.0,0.6182495667244368
2004,UT,165.71,377.0,0.43954907161803713
2005,UT,165.71,371.0,0.4466576819407008
2006,UT,172.61,383.0,0.4506788511749348
2007,UT,184.12,406.0,0.4534975369458128
2008,UT,195.63,427.0,0.45814988290398123
2009,UT,200.23,444.0,0.45096846846846844
2010,UT,202.53,451.0,0.4490687361419069
2011,UT,205.98,452.0,0.4557079646017699
2012,UT,216.34,467.0,0.46325481798715207
2013,UT,225.55,479.0,0.4708768267223382
2014,UT,220.94,487.0,0.4536755646817248
2015,UT,234.75,496.0,0.4732862903225806
2016,UT,240.74,509.0,0.4729666011787819
2017,UT,241.66,524.0,0.46118320610687025
2018,UT,266.28,543.0,0.49038674033149166
2019,UT,266.97,560.0,0.4767321428571429
2020,UT,287.69,580.0,0.49601724137931036
2021,UT,299.19,617.0,0.48491085899513775
2022,UT,345.22,661.0,0.5222692889561271
2023,UT,376.29,712.0,0.5284971910112359
2024,UT,392.17,746.0,0.5256970509383379
2004,VT,172.15,359.0,0.4795264623955432
2005,VT,165.71,371.0,0.4466576819407008
2006,VT,179.52,385.0,0.4662857142857143
2007,VT,184.12,394.0,0.46730964467005076
2008,VT,204.83,409.0,0.5008068459657702
2009,VT,207.13,425.0,0.4873647058823529
2010,VT,200.23,425.0,0.47112941176470585
2011,VT,216.34,425.0,0.509035294117647
2012,VT,220.94,425.0,0.5198588235294117
2013,VT,217.03,425.0,0.5106588235294117
2014,VT,227.85,425.0,0.5361176470588235
2015,VT,227.85,436.0,0.522591743119266
2016,VT,223.25,446.0,0.500560538116592
2017,VT,241.66,458.0,0.5276419213973799
2018,VT,239.36,466.0,0.513648068669528
2019,VT,248.56,498.0,0.4991164658634538
2020,VT,260.07,513.0,0.5069590643274854
2021,VT,285.39,531.0,0.5374576271186441
2022,VT,285.39,583.0,0.48951972555746137
2023,VT,308.4,668.0,0.4616766467065868
2024,VT,315.3,705.0,0.4472340425531915
2004,VA,186.42,316.0,0.5899367088607594
2005,VA,197.47,326.0,0.6057361963190184
2006,VA,207.13,330.0,0.6276666666666667
2007,VA,220.94,347.0,0.63671469740634
2008,VA,230.84,363.0,0.6359228650137742
2009,VA,246.26,378.0,0.6514814814814814
2010,VA,253.16,378.0,0.6697354497354497
2011,VA,266.97,378.0,0.7062698412698414
2012,VA,262.83,378.0,0.6953174603174602
2013,VA,272.27,378.0,0.7202910052910052
2014,VA,272.73,378.0,0.7215079365079365
2015,VA,286.54,378.0,0.7580423280423281
2016,VA,287.69,378.0,0.761084656084656
2017,VA,295.28,378.0,0.7811640211640211
2018,VA,301.5,378.0,0.7976190476190477
2019,VA,310.7,378.0,0.8219576719576719
2020,VA,316.46,378.0,0.8371957671957672
2021,VA,329.8,378.0,0.8724867724867725
2022,VA,356.73,378.0,0.9437301587301588
2023,VA,382.05,378.0,1.0107142857142857
2024,VA,403.68,378.0,1.067936507936508
2004,WA,177.22,496.0,0.3572983870967742
2005,WA,181.82,496.0,0.3665725806451613
2006,WA,193.1,496.0,0.38931451612903223
2007,WA,197.93,496.0,0.3990524193548387
2008,WA,216.34,515.0,0.4200776699029126
2009,WA,225.55,541.0,0.416913123844732
2010,WA,225.55,560.0,0.4027678571428572
2011,WA,234.75,570.0,0.4118421052631579
2012,WA,235.9,583.0,0.40463121783876504
2013,WA,242.35,604.0,0.4012417218543046
2014,WA,253.16,624.0,0.4057051282051282
2015,WA,264.67,637.0,0.4154945054945055
2016,WA,280.78,664.0,0.4228614457831325
2017,WA,301.04,681.0,0.4420558002936858
2018,WA,322.21,713.0,0.4519074333800841
2019,WA,333.72,749.0,0.4455540720961282
2020,WA,348.68,790.0,0.44136708860759494
2021,WA,361.33,844.0,0.4281161137440758
2022,WA,393.56,929.0,0.4236383207750269
2023,WA,418.87,999.0,0.41928928928928927
2024,WA,444.19,1019.0,0.4359077526987242
2004,WV,116.23,358.0,0.32466480446927376
2005,WV,121.98,366.0,0.3332786885245902
2006,WV,128.88,380.0,0.3391578947368421
2007,WV,132.34,391.0,0.33846547314578007
2008,WV,131.19,408.0,0.3215441176470588
2009,WV,139.93,424.0,0.3300235849056604
2010,WV,141.54,424.0,0.33382075471698114
2011,WV,149.6,424.0,0.35283018867924526
2012,WV,150.06,424.0,0.35391509433962265
2013,WV,156.5,424.0,0.36910377358490565
2014,WV,163.41,424.0,0.3854009433962264
2015,WV,168.93,424.0,0.3984198113207547
2016,WV,172.61,424.0,0.4070990566037736
2017,WV,168.93,424.0,0.3984198113207547
2018,WV,180.67,424.0,0.4261084905660377
2019,WV,184.81,424.0,0.43587264150943394
2020,WV,183.66,424.0,0.43316037735849056
2021,WV,193.33,424.0,0.4559669811320755
2022,WV,195.63,424.0,0.46139150943396223
2023,WV,211.74,630.0,0.3360952380952381
2024,WV,218.64,662.0,0.33027190332326284
2004,WI,149.6,329.0,0.4547112462006079
2005,WI,158.8,329.0,0.4826747720364742
2006,WI,161.1,341.0,0.4724340175953079
2007,WI,166.86,355.0,0.47002816901408456
2008,WI,174.91,355.0,0.49270422535211267
2009,WI,174.91,363.0,0.4818457300275482
2010,WI,177.22,363.0,0.48820936639118456
2011,WI,181.82,363.0,0.5008815426997245
2012,WI,184.12,363.0,0.5072176308539945
2013,WI,188.72,363.0,0.5198898071625344
2014,WI,193.33,370.0,0.5225135135135135
2015,WI,195.63,370.0,0.5287297297297298
2016,WI,195.63,370.0,0.5287297297297298
2017,WI,204.83,370.0,0.5535945945945946
2018,WI,213.35,370.0,0.5766216216216216
2019,WI,214.04,370.0,0.5784864864864865
2020,WI,212.43,370.0,0.5741351351351351
2021,WI,225.32,370.0,0.6089729729729729
2022,WI,241.66,370.0,0.6531351351351351
2023,WI,261.22,370.0,0.7060000000000001
2024,WI,278.48,370.0,0.7526486486486487
2004,WY,138.09,306.0,0.4512745098039216
2005,WY,133.49,316.0,0.4224367088607595
2006,WY,149.6,330.0,0.4533333333333333
2007,WY,161.1,349.0,0.46160458452722064
2008,WY,165.71,387.0,0.42819121447028424
2009,WY,170.31,415.0,0.4103855421686747
2010,WY,179.98,438.0,0.4109132420091324
2011,WY,195.63,430.0,0.45495348837209304
2012,WY,191.02,444.0,0.43022522522522527
2013,WY,195.63,459.0,0.42620915032679735
2014,WY,202.53,471.0,0.43
2015,WY,205.75,475.0,0.43315789473684213
2016,WY,218.64,491.0,0.44529531568228103
2017,WY,207.13,489.0,0.42357873210633945
2018,WY,208.98,475.0,0.4399578947368421
2019,WY,204.83,489.0,0.4188752556237219
2020,WY,202.53,508.0,0.3986811023622047
2021,WY,225.55,526.0,0.4288022813688213
2022,WY,223.25,533.0,0.41885553470919323
2023,WY,246.26,560.0,0.43975
2024,WY,260.07,595.0,0.4370924369747899
