Year,State,Replacement Ratio 1,Replacement Ratio 2,Average WBA,Average Weekly Wage
2006,AL,0.429,0.378,$188.80,$499.90
2006,AK,0.31,0.269,$183.60,$683.68
2006,AZ,0.453,0.33,$211.42,$640.34
2006,AR,0.528,0.489,$254.34,$519.87
2006,CA,0.504,0.414,$296.48,$716.23
2006,CO,0.493,0.432,$321.43,$743.40
2006,CT,0.378,0.323,$293.12,$907.62
2006,DE,0.429,0.383,$250.23,$654.07
2006,DC,0.439,0.356,$286.64,$805.10
2006,FL,0.385,0.3,$235.39,$784.64
2006,GA,0.477,0.405,$262.53,$647.86
2006,HI,0.571,0.485,$375.44,$773.71
2006,ID,0.518,0.482,$252.17,$523.41
2006,IL,0.389,0.345,$256.30,$742.39
2006,IN,0.521,0.471,$301.25,$640.10
2007,AL,0.41,0.366,$190.95,$521.35
2007,AK,0.305,0.264,$177.67,$674.02
2007,AZ,0.443,0.365,$215.13,$588.65
2007,AR,0.537,0.516,$260.47,$504.69
2007,CA,0.49,0.412,$308.70,$748.47
2007,CO,0.491,0.435,$337.14,$775.00
2007,CT,0.363,0.337,$300.12,$889.83
2007,DE,0.444,0.397,$253.24,$637.80
2007,DC,0.442,0.371,$288.45,$776.65
2007,FL,0.375,0.311,$239.13,$768.94
2007,GA,0.492,0.434,$266.62,$614.08
2007,HI,0.567,0.498,$387.67,$778.77
2007,ID,0.493,0.458,$256.18,$559.68
2007,IL,0.407,0.364,$268.98,$739.29
2007,IN,0.546,0.503,$306.45,$609.64
2008,AL,0.425,0.395,$199.98,$506.91
2008,AK,0.306,0.271,$185.20,$683.41
2008,AZ,0.426,0.368,$219.50,$596.56
2008,AR,0.528,0.508,$268.70,$528.97
2008,CA,0.48,0.419,$315.07,$751.39
2008,CO,0.498,0.333,$347.30,"$1,042.77"
2008,CT,0.396,0.368,$310.64,$844.87
2008,DE,0.431,0.379,$259.00,$684.24
2008,DC,0.42,0.335,$297.13,$886.80
2008,FL,0.351,0.299,$239.55,$801.29
2008,GA,0.486,0.427,$271.70,$636.55
2008,HI,0.559,0.484,$416.42,$859.98
2008,ID,0.494,0.463,$275.49,$595.08
2008,IL,0.395,0.34,$271.84,$800.24
2008,IN,0.538,0.492,$314.70,$639.11
2009,AL,0.414,0.38,$213.22,$560.77
2009,AK,0.325,0.296,$222.87,$751.89
2009,AZ,0.385,0.325,$222.08,$682.45
2009,AR,0.535,0.516,$290.82,$563.49
2009,CA,0.459,0.388,$326.24,$841.22
2009,CO,0.506,0.385,$372.89,$968.82
2009,CT,0.431,0.397,$328.96,$829.30
2009,DE,0.414,0.366,$262.25,$715.63
2009,DC,0.376,0.3,$309.39,"$1,030.69"
2009,FL,0.387,0.326,$239.94,$735.96
2009,GA,0.525,0.473,$288.35,$609.69
2009,HI,0.584,0.498,$427.09,$858.15
2009,ID,0.505,0.46,$275.62,$599.18
2009,IL,0.403,0.353,$284.67,$805.45
2009,IN,0.532,0.47,$321.07,$682.85
2010,AL,0.408,0.372,$213.27,$572.78
2010,AK,0.33,0.303,$235.30,$775.81
2010,AZ,0.405,0.343,$216.40,$630.66
2010,AR,0.513,0.496,$288.45,$582.13
2010,CA,0.448,0.38,$314.46,$827.45
2010,CO,0.504,0.455,$359.00,$789.12
2010,CT,0.442,0.405,$325.44,$802.64
2010,DE,0.42,0.366,$258.04,$704.73
2010,DC,0.409,0.337,$307.31,$911.66
2010,FL,0.41,0.355,$235.69,$663.48
2010,GA,0.449,0.386,$275.53,$713.61
2010,HI,0.565,0.502,$425.03,$846.38
2010,ID,0.481,0.446,$261.22,$585.57
2010,IL,0.386,0.333,$272.54,$817.64
2010,IN,0.525,0.472,$312.86,$663.09
2011,AL,0.412,0.379,$211.58,$557.68
2011,AK,0.333,0.304,$234.84,$771.67
2011,AZ,0.409,0.357,$214.35,$599.65
2011,AR,0.505,0.477,$284.41,$596.00
2011,CA,0.457,0.392,$307.98,$785.54
2011,CO,0.495,0.454,$347.31,$765.57
2011,CT,0.425,0.392,$324.51,$827.56
2011,DE,0.431,0.374,$247.09,$659.94
2011,DC,0.39,0.318,$302.89,$953.41
2011,FL,0.411,0.357,$238.72,$668.74
2011,GA,0.463,0.39,$274.81,$705.14
2011,HI,0.55,0.478,$429.79,$898.48
2011,ID,0.462,0.427,$253.25,$593.72
2011,IL,0.374,0.318,$268.68,$845.08
2011,IN,0.521,0.47,$308.48,$656.17
2012,NJ,0.523,0.457,$391.99,$856.94
2012,NM,0.495,0.45,$289.71,$644.13
2012,NY,0.425,0.352,$298.89,$848.14
2012,NC,0.516,0.505,$287.02,$568.41
2012,ND,0.475,0.447,$357.07,$798.84
2012,OH,0.448,0.406,$291.25,$716.69
2012,OK,0.496,0.437,$279.81,$640.50
2012,OR,0.462,0.44,$302.61,$688.48
2012,PA,0.54,0.513,$358.04,$698.12
2012,PR,0.366,0.336,$119.27,$355.44
2012,RI,0.553,0.518,$373.65,$720.79
2012,SC,0.474,0.437,$242.27,$553.89
2012,SD,0.461,0.423,$273.15,$645.09
2012,TN,0.401,0.359,$219.49,$610.73
2012,TX,0.507,0.443,$333.60,$752.77
2013,NJ,0.527,0.464,$396.07,$854.35
2013,NM,0.474,0.422,$310.20,$735.88
2013,NY,0.421,0.344,$303.83,$883.15
2013,NC,0.51,0.495,$296.54,$598.53
2013,ND,0.51,0.486,$399.07,$821.13
2013,OH,0.447,0.4,$305.82,$764.27
2013,OK,0.505,0.45,$293.36,$652.45
2013,OR,0.479,0.446,$323.40,$725.68
2013,PA,0.538,0.506,$363.17,$718.18
2013,PR,0.367,0.322,$121.86,$378.93
2013,RI,0.474,0.439,$339.34,$773.25
2013,SC,0.457,0.407,$247.08,$607.74
2013,SD,0.484,0.45,$287.26,$638.14
2013,TN,0.406,0.354,$224.37,$633.06
2013,TX,0.493,0.39,$345.79,$886.76
2014,NJ,0.53,0.462,$402.52,$872.16
2014,NM,0.501,0.403,$300.62,$746.75
2014,NY,0.404,0.324,$307.33,$949.58
2014,NC,0.397,0.367,$240.63,$655.24
2014,ND,0.509,0.479,$432.41,$903.18
2014,OH,0.442,0.401,$314.74,$785.12
2014,OK,0.528,0.478,$323.34,$676.29
2014,OR,0.481,0.445,$331.12,$743.51
2014,PA,0.527,0.481,$377.16,$783.64
2014,PR,0.36,0.331,$119.32,$360.37
2014,RI,0.456,0.433,$332.18,$767.70
2014,SC,0.446,0.396,$249.39,$629.61
2014,SD,0.476,0.442,$296.29,$670.33
2014,TN,0.391,0.332,$228.14,$686.22
2014,TX,0.503,0.421,$357.26,$848.93
2015,NJ,0.517,0.444,$405.31,$913.00
2015,NM,0.51,0.454,$307.91,$678.34
2015,NY,0.421,0.364,$308.98,$848.55
2015,NC,0.404,0.368,$243.63,$662.79
2015,ND,0.54,0.499,$504.48,"$1,010.97"
2015,OH,0.449,0.407,$326.34,$801.74
2015,OK,0.553,0.474,$374.49,$790.77
2015,OR,0.48,0.435,$359.55,$826.28
2015,PA,0.527,0.492,$384.90,$781.74
2015,PR,0.356,0.324,$120.40,$371.83
2015,RI,0.449,0.425,$327.92,$771.13
2015,SC,0.453,0.402,$254.22,$632.03
2015,SD,0.489,0.46,$307.42,$668.86
2015,TN,0.388,0.335,$228.93,$682.38
2015,TX,0.499,0.401,$389.00,$970.47
2016,NJ,0.52,0.458,$425.75,$930.17
2016,NM,0.502,0.43,$327.18,$760.28
2016,NY,0.414,0.342,$307.94,$901.60
2016,NC,0.388,0.345,$249.40,$723.63
2016,ND,0.54,0.517,$511.75,$989.02
2016,OH,0.444,0.394,$340.63,$864.23
2016,OK,0.523,0.454,$380.55,$837.31
2016,OR,0.487,0.446,$373.57,$837.35
2016,PA,0.537,0.5,$397.32,$794.97
2016,PR,0.346,0.306,$118.90,$388.12
2016,RI,0.433,0.405,$333.03,$823.30
2016,SC,0.441,0.371,$260.66,$703.51
2016,SD,0.479,0.454,$318.36,$701.64
2016,TN,0.392,0.335,$237.19,$708.43
2016,TX,0.52,0.437,$402.33,$920.77
2017,NJ,0.535,0.455,$435.53,$957.74
2017,NM,0.498,0.428,$313.33,$731.89
2017,NY,0.417,0.339,$335.56,$990.91
2017,NC,0.389,0.331,$260.61,$786.51
2017,ND,0.521,0.496,$476.24,$959.29
2017,OH,0.44,0.396,$347.42,$877.04
2017,OK,0.53,0.482,$367.66,$762.26
2017,OR,0.482,0.434,$389.71,$897.23
2017,PA,0.534,0.478,$396.51,$830.13
2017,PR,0.337,0.309,$115.59,$373.79
2017,RI,0.459,0.409,$348.45,$851.70
2017,SC,0.436,0.362,$265.16,$733.40
2017,SD,0.467,0.428,$331.08,$773.53
2017,TN,0.378,0.31,$238.77,$771.31
2017,TX,0.507,0.44,$402.40,$914.98
2018,NJ,0.523,0.456,$447.92,$981.82
2018,NM,0.498,0.434,$330.12,$760.01
2018,NY,0.392,0.306,$342.47,"$1,120.72"
2018,NC,0.379,0.329,$260.08,$791.44
2018,ND,0.506,0.489,$464.03,$948.92
2018,OH,0.434,0.389,$357.97,$919.39
2018,OK,0.53,0.458,$367.98,$804.19
2018,OR,0.49,0.455,$401.45,$882.97
2018,PA,0.533,0.492,$394.63,$801.47
2018,PR,0.336,0.295,$120.55,$408.04
2018,RI,0.445,0.412,$349.73,$847.95
2018,SC,0.427,0.355,$263.99,$743.74
2018,SD,0.478,0.449,$340.17,$758.20
2018,TN,0.37,0.316,$239.99,$760.64
2018,TX,0.488,0.391,$409.62,"$1,046.66"
2019,NJ,0.511,0.429,$458.15,"$1,068.06"
2019,NM,0.533,0.468,$341.65,$729.85
2019,NY,0.4,0.325,$359.46,"$1,105.25"
2019,NC,0.38,0.319,$275.91,$863.71
2019,ND,0.501,0.479,$465.33,$970.92
2019,OH,0.422,0.384,$362.69,$943.72
2019,OK,0.522,0.453,$387.14,$855.10
2019,OR,0.49,0.447,$423.09,$947.32
2019,PA,0.509,0.459,$408.43,$890.77
2019,PR,0.391,0.345,$144.84,$419.73
2019,RI,0.429,0.398,$362.06,$910.01
2019,SC,0.406,0.336,$273.74,$815.68
2019,SD,0.479,0.448,$353.41,$788.75
2019,TN,0.372,0.318,$240.13,$754.40
2019,TX,0.496,0.425,$418.84,$985.58
2020,NJ,0.523,0.479,$410.77,$857.29
2020,NM,0.528,0.475,$318.02,$669.28
2020,NY,0.418,0.339,$344.15,"$1,014.71"
2020,NC,0.379,0.322,$234.01,$727.76
2020,ND,0.516,0.503,$451.32,$897.11
2020,OH,0.465,0.433,$329.82,$760.88
2020,OK,0.523,0.493,$347.75,$704.71
2020,OR,0.484,0.459,$368.40,$803.48
2020,PA,0.504,0.465,$352.27,$757.23
2020,PR,0.495,0.466,$183.21,$393.04
2020,RI,0.422,0.409,$327.09,$799.93
2020,SC,0.44,0.384,$245.84,$639.45
2020,SD,0.496,0.463,$321.84,$694.56
2020,TN,0.379,0.327,$217.62,$666.37
2020,TX,0.509,0.425,$371.28,$873.85
2021,NJ,0.528,0.465,$480.06,"$1,032.27"
2021,NM,0.493,0.437,$319.13,$730.50
2021,NY,0.404,0.365,$348.84,$955.79
2021,NC,0.355,0.303,$241.76,$797.98
2021,ND,0.516,0.503,$477.70,$950.52
2021,OH,0.448,0.407,$378.60,$930.46
2021,OK,0.489,0.447,$338.84,$757.76
2021,OR,0.449,0.425,$396.17,$932.93
2021,PA,0.526,0.49,$389.57,$795.34
2021,PR,0.528,0.47,$198.47,$422.73
2021,RI,0.423,0.38,$357.19,$939.00
2021,SC,0.42,0.369,$265.63,$719.37
2021,SD,0.463,0.431,$365.42,$848.61
2021,TN,0.36,0.329,$230.55,$699.94
2021,TX,0.508,0.421,$366.73,$871.02
2022,NJ,0.52,0.453,$523.42,"$1,155.50"
2022,NM,0.477,0.421,$379.73,$901.18
2022,NY,0.393,0.349,$383.06,"$1,098.68"
2022,NC,0.35,0.296,$276.80,$935.72
2022,ND,0.508,0.473,$508.09,"$1,075.10"
2022,OH,0.426,0.39,$416.90,"$1,069.26"
2022,OK,0.487,0.428,$366.78,$857.36
2022,OR,0.494,0.459,$481.28,"$1,048.52"
2022,PA,0.493,0.448,$445.50,$995.31
2022,PR,0.493,0.442,$202.06,$456.79
2022,RI,0.443,0.414,$412.17,$995.54
2022,SC,0.408,0.352,$283.98,$806.26
2022,SD,0.458,0.426,$410.89,$963.96
2022,TN,0.33,0.285,$246.99,$865.90
2022,TX,0.498,0.436,$437.51,"$1,002.51"
2023,NJ,0.532,0.459,$574.32,"$1,250.90"
2023,NM,0.484,0.413,$413.50,"$1,001.58"
2023,NY,0.385,0.302,$415.08,"$1,373.77"
2023,NC,0.336,0.277,$300.54,"$1,084.31"
2023,ND,0.5,0.48,$535.42,"$1,115.64"
2023,OH,0.434,0.392,$449.45,"$1,145.98"
2023,OK,0.487,0.427,$399.11,$934.79
2023,OR,0.484,0.436,$545.96,"$1,252.18"
2023,PA,0.49,0.436,$462.05,"$1,058.63"
2023,PR,0.478,0.42,$211.98,$504.68
2023,RI,0.44,0.398,$442.26,"$1,111.20"
2023,SC,0.373,0.3,$297.45,$990.37
2023,SD,0.482,0.443,$437.41,$987.32
2023,TN,0.31,0.272,$254.39,$935.38
2023,TX,0.491,0.392,$486.09,"$1,239.59"
2000,UT,0.482,0.45,$233.95,$520.02
2000,VT,0.51,0.489,$211.28,$431.94
2000,VA,0.458,0.405,$204.60,$505.44
2000,WA,0.519,0.498,$284.79,$571.72
2000,WV,0.417,0.395,$198.37,$501.69
2000,WI,0.479,0.443,$240.77,$543.08
2000,WY,0.486,0.456,$210.31,$461.68
2001,UT,0.501,0.454,$262.16,$576.94
2001,VT,0.518,0.491,$231.27,$470.95
2001,VA,0.454,0.362,$224.24,$619.92
2001,WA,0.517,0.483,$312.12,$646.35
2001,WV,0.418,0.393,$205.62,$522.62
2001,WI,0.502,0.462,$252.05,$545.58
2001,WY,0.493,0.455,$218.38,$480.00
2002,UT,0.507,0.467,$284.00,$607.77
2002,VT,0.516,0.482,$251.56,$522.12
2002,VA,0.543,0.449,$291.72,$649.01
2002,WA,0.51,0.477,$332.73,$696.92
2002,WV,0.441,0.415,$221.78,$534.11
2002,WI,0.492,0.453,$254.76,$562.66
2002,WY,0.488,0.456,$235.54,$516.27
2003,UT,0.487,0.443,$277.62,$627.36
2003,VT,0.5,0.463,$257.56,$556.79
2003,VA,0.531,0.453,$280.22,$619.23
2003,WA,0.508,0.482,$327.55,$680.15
2003,WV,0.434,0.409,$229.59,$562.00
2003,WI,0.476,0.436,$254.52,$583.14
2003,WY,0.502,0.468,$245.97,$525.48
2004,UT,0.494,0.46,$270.26,$587.56
2004,VT,0.52,0.498,$257.39,$517.00
2004,VA,0.468,0.406,$244.02,$601.66
2004,WA,0.488,0.453,$314.16,$692.88
2004,WV,0.442,0.415,$227.00,$546.98
2004,WI,0.48,0.437,$255.39,$584.46
2004,WY,0.501,0.464,$242.55,$522.77
2005,UT,0.497,0.407,$273.76,$672.60
2005,VT,0.485,0.448,$266.31,$594.81
2005,VA,0.433,0.377,$253.17,$672.08
2005,WA,0.447,0.422,$303.19,$718.49
2005,WV,0.424,0.374,$234.10,$626.33
2005,WI,0.489,0.442,$256.70,$580.36
2005,WY,0.501,0.459,$249.77,$544.37
2006,UT,0.487,0.449,$280.20,$623.90
2006,VT,0.485,0.455,$272.89,$600.33
2006,VA,0.418,0.356,$258.98,$727.62
2006,WA,0.488,0.452,$327.33,$724.28
2006,WV,0.432,0.416,$238.39,$572.94
2006,WI,0.474,0.433,$257.74,$594.81
2006,WY,0.493,0.464,$259.02,$558.84
2007,UT,0.49,0.458,$299.45,$654.02
2007,VT,0.511,0.486,$282.11,$580.32
2007,VA,0.449,0.398,$273.83,$687.90
2007,WA,0.481,0.44,$335.13,$761.64
2007,WV,0.442,0.423,$242.63,$574.23
2007,WI,0.476,0.444,$273.11,$615.26
2007,WY,0.505,0.47,$282.83,$602.30
2008,UT,0.49,0.449,$319.18,$710.65
2008,VT,0.51,0.485,$290.96,$599.38
2008,VA,0.46,0.395,$285.39,$722.17
2008,WA,0.487,0.449,$357.75,$796.95
2008,WV,0.44,0.418,$244.87,$585.89
2008,WI,0.476,0.436,$279.54,$641.21
2008,WY,0.514,0.482,$312.05,$647.03
2009,UT,0.495,0.461,$319.44,$692.91
2009,VT,0.53,0.504,$307.58,$610.23
2009,VA,0.452,0.388,$295.80,$762.79
2009,WA,0.527,0.467,$405.20,$868.12
2009,WV,0.443,0.418,$272.74,$652.77
2009,WI,0.484,0.449,$287.61,$640.37
2009,WY,0.509,0.462,$347.45,$751.88
2010,UT,0.502,0.474,$322.37,$679.79
2010,VT,0.502,0.471,$293.75,$623.35
2010,VA,0.452,0.391,$295.98,$756.90
2010,WA,0.513,0.47,$386.48,$822.67
2010,WV,0.407,0.389,$254.30,$653.00
2010,WI,0.465,0.419,$279.50,$667.71
2010,WY,0.514,0.484,$341.82,$706.11
2011,UT,0.478,0.442,$311.53,$705.34
2011,VT,0.49,0.466,$294.15,$631.81
2011,VA,0.441,0.385,$292.95,$761.45
2011,WA,0.482,0.439,$371.29,$845.03
2011,WV,0.412,0.386,$258.62,$669.76
2011,WI,0.454,0.42,$270.92,$644.41
2011,WY,0.509,0.478,$334.66,$699.64
2012,UT,0.493,0.455,$328.33,$721.47
2012,VT,0.499,0.469,$305.58,$652.24
2012,VA,0.43,0.366,$294.09,$803.46
2012,WA,0.495,0.464,$385.66,$830.77
2012,WV,0.427,0.397,$275.30,$692.61
2012,WI,0.47,0.429,$273.62,$638.47
2012,WY,0.511,0.481,$348.13,$724.37
2013,UT,0.495,0.456,$346.97,$761.11
2013,VT,0.505,0.481,$313.80,$652.84
2013,VA,0.428,0.356,$299.02,$840.09
2013,WA,0.49,0.455,$385.90,$847.92
2013,WV,0.421,0.393,$276.08,$702.65
2013,WI,0.459,0.416,$274.51,$659.89
2013,WY,0.533,0.495,$362.21,$731.93
2014,UT,0.486,0.439,$363.20,$826.86
2014,VT,0.486,0.451,$313.15,$695.05
2014,VA,0.418,0.34,$299.66,$880.66
2014,WA,0.484,0.447,$408.47,$914.42
2014,WV,0.421,0.389,$282.02,$724.26
2014,WI,0.47,0.424,$286.51,$675.39
2014,WY,0.518,0.484,$369.95,$765.13
2015,UT,0.491,0.444,$375.93,$846.50
2015,VT,0.499,0.465,$324.39,$696.88
2015,VA,0.438,0.361,$301.90,$835.33
2015,WA,0.486,0.443,$422.43,$953.49
2015,WV,0.418,0.385,$302.36,$785.50
2015,WI,0.448,0.403,$293.62,$727.87
2015,WY,0.526,0.481,$406.61,$845.15
2016,UT,0.499,0.454,$396.27,$872.71
2016,VT,0.506,0.478,$335.28,$700.95
2016,VA,0.417,0.347,$307.84,$886.18
2016,WA,0.493,0.43,$450.91,"$1,049.62"
2016,WV,0.42,0.385,$307.55,$798.72
2016,WI,0.458,0.398,$310.58,$781.30
2016,WY,0.527,0.484,$410.78,$848.77
2017,UT,0.498,0.451,$395.08,$876.17
2017,VT,0.503,0.469,$351.27,$748.50
2017,VA,0.421,0.335,$309.08,$922.78
2017,WA,0.493,0.444,$465.72,"$1,048.32"
2017,WV,0.414,0.383,$286.17,$747.47
2017,WI,0.448,0.395,$320.27,$809.97
2017,WY,0.528,0.489,$386.70,$791.21
2018,UT,0.495,0.448,$419.99,$937.09
2018,VT,0.501,0.466,$363.98,$781.11
2018,VA,0.413,0.338,$313.73,$929.20
2018,WA,0.505,0.456,$482.31,"$1,058.22"
2018,WV,0.412,0.381,$293.63,$770.46
2018,WI,0.452,0.4,$318.30,$796.55
2018,WY,0.512,0.479,$379.13,$790.92
2019,UT,0.5,0.456,$439.76,$964.94
2019,VT,0.5,0.467,$373.68,$800.64
2019,VA,0.414,0.346,$320.23,$924.53
2019,WA,0.495,0.451,$504.21,"$1,117.95"
2019,WV,0.386,0.339,$325.17,$958.57
2019,WI,0.431,0.378,$323.96,$856.14
2019,WY,0.523,0.481,$403.21,$838.12
2020,UT,0.468,0.445,$386.87,$869.91
2020,VT,0.586,0.58,$427.87,$738.16
2020,VA,0.407,0.346,$277.08,$799.92
2020,WA,0.497,0.447,$483.43,"$1,081.76"
2020,WV,0.392,0.366,$272.12,$744.01
2020,WI,0.417,0.374,$305.44,$816.16
2020,WY,0.501,0.446,$417.42,$935.41
2021,UT,0.487,0.45,$425.44,$946.05
2021,VT,0.505,0.489,$381.22,$780.33
2021,VA,0.381,0.31,$300.69,$969.84
2021,WA,0.503,0.466,$525.16,"$1,127.35"
2021,WV,0.364,0.337,$281.70,$835.62
2021,WI,0.42,0.377,$299.70,$794.93
2021,WY,0.514,0.471,$427.29,$907.07
2022,UT,0.496,0.462,$480.31,"$1,039.49"
2022,VT,0.482,0.452,$416.23,$920.90
2022,VA,0.381,0.318,$327.24,"$1,028.49"
2022,WA,0.513,0.475,$609.79,"$1,284.46"
2022,WV,0.376,0.347,$318.88,$918.08
2022,WI,0.39,0.345,$327.65,$950.62
2022,WY,0.501,0.463,$438.58,$947.63
2023,UT,0.49,0.439,$544.65,"$1,241.33"
2023,VT,0.531,0.476,$496.00,"$1,042.34"
2023,VA,0.363,0.296,$346.06,"$1,169.34"
2023,WA,0.494,0.436,$710.91,"$1,631.39"
2023,WV,0.442,0.419,$401.43,$957.72
2023,WI,0.374,0.325,$342.65,"$1,053.13"
2023,WY,0.517,0.477,$465.03,$974.50
2012,AL,0.418,0.374,$212.18,$567.57
2012,AK,0.341,0.307,$233.18,$760.16
2012,AZ,0.415,0.365,$214.36,$587.54
2012,AR,0.518,0.447,$289.33,$647.25
2012,CA,0.453,0.373,$305.81,$820.48
2012,CO,0.494,0.452,$359.85,$795.90
2012,CT,0.436,0.407,$329.06,$809.28
2012,DE,0.421,0.368,$254.01,$690.32
2012,DC,0.408,0.344,$303.08,$881.46
2012,FL,0.431,0.371,$234.28,$630.85
2012,GA,0.459,0.397,$274.86,$692.27
2012,HI,0.526,0.47,$425.05,$904.23
2012,ID,0.461,0.42,$256.18,$610.32
2012,IL,0.385,0.342,$276.13,$806.93
2012,IN,0.492,0.443,$300.99,$678.96
2013,AL,0.415,0.367,$214.98,$585.68
2013,AK,0.337,0.309,$237.80,$770.66
2013,AZ,0.414,0.34,$222.58,$654.99
2013,AR,0.518,0.482,$298.66,$619.71
2013,CA,0.473,0.389,$313.13,$804.33
2013,CO,0.504,0.446,$368.89,$826.57
2013,CT,0.443,0.43,$333.71,$775.51
2013,DE,0.425,0.375,$252.65,$673.57
2013,DC,0.386,0.317,$301.53,$951.26
2013,FL,0.434,0.375,$236.20,$630.29
2013,GA,0.481,0.412,$268.85,$653.20
2013,HI,0.545,0.475,$431.90,$909.68
2013,ID,0.473,0.433,$268.65,$620.04
2013,IL,0.395,0.347,$284.57,$819.83
2013,IN,0.367,0.344,$252.80,$734.38
2014,AL,0.411,0.363,$217.11,$597.38
2014,AK,0.346,0.3,$240.94,$803.42
2014,AZ,0.415,0.313,$225.35,$719.21
2014,AR,0.511,0.481,$295.24,$613.66
2014,CA,0.465,0.348,$312.81,$898.09
2014,CO,0.505,0.46,$377.83,$820.72
2014,CT,0.433,0.413,$333.18,$807.61
2014,DE,0.413,0.371,$250.66,$675.33
2014,DC,0.395,0.33,$302.19,$914.66
2014,GA,0.458,0.383,$272.57,$711.49
2014,HI,0.562,0.481,$440.23,$914.33
2014,ID,0.495,0.454,$287.12,$632.95
2014,IL,0.387,0.334,$290.82,$870.27
2014,IN,0.37,0.347,$259.43,$747.97
2015,AL,0.39,0.308,$221.85,$720.25
2015,AK,0.323,0.288,$251.95,$875.10
2015,AZ,0.416,0.335,$224.11,$669.07
2015,AR,0.508,0.474,$309.98,$654.59
2015,CA,0.456,0.368,$319.07,$866.08
2015,CO,0.506,0.444,$400.28,$901.30
2015,CT,0.438,0.411,$344.72,$838.62
2015,DE,0.406,0.361,$257.06,$712.90
2015,DC,0.388,0.318,$303.38,$955.50
2015,FL,0.421,0.354,$239.28,$675.55
2015,GA,0.456,0.377,$280.36,$743.87
2015,HI,0.549,0.463,$447.36,$965.70
2015,ID,0.493,0.463,$296.84,$641.38
2015,IL,0.386,0.342,$301.88,$882.38
2015,IN,0.36,0.338,$261.81,$775.65
2016,AL,0.395,0.341,$223.64,$655.75
2016,AK,0.321,0.285,$261.01,$914.84
2016,AZ,0.398,0.324,$227.32,$702.67
2016,AR,0.413,0.386,$272.18,$704.22
2016,CA,0.461,0.363,$328.90,$906.42
2016,CO,0.503,0.438,$422.71,$965.30
2016,CT,0.44,0.419,$359.72,$859.49
2016,DE,0.395,0.337,$256.90,$761.96
2016,DC,0.395,0.324,$312.22,$964.76
2016,FL,0.414,0.346,$243.85,$704.37
2016,GA,0.461,0.369,$285.94,$775.73
2016,HI,0.561,0.479,$458.10,$955.85
2016,ID,0.476,0.437,$310.14,$709.62
2016,IL,0.388,0.342,$314.91,$921.18
2016,IN,0.371,0.343,$276.12,$804.69
2017,AL,0.377,0.311,$225.22,$724.76
2017,AK,0.327,0.288,$256.50,$890.27
2017,AZ,0.396,0.327,$229.93,$702.73
2017,AR,0.411,0.395,$278.10,$704.42
2017,CA,0.475,0.386,$333.93,$865.35
2017,CO,0.504,0.435,$429.04,$986.94
2017,CT,0.437,0.394,$376.85,$956.46
2017,DE,0.406,0.348,$265.15,$762.48
2017,DC,0.39,0.319,$353.45,"$1,106.95"
2017,FL,0.41,0.348,$246.11,$707.90
2017,GA,0.451,0.359,$292.64,$814.64
2017,HI,0.525,0.446,$496.49,"$1,112.50"
2017,ID,0.494,0.445,$317.92,$715.03
2017,IL,0.392,0.34,$332.88,$980.14
2017,IN,0.368,0.342,$283.64,$829.31
2018,AL,0.389,0.339,$225.70,$665.09
2018,AK,0.321,0.281,$249.02,$885.49
2018,AZ,0.386,0.294,$233.24,$794.56
2018,AR,0.408,0.39,$272.36,$698.90
2018,CA,0.46,0.366,$344.30,$941.55
2018,CO,0.49,0.424,$437.80,"$1,032.59"
2018,CT,0.444,0.416,$383.47,$921.44
2018,DE,0.393,0.339,$264.30,$778.81
2018,DC,0.398,0.325,$360.63,"$1,111.17"
2018,FL,0.392,0.316,$249.03,$788.83
2018,GA,0.43,0.348,$291.95,$839.47
2018,HI,0.557,0.461,$514.48,"$1,115.82"
2018,ID,0.484,0.444,$322.09,$725.42
2018,IL,0.385,0.334,$335.93,"$1,005.29"
2018,IN,0.374,0.338,$296.67,$877.83
2019,AL,0.381,0.327,$232.06,$709.27
2019,AK,0.308,0.274,$255.47,$930.92
2019,AZ,0.367,0.304,$233.91,$769.81
2019,AR,0.397,0.377,$270.74,$717.34
2019,CA,0.441,0.346,$345.43,$997.22
2019,CO,0.484,0.421,$453.89,"$1,077.55"
2019,CT,0.447,0.418,$394.87,$945.01
2019,DE,0.39,0.338,$272.55,$805.30
2019,DC,0.386,0.322,$358.73,"$1,114.70"
2019,FL,0.38,0.311,$251.62,$809.71
2019,GA,0.441,0.335,$304.36,$908.85
2019,HI,0.544,0.466,$535.50,"$1,149.85"
2019,ID,0.493,0.463,$340.65,$736.51
2019,IL,0.382,0.326,$351.06,"$1,076.04"
2019,IN,0.367,0.332,$300.59,$905.65
2020,AL,0.449,0.386,$241.50,$625.09
2020,AK,0.319,0.268,$252.45,$940.54
2020,AZ,0.363,0.308,$236.06,$766.40
2020,AR,0.394,0.378,$241.90,$640.71
2020,CA,0.405,0.343,$307.50,$895.49
2020,CO,0.486,0.427,$398.39,$931.93
2020,CT,0.397,0.37,$311.75,$842.75
2020,DE,0.392,0.371,$250.74,$675.51
2020,DC,0.431,0.393,$347.41,$884.98
2020,FL,0.406,0.343,$234.59,$683.90
2020,GA,0.444,0.399,$262.09,$657.13
2020,HI,0.619,0.554,$451.63,$815.81
2020,ID,0.497,0.457,$320.87,$701.78
2020,IL,0.388,0.343,$301.93,$881.06
2020,IN,0.351,0.326,$233.81,$716.85
2021,AL,0.454,0.361,$259.02,$717.63
2021,AK,0.306,0.273,$258.88,$946.65
2021,AZ,0.342,0.287,$237.44,$828.53
2021,AR,0.369,0.356,$249.35,$700.70
2021,CA,0.416,0.347,$331.40,$955.58
2021,CO,0.474,0.435,$431.37,$992.19
2021,CT,0.397,0.36,$350.07,$972.69
2021,DE,0.381,0.347,$283.69,$816.67
2021,DC,0.388,0.319,$367.25,"$1,152.35"
2021,FL,0.371,0.309,$239.22,$773.36
2021,GA,0.456,0.399,$285.72,$715.81
2021,HI,0.57,0.476,$490.30,"$1,030.44"
2021,ID,0.474,0.44,$354.34,$804.97
2021,IL,0.376,0.342,$325.66,$952.84
2021,IN,0.331,0.311,$260.82,$838.90
2022,AL,0.369,0.317,$242.41,$765.64
2022,AK,0.297,0.264,$271.71,"$1,029.61"
2022,AZ,0.355,0.301,$257.85,$857.17
2022,AR,0.377,0.342,$283.48,$828.37
2022,CA,0.42,0.332,$366.83,"$1,105.74"
2022,CO,0.484,0.433,$497.40,"$1,149.77"
2022,CT,0.434,0.38,$427.68,"$1,125.92"
2022,DE,0.385,0.353,$316.11,$894.61
2022,DC,0.365,0.27,$389.24,"$1,442.21"
2022,FL,0.35,0.295,$251.20,$850.42
2022,GA,0.411,0.337,$327.49,$972.52
2022,HI,0.513,0.422,$541.46,"$1,283.67"
2022,ID,0.485,0.444,$393.27,$885.09
2022,IL,0.38,0.341,$386.30,"$1,133.03"
2022,IN,0.339,0.309,$297.24,$962.83
2023,AL,0.348,0.298,$250.84,$840.36
2023,AK,0.296,0.268,$281.56,"$1,052.57"
2023,AZ,0.366,0.301,$310.48,"$1,030.70"
2023,AR,0.39,0.353,$308.18,$872.82
2023,CA,0.372,0.281,$384.56,"$1,370.95"
2023,CO,0.5,0.429,$598.00,"$1,394.60"
2023,CT,0.43,0.378,$486.09,"$1,285.47"
2023,DE,0.443,0.431,$347.81,$807.09
2023,DC,0.343,0.268,$404.76,"$1,511.83"
2023,FL,0.33,0.263,$261.28,$991.91
2023,GA,0.37,0.29,$340.57,"$1,175.28"
2023,HI,0.61,0.493,$612.31,"$1,242.99"
2023,ID,0.484,0.43,$431.21,"$1,002.54"
2023,IL,0.398,0.357,$440.54,"$1,234.05"
2023,IN,0.398,0.341,$327.34,$960.74
2000,IA,0.518,0.47,$229.30,$487.38
2000,KS,0.529,0.441,$248.08,$562.65
2000,KY,0.505,0.465,$233.36,$501.71
2000,LA,0.442,0.396,$186.00,$470.28
2000,ME,0.512,0.466,$200.63,$430.08
2000,MD,0.461,0.393,$207.92,$529.42
2000,MA,0.466,0.428,$280.69,$655.60
2000,MI,0.476,0.426,$245.35,$575.30
2000,MN,0.487,0.457,$284.53,$622.36
2000,MS,0.466,0.427,$156.91,$367.09
2000,MO,0.437,0.386,$186.44,$483.50
2000,MT,0.434,0.41,$193.63,$472.26
2000,NE,0.472,0.427,$187.12,$438.02
2000,NV,0.458,0.402,$237.95,$591.51
2000,NH,0.419,0.393,$218.10,$555.22
2001,IA,0.522,0.485,$240.98,$497.20
2001,KS,0.524,0.452,$263.78,$583.84
2001,KY,0.525,0.485,$253.14,$521.90
2001,LA,0.477,0.42,$200.72,$477.65
2001,ME,0.498,0.44,$216.29,$491.42
2001,MD,0.458,0.387,$228.92,$591.95
2001,MA,0.484,0.418,$327.40,$783.09
2001,MI,0.477,0.421,$257.26,$611.42
2001,MN,0.49,0.454,$312.84,$689.11
2001,MS,0.461,0.419,$164.55,$392.38
2001,MO,0.438,0.383,$204.76,$535.11
2001,MT,0.436,0.416,$200.44,$481.59
2001,NE,0.475,0.437,$206.61,$472.44
2001,NV,0.502,0.414,$247.90,$598.88
2001,NH,0.428,0.369,$245.69,$666.43
2002,IA,0.508,0.467,$245.63,$525.89
2002,KS,0.51,0.457,$278.14,$608.07
2002,KY,0.526,0.47,$262.88,$558.74
2002,LA,0.469,0.426,$203.71,$478.37
2002,ME,0.514,0.468,$225.49,$481.81
2002,MD,0.461,0.37,$233.41,$630.45
2002,MA,0.461,0.415,$356.33,$858.64
2002,MI,0.481,0.428,$275.27,$643.56
2002,MN,0.481,0.431,$318.25,$737.98
2002,MS,0.46,0.408,$170.41,$417.64
2002,MO,0.429,0.36,$209.51,$581.91
2002,MT,0.439,0.4,$216.18,$539.89
2002,NE,0.452,0.407,$213.06,$523.02
2002,NV,0.491,0.419,$247.27,$589.58
2002,NH,0.424,0.37,$267.13,$722.66
2003,IA,0.528,0.485,$251.46,$518.65
2003,KS,0.505,0.447,$282.53,$631.67
2003,KY,0.523,0.478,$260.45,$544.55
2003,LA,0.445,0.398,$204.15,$513.15
2003,ME,0.499,0.437,$233.28,$534.42
2003,MD,0.453,0.39,$247.50,$634.50
2003,MA,0.458,0.423,$345.21,$816.51
2003,MI,0.501,0.453,$292.48,$645.96
2003,MN,0.48,0.44,$323.33,$734.10
2003,MS,0.453,0.415,$175.95,$423.63
2003,MO,0.427,0.345,$208.60,$604.48
2003,MT,0.45,0.415,$221.26,$533.78
2003,NE,0.486,0.441,$216.62,$491.17
2003,NV,0.485,0.41,$255.61,$623.21
2003,NH,0.419,0.369,$268.88,$729.21
2004,IA,0.533,0.497,$250.96,$505.44
2004,KS,0.52,0.458,$272.30,$594.24
2004,KY,0.523,0.462,$266.64,$577.15
2004,LA,0.445,0.408,$199.40,$489.02
2004,ME,0.489,0.43,$234.81,$545.82
2004,MD,0.464,0.4,$253.62,$633.72
2004,MA,0.464,0.422,$343.93,$814.59
2004,MI,0.489,0.444,$287.28,$647.41
2004,MN,0.472,0.435,$312.67,$718.96
2004,MS,0.45,0.395,$174.32,$441.81
2004,MO,0.425,0.365,$207.59,$568.56
2004,MT,0.464,0.427,$227.77,$533.79
2004,NE,0.476,0.442,$215.83,$488.67
2004,NV,0.486,0.425,$257.84,$606.47
2004,NH,0.41,0.371,$256.37,$690.57
2005,IA,0.518,0.474,$257.16,$542.98
2005,KS,0.524,0.464,$281.55,$607.29
2005,KY,0.519,0.476,$279.44,$586.47
2005,LA,0.451,0.395,$205.37,$519.65
2005,ME,0.514,0.45,$243.63,$540.95
2005,MD,0.464,0.4,$254.51,$636.53
2005,MA,0.468,0.406,$346.45,$852.98
2005,MI,0.475,0.432,$287.62,$666.20
2005,MN,0.484,0.447,$323.81,$724.97
2005,MS,0.465,0.414,$173.36,$418.65
2005,MO,0.415,0.351,$209.62,$596.79
2005,MT,0.468,0.449,$236.64,$526.83
2005,NE,0.493,0.461,$227.50,$493.49
2005,NV,0.457,0.399,$273.94,$685.97
2005,NH,0.414,0.375,$258.46,$689.58
2006,IA,0.535,0.492,$268.40,$546.03
2006,KS,0.529,0.476,$293.83,$617.32
2006,KY,0.525,0.486,$283.51,$583.80
2006,LA,0.436,0.339,$200.69,$592.13
2006,ME,0.49,0.455,$248.38,$546.20
2006,MD,0.462,0.402,$275.38,$685.22
2006,MA,0.47,0.436,$356.89,$818.93
2006,MI,0.484,0.44,$288.94,$656.32
2006,MN,0.5,0.469,$332.88,$710.32
2006,MS,0.482,0.361,$182.40,$505.03
2006,MO,0.416,0.357,$214.15,$600.47
2006,MT,0.467,0.462,$242.54,$525.45
2006,NE,0.472,0.427,$227.58,$532.61
2006,NV,0.497,0.424,$290.46,$685.18
2006,NH,0.396,0.36,$260.86,$724.50
2007,IA,0.529,0.487,$279.19,$572.77
2007,KS,0.522,0.416,$304.65,$732.67
2007,KY,0.538,0.511,$296.91,$580.50
2007,LA,0.414,0.255,$207.71,$814.31
2007,ME,0.464,0.431,$256.24,$594.69
2007,MD,0.453,0.393,$279.18,$711.14
2007,MA,0.467,0.432,$366.93,$849.34
2007,MI,0.49,0.443,$292.37,$660.51
2007,MN,0.482,0.447,$340.18,$760.20
2007,MS,0.437,0.318,$178.56,$561.73
2007,MO,0.427,0.354,$227.30,$642.77
2007,MT,0.453,0.435,$253.02,$581.08
2007,NE,0.47,0.441,$228.82,$518.33
2007,NV,0.514,0.455,$301.98,$663.38
2007,NH,0.415,0.37,$265.65,$717.85
2008,IA,0.538,0.497,$290.05,$584.06
2008,KS,0.518,0.459,$315.73,$688.32
2008,KY,0.537,0.511,$312.94,$611.97
2008,LA,0.42,0.378,$213.20,$563.60
2008,ME,0.514,0.477,$265.91,$557.06
2008,MD,0.466,0.413,$302.49,$732.03
2008,MA,0.463,0.435,$382.88,$879.75
2008,MI,0.486,0.43,$297.97,$693.42
2008,MN,0.48,0.444,$342.09,$771.04
2008,MS,0.434,0.388,$184.68,$475.41
2008,MO,0.42,0.359,$247.43,$688.81
2008,MT,0.477,0.461,$269.65,$584.61
2008,NE,0.462,0.427,$237.68,$557.14
2008,NV,0.497,0.427,$313.77,$734.61
2008,NH,0.43,0.4,$275.78,$688.80
2009,IA,0.529,0.481,$303.98,$632.04
2009,KS,0.536,0.487,$340.61,$699.63
2009,KY,0.542,0.515,$317.92,$617.65
2009,LA,0.436,0.339,$231.66,$683.47
2009,ME,0.52,0.488,$283.83,$582.10
2009,MD,0.476,0.41,$309.32,$753.92
2009,MA,0.47,0.438,$404.73,$924.51
2009,MI,0.479,0.425,$306.08,$720.37
2009,MN,0.486,0.454,$359.84,$792.82
2009,MS,0.42,0.376,$196.49,$522.40
2009,MO,0.413,0.354,$258.39,$729.06
2009,MT,0.481,0.465,$268.55,$577.87
2009,NE,0.462,0.417,$246.23,$589.91
2009,NV,0.498,0.426,$321.11,$753.38
2009,NH,0.432,0.398,$289.74,$727.83
2010,IA,0.533,0.482,$305.24,$633.06
2010,KS,0.527,0.473,$336.29,$711.21
2010,KY,0.494,0.462,$300.56,$650.97
2010,LA,0.416,0.28,$213.14,$762.42
2010,ME,0.501,0.464,$280.62,$605.31
2010,MD,0.473,0.413,$316.01,$765.49
2010,MA,0.46,0.431,$384.47,$891.77
2010,MI,0.493,0.427,$297.25,$696.71
2010,MN,0.472,0.436,$355.77,$815.22
2010,MS,0.419,0.37,$193.79,$523.98
2010,MO,0.413,0.362,$248.95,$687.81
2010,MT,0.471,0.457,$277.05,$606.85
2010,NE,0.446,0.411,$250.15,$608.74
2010,NV,0.463,0.391,$325.30,$831.12
2010,NH,0.418,0.379,$276.34,$728.97
2011,IA,0.525,0.472,$306.55,$649.08
2011,KS,0.515,0.462,$326.75,$707.89
2011,KY,0.508,0.473,$300.47,$635.29
2011,LA,0.375,0.297,$198.74,$669.62
2011,ME,0.501,0.463,$280.98,$606.32
2011,MD,0.484,0.427,$322.65,$755.09
2011,MA,0.468,0.431,$378.37,$878.07
2011,MI,0.493,0.442,$289.07,$654.11
2011,MN,0.458,0.426,$346.31,$812.63
2011,MS,0.425,0.384,$193.56,$503.42
2011,MO,0.412,0.362,$242.58,$670.58
2011,MT,0.463,0.445,$279.11,$627.63
2011,NE,0.466,0.427,$259.32,$606.79
2011,NV,0.466,0.405,$309.81,$764.30
2011,NH,0.41,0.38,$273.38,$718.93
2012,IA,0.53,0.493,$316.01,$640.65
2012,KS,0.543,0.499,$325.95,$652.81
2012,KY,0.489,0.445,$301.77,$678.85
2012,LA,0.399,0.345,$199.08,$576.36
2012,ME,0.505,0.458,$286.29,$624.65
2012,MD,0.481,0.428,$326.45,$763.37
2012,MA,0.485,0.459,$391.48,$852.49
2012,MI,0.488,0.431,$290.80,$675.11
2012,MN,0.482,0.449,$353.56,$787.87
2012,MS,0.426,0.379,$192.95,$508.99
2012,MO,0.417,0.372,$244.88,$658.01
2012,MT,0.465,0.402,$285.23,$709.45
2012,NE,0.474,0.454,$260.85,$574.99
2012,NV,0.474,0.41,$305.93,$746.33
2012,NH,0.416,0.388,$280.63,$722.79
2013,IA,0.532,0.498,$325.35,$653.13
2013,KS,0.533,0.489,$341.57,$698.71
2013,KY,0.468,0.432,$302.73,$700.23
2013,LA,0.391,0.338,$206.14,$609.92
2013,ME,0.514,0.47,$289.96,$616.86
2013,MD,0.472,0.397,$328.47,$827.43
2013,MA,0.472,0.438,$398.82,$910.58
2013,MI,0.498,0.436,$296.25,$679.73
2013,MN,0.491,0.451,$372.32,$824.83
2013,MS,0.416,0.377,$194.36,$516.20
2013,MO,0.426,0.383,$245.32,$639.89
2013,MT,0.469,0.458,$302.95,$662.00
2013,NE,0.475,0.438,$273.39,$623.98
2013,NV,0.481,0.404,$312.90,$774.62
2013,NH,0.404,0.368,$292.58,$795.73
2014,IA,0.528,0.49,$336.82,$687.79
2014,KS,0.533,0.489,$351.34,$718.96
2014,KY,0.466,0.419,$302.66,$722.21
2014,LA,0.389,0.329,$207.35,$629.94
2014,ME,0.507,0.471,$294.00,$623.73
2014,MD,0.476,0.413,$328.19,$794.09
2014,MA,0.479,0.443,$416.22,$940.48
2014,MI,0.498,0.448,$296.42,$661.38
2014,MN,0.49,0.446,$390.82,$876.74
2014,MS,0.418,0.365,$199.17,$546.32
2014,MO,0.414,0.368,$245.26,$666.58
2014,MT,0.463,0.448,$310.58,$693.60
2014,NE,0.481,0.45,$286.81,$637.22
2014,NV,0.486,0.419,$314.62,$750.58
2014,NH,0.413,0.379,$293.47,$773.83
2015,IA,0.532,0.483,$346.24,$717.49
2015,KS,0.544,0.49,$365.58,$746.48
2015,KY,0.473,0.422,$316.05,$749.31
2015,LA,0.373,0.313,$213.75,$682.25
2015,ME,0.509,0.469,$303.68,$647.31
2015,MD,0.479,0.406,$333.05,$820.51
2015,MA,0.472,0.427,$425.88,$997.51
2015,MI,0.492,0.42,$303.84,$724.11
2015,MN,0.493,0.46,$406.24,$882.75
2015,MS,0.407,0.354,$204.33,$577.18
2015,MO,0.418,0.375,$253.44,$676.65
2015,MT,0.472,0.439,$330.44,$752.54
2015,NE,0.485,0.45,$300.42,$667.22
2015,NV,0.499,0.432,$326.05,$755.44
2015,NH,0.391,0.351,$303.52,$864.74
2016,IA,0.527,0.487,$362.17,$744.34
2016,KS,0.525,0.473,$370.51,$783.63
2016,KY,0.469,0.422,$325.99,$772.36
2016,LA,0.354,0.294,$216.87,$737.16
2016,ME,0.502,0.46,$316.92,$688.85
2016,MD,0.479,0.412,$331.76,$806.08
2016,MA,0.463,0.427,$460.19,"$1,078.73"
2016,MI,0.49,0.426,$313.20,$735.40
2016,MN,0.492,0.447,$427.37,$956.94
2016,MS,0.398,0.342,$206.13,$603.01
2016,MO,0.42,0.373,$252.99,$677.68
2016,MT,0.483,0.463,$342.55,$740.26
2016,NE,0.472,0.434,$315.00,$726.28
2016,NV,0.502,0.427,$330.11,$772.80
2016,NH,0.388,0.34,$315.14,$925.82
2017,IA,0.531,0.482,$380.12,$788.94
2017,KS,0.5,0.443,$384.01,$866.26
2017,KY,0.474,0.42,$331.10,$789.21
2017,LA,0.362,0.303,$215.65,$711.82
2017,ME,0.505,0.464,$331.81,$714.60
2017,MD,0.467,0.401,$344.54,$859.36
2017,MA,0.461,0.415,$486.66,"$1,173.08"
2017,MI,0.471,0.401,$319.20,$796.67
2017,MN,0.488,0.445,$444.58,$999.76
2017,MS,0.395,0.312,$207.38,$664.05
2017,MO,0.406,0.342,$260.69,$761.73
2017,MT,0.479,0.457,$352.16,$770.98
2017,NE,0.466,0.409,$325.84,$797.61
2017,NV,0.505,0.425,$342.12,$805.80
2017,NH,0.381,0.329,$326.59,$993.90
2018,IA,0.533,0.495,$381.41,$769.76
2018,KS,0.516,0.451,$380.00,$842.64
2018,KY,0.489,0.448,$358.17,$800.23
2018,LA,0.364,0.309,$212.76,$688.80
2018,ME,0.504,0.45,$341.45,$759.03
2018,MD,0.473,0.41,$352.23,$859.30
2018,MA,0.464,0.423,$502.06,"$1,188.12"
2018,MI,0.463,0.414,$320.77,$775.36
2018,MN,0.48,0.44,$451.98,"$1,026.40"
2018,MS,0.409,0.355,$208.30,$586.99
2018,MO,0.401,0.337,$265.81,$789.47
2018,MT,0.48,0.465,$356.09,$765.47
2018,NE,0.477,0.427,$336.51,$788.72
2018,NV,0.501,0.414,$350.08,$845.34
2018,NH,0.391,0.339,$331.62,$977.69
2019,IA,0.525,0.482,$395.06,$819.09
2019,KS,0.506,0.44,$390.08,$886.45
2019,KY,0.495,0.449,$375.29,$835.71
2019,LA,0.339,0.288,$215.99,$748.80
2019,ME,0.517,0.478,$351.75,$735.97
2019,MD,0.463,0.4,$356.79,$892.13
2019,MA,0.485,0.435,$523.40,"$1,202.91"
2019,MI,0.451,0.382,$328.19,$858.57
2019,MN,0.502,0.465,$467.63,"$1,005.38"
2019,MS,0.393,0.312,$212.53,$682.14
2019,MO,0.407,0.351,$268.75,$765.39
2019,MT,0.49,0.463,$380.36,$820.87
2019,NE,0.463,0.428,$347.22,$811.98
2019,NV,0.492,0.425,$373.41,$879.03
2019,NH,0.379,0.31,$337.97,"$1,090.88"
2020,IA,0.506,0.47,$349.77,$744.34
2020,KS,0.503,0.423,$371.91,$879.73
2020,KY,0.464,0.421,$310.73,$737.57
2020,LA,0.331,0.231,$187.58,$811.24
2020,ME,0.472,0.439,$322.52,$734.11
2020,MD,0.489,0.443,$319.96,$722.50
2020,MA,0.438,0.433,$408.91,$945.26
2020,MI,0.449,0.365,$307.50,$841.71
2020,MN,0.495,0.46,$386.76,$840.56
2020,MS,0.375,0.35,$186.74,$533.62
2020,MO,0.4,0.348,$245.47,$704.80
2020,MT,0.494,0.467,$321.89,$689.45
2020,NE,0.466,0.45,$304.95,$677.06
2020,NV,0.539,0.454,$374.22,$824.86
2020,NH,0.422,0.363,$274.36,$756.49
2021,IA,0.489,0.451,$399.22,$885.54
2021,KS,0.491,0.397,$445.25,"$1,121.90"
2021,KY,0.492,0.473,$404.85,$855.16
2021,LA,0.333,0.288,$186.93,$649.41
2021,ME,0.496,0.469,$361.22,$770.03
2021,MD,0.432,0.372,$335.63,$901.69
2021,MA,0.45,0.418,$484.05,"$1,157.91"
2021,MI,0.452,0.394,$316.96,$804.77
2021,MN,0.492,0.46,$426.66,$927.11
2021,MS,0.376,0.333,$198.03,$595.36
2021,MO,0.36,0.316,$261.60,$827.23
2021,MT,0.478,0.451,$383.00,$849.77
2021,NE,0.452,0.416,$354.48,$852.74
2021,NV,0.479,0.396,$374.62,$945.09
2021,NH,0.369,0.333,$292.70,$877.84
2022,IA,0.521,0.493,$462.67,$938.84
2022,KS,0.509,0.45,$442.01,$982.73
2022,KY,0.473,0.446,$435.86,$978.31
2022,LA,0.346,0.285,$221.27,$776.75
2022,ME,0.502,0.457,$410.38,$898.58
2022,MD,0.422,0.371,$357.52,$962.74
2022,MA,0.475,0.426,$596.65,"$1,401.34"
2022,MI,0.417,0.361,$336.14,$929.96
2022,MN,0.486,0.454,$516.22,"$1,137.37"
2022,MS,0.354,0.309,$216.58,$701.99
2022,MO,0.356,0.312,$277.28,$888.04
2022,MT,0.489,0.465,$440.42,$947.85
2022,NE,0.459,0.427,$383.95,$898.53
2022,NV,0.48,0.413,$414.85,"$1,003.66"
2022,NH,0.332,0.285,$331.71,"$1,165.12"
2023,IA,0.533,0.477,$489.18,"$1,025.57"
2023,KS,0.517,0.448,$477.17,"$1,064.91"
2023,KY,0.494,0.458,$483.35,"$1,055.16"
2023,LA,0.347,0.299,$243.83,$815.41
2023,ME,0.498,0.459,$457.58,$995.99
2023,MD,0.412,0.346,$383.83,"$1,109.31"
2023,MA,0.48,0.432,$679.44,"$1,572.14"
2023,MI,0.4,0.343,$341.75,$996.91
2023,MN,0.477,0.445,$547.88,"$1,230.95"
2023,MS,0.339,0.299,$221.87,$741.62
2023,MO,0.344,0.288,$287.44,$997.50
2023,MT,0.489,0.449,$483.94,"$1,076.73"
2023,NE,0.47,0.443,$423.67,$957.02
2023,NV,0.512,0.424,$461.51,"$1,088.12"
2023,NH,0.342,0.278,$366.89,"$1,319.36"
2000,NJ,0.535,0.472,$286.17,$606.69
2000,NM,0.481,0.434,$182.32,$420.37
2000,NY,0.485,0.428,$255.99,$598.06
2000,NC,0.517,0.498,$223.47,$448.69
2000,ND,0.466,0.432,$213.76,$494.49
2000,OH,0.425,0.395,$227.72,$576.80
2000,OK,0.513,0.455,$217.66,$478.65
2000,OR,0.474,0.44,$231.26,$525.66
2000,PA,0.536,0.504,$265.10,$525.62
2000,PR,0.444,0.42,$106.37,$253.01
2000,RI,0.556,0.521,$268.18,$515.22
2000,SC,0.479,0.439,$191.41,$436.35
2000,SD,0.451,0.428,$185.34,$432.87
2000,TN,0.454,0.424,$191.66,$451.80
2000,TX,0.504,0.436,$229.41,$525.67
2001,NJ,0.542,0.485,$307.12,$633.03
2001,NM,0.481,0.438,$198.06,$452.70
2001,NY,0.476,0.407,$284.22,$699.11
2001,NC,0.536,0.504,$257.53,$510.83
2001,ND,0.5,0.482,$226.83,$470.65
2001,OH,0.432,0.391,$241.61,$617.34
2001,OK,0.487,0.399,$231.92,$581.00
2001,OR,0.492,0.449,$264.98,$590.55
2001,PA,0.559,0.526,$291.52,$553.81
2001,RI,0.578,0.524,$287.04,$548.15
2001,SC,0.494,0.459,$205.66,$447.73
2001,SD,0.475,0.436,$202.18,$463.46
2001,TN,0.464,0.424,$205.90,$485.05
2001,TX,0.472,0.384,$244.87,$636.86
2002,NJ,0.522,0.457,$335.48,$733.66
2002,NM,0.476,0.425,$213.59,$502.16
2002,NY,0.468,0.397,$294.62,$742.54
2002,NC,0.523,0.496,$264.92,$534.02
2002,ND,0.472,0.439,$226.07,$514.76
2002,OH,0.427,0.364,$246.71,$676.91
2002,OK,0.491,0.443,$239.85,$541.72
2002,OR,0.484,0.447,$265.88,$594.80
2002,PA,0.521,0.472,$292.69,$619.80
2002,PR,0.44,0.402,$111.41,$277.25
2002,RI,0.557,0.521,$302.49,$580.17
2002,SC,0.472,0.429,$209.75,$488.80
2002,SD,0.478,0.443,$208.47,$470.85
2002,TN,0.451,0.404,$212.63,$526.75
2002,TX,0.484,0.404,$262.96,$651.69
2003,NJ,0.51,0.448,$335.26,$747.52
2003,NM,0.494,0.439,$215.19,$490.69
2003,NY,0.458,0.386,$292.32,$757.23
2003,NC,0.538,0.513,$275.72,$537.47
2003,ND,0.46,0.423,$232.73,$550.73
2003,OH,0.425,0.38,$248.10,$652.33
2003,OK,0.498,0.437,$233.13,$533.63
2003,OR,0.464,0.427,$265.61,$622.28
2003,PA,0.529,0.489,$300.24,$613.85
2003,PR,0.439,0.404,$112.33,$278.05
2003,RI,0.557,0.493,$311.34,$631.47
2003,SC,0.481,0.441,$212.89,$482.69
2003,SD,0.49,0.449,$212.55,$473.63
2003,TN,0.443,0.403,$214.35,$532.02
2003,TX,0.509,0.432,$265.31,$614.82
2004,NJ,0.493,0.434,$329.88,$759.52
2004,NM,0.502,0.442,$217.16,$490.89
2004,NY,0.458,0.399,$286.35,$718.16
2004,NC,0.512,0.49,$248.82,$507.86
2004,ND,0.465,0.44,$233.40,$530.09
2004,OH,0.431,0.388,$251.43,$648.65
2004,OK,0.494,0.435,$222.79,$511.60
2004,OR,0.461,0.436,$258.88,$594.37
2004,PA,0.527,0.488,$298.31,$611.64
2004,PR,0.425,0.396,$109.58,$276.84
2004,RI,0.548,0.5,$324.44,$648.59
2004,SC,0.463,0.429,$210.24,$489.73
2004,SD,0.464,0.433,$210.49,$486.66
2004,TN,0.437,0.408,$211.12,$517.35
2004,TX,0.473,0.388,$263.55,$679.90
2005,NJ,0.496,0.4,$333.37,$832.62
2005,NM,0.492,0.44,$222.75,$506.44
2005,NY,0.434,0.359,$296.84,$826.72
2005,NC,0.514,0.478,$265.33,$554.93
2005,ND,0.465,0.446,$245.70,$551.50
2005,OH,0.437,0.401,$253.83,$633.22
2005,OK,0.5,0.449,$229.14,$509.78
2005,OR,0.481,0.387,$266.47,$688.25
2005,PA,0.536,0.507,$305.82,$602.94
2005,PR,0.409,0.378,$108.66,$287.69
2005,RI,0.545,0.488,$333.49,$684.01
2005,SC,0.479,0.449,$217.49,$484.15
2005,SD,0.469,0.432,$221.42,$512.57
2005,TN,0.414,0.334,$214.91,$643.72
2005,TX,0.418,0.347,$269.35,$777.34
2006,NJ,0.508,0.461,$342.33,$742.78
2006,NM,0.512,0.448,$231.15,$516.01
2006,NY,0.423,0.362,$296.33,$817.70
2006,NC,0.466,0.429,$259.35,$604.18
2006,ND,0.471,0.417,$261.25,$627.06
2006,OH,0.441,0.415,$264.19,$635.98
2006,OK,0.503,0.46,$240.90,$524.25
2006,OR,0.472,0.442,$276.23,$625.32
2006,PA,0.532,0.464,$311.67,$671.29
2006,PR,0.361,0.334,$110.88,$331.81
2006,RI,0.492,0.448,$340.45,$760.13
2006,SC,0.48,0.436,$225.05,$516.41
2006,SD,0.487,0.446,$229.31,$514.00
2006,TN,0.405,0.33,$217.81,$659.59
2006,TX,0.439,0.376,$276.84,$736.25
2007,NJ,0.512,0.462,$358.77,$777.06
2007,NM,0.492,0.431,$252.88,$586.40
2007,NY,0.438,0.367,$296.37,$806.63
2007,NC,0.489,0.46,$264.53,$575.22
2007,ND,0.476,0.456,$272.58,$597.82
2007,OH,0.435,0.402,$266.52,$663.27
2007,OK,0.517,0.471,$255.75,$543.26
2007,OR,0.491,0.457,$294.81,$645.79
2007,PA,0.554,0.467,$323.89,$693.26
2007,PR,0.341,0.31,$110.38,$356.13
2007,RI,0.486,0.443,$350.29,$790.23
2007,SC,0.475,0.428,$228.22,$533.15
2007,SD,0.471,0.444,$240.71,$542.59
2007,TN,0.397,0.366,$221.95,$606.26
2007,TX,0.49,0.418,$293.00,$700.93
2008,NJ,0.528,0.469,$375.43,$799.87
2008,NM,0.499,0.445,$265.27,$596.00
2008,NY,0.432,0.353,$307.24,$870.42
2008,NC,0.531,0.51,$283.95,$556.55
2008,ND,0.484,0.436,$291.11,$667.81
2008,OH,0.437,0.405,$277.58,$684.56
2008,OK,0.521,0.476,$278.47,$584.61
2008,OR,0.491,0.468,$308.73,$660.09
2008,PA,0.545,0.518,$336.15,$649.20
2008,PR,0.326,0.303,$112.69,$372.15
2008,RI,0.534,0.483,$367.29,$759.73
2008,SC,0.473,0.432,$238.94,$553.13
2008,SD,0.471,0.407,$250.79,$615.69
2008,TN,0.395,0.356,$223.75,$627.86
2008,TX,0.504,0.437,$305.82,$699.09
2009,NJ,0.515,0.446,$386.96,$868.43
2009,NM,0.513,0.462,$286.36,$619.33
2009,NY,0.428,0.362,$313.31,$865.56
2009,NC,0.527,0.513,$300.47,$585.58
2009,ND,0.488,0.461,$312.46,$677.93
2009,OH,0.447,0.413,$289.07,$700.55
2009,OK,0.519,0.475,$304.37,$640.32
2009,OR,0.489,0.464,$317.90,$685.48
2009,PA,0.549,0.51,$353.55,$692.96
2009,PR,0.361,0.334,$115.28,$344.90
2009,RI,0.566,0.513,$373.23,$727.14
2009,SC,0.477,0.44,$247.41,$561.73
2009,SD,0.478,0.329,$259.95,$789.27
2009,TN,0.406,0.35,$230.28,$658.61
2009,TX,0.484,0.409,$323.91,$792.93
2010,NJ,0.514,0.453,$392.22,$866.35
2010,NM,0.558,0.506,$314.48,$621.40
2010,NY,0.417,0.339,$307.33,$905.88
2010,NC,0.519,0.495,$311.86,$629.91
2010,ND,0.478,0.457,$316.45,$692.29
2010,OH,0.443,0.4,$288.47,$720.67
2010,OK,0.506,0.462,$290.69,$628.60
2010,OR,0.454,0.426,$301.20,$707.48
2010,PA,0.533,0.49,$346.98,$708.12
2010,PR,0.362,0.335,$120.06,$358.72
2010,RI,0.562,0.514,$372.14,$723.52
2010,SC,0.465,0.434,$239.00,$550.22
2010,SD,0.474,0.438,$268.14,$612.48
2010,TN,0.413,0.329,$223.33,$679.03
2010,TX,0.504,0.409,$326.77,$798.11
2011,NJ,0.524,0.479,$394.59,$823.05
2011,NM,0.496,0.417,$284.24,$682.17
2011,NY,0.424,0.359,$300.55,$837.66
2011,NC,0.51,0.488,$296.14,$607.10
2011,ND,0.489,0.467,$328.00,$702.11
2011,OH,0.445,0.402,$281.67,$700.14
2011,OK,0.507,0.468,$277.06,$592.54
2011,OR,0.46,0.433,$295.42,$683.01
2011,PA,0.515,0.488,$344.40,$705.54
2011,PR,0.363,0.323,$120.00,$371.58
2011,RI,0.549,0.507,$365.36,$720.99
2011,SC,0.471,0.433,$235.61,$543.88
2011,SD,0.478,0.448,$268.43,$599.17
2011,TN,0.405,0.36,$220.31,$612.44
2011,TX,0.515,0.456,$324.49,$711.49
2000,AL,0.434,0.383,$164.13,$428.77
2000,AK,0.308,0.281,$168.56,$599.99
2000,AZ,0.463,0.385,$176.33,$458.32
2000,AR,0.523,0.488,$211.50,$433.26
2000,CA,0.383,0.31,$163.65,$528.25
2000,CO,0.488,0.437,$259.02,$593.11
2000,CT,0.45,0.415,$253.09,$609.17
2000,DE,0.459,0.423,$238.58,$563.64
2000,DC,0.443,0.392,$228.91,$584.42
2000,FL,0.501,0.453,$220.34,$486.08
2000,GA,0.48,0.42,$211.45,$503.54
2000,HI,0.534,0.458,$289.41,$631.39
2000,ID,0.504,0.487,$214.04,$439.86
2000,IL,0.407,0.366,$221.85,$605.93
2000,IN,0.493,0.441,$230.62,$523.50
2001,AL,0.423,0.367,$168.27,$458.56
2001,AK,0.314,0.283,$170.92,$602.96
2001,AZ,0.43,0.325,$186.76,$574.49
2001,AR,0.529,0.502,$221.91,$441.76
2001,CA,0.36,0.279,$176.15,$630.26
2001,CO,0.469,0.391,$294.72,$753.21
2001,CT,0.449,0.413,$271.52,$657.31
2001,DE,0.469,0.425,$240.81,$566.10
2001,DC,0.466,0.386,$264.81,$686.64
2001,FL,0.482,0.402,$226.11,$563.09
2001,GA,0.461,0.368,$230.20,$625.92
2001,HI,0.57,0.484,$308.43,$637.19
2001,ID,0.508,0.48,$227.63,$474.26
2001,IL,0.423,0.374,$242.42,$648.56
2001,IN,0.505,0.451,$256.40,$568.73
2002,AL,0.425,0.373,$171.69,$460.27
2002,AK,0.319,0.281,$173.30,$616.03
2002,AZ,0.391,0.313,$188.60,$602.99
2002,AR,0.523,0.499,$227.50,$455.79
2002,CA,0.393,0.31,$225.21,$726.81
2002,CO,0.469,0.395,$320.39,$811.58
2002,CT,0.441,0.402,$280.45,$697.57
2002,DE,0.455,0.415,$253.32,$610.53
2002,DC,0.501,0.401,$296.20,$738.14
2002,FL,0.449,0.382,$230.32,$602.44
2002,GA,0.449,0.37,$245.38,$663.04
2002,HI,0.578,0.506,$306.89,$606.54
2002,ID,0.507,0.47,$239.04,$508.60
2002,IL,0.397,0.34,$253.74,$746.69
2002,IN,0.513,0.466,$266.03,$570.35
2003,AL,0.422,0.379,$180.19,$474.86
2003,AK,0.308,0.274,$177.03,$645.32
2003,AZ,0.406,0.328,$187.71,$572.38
2003,AR,0.512,0.498,$228.27,$458.49
2003,CA,0.447,0.371,$255.88,$690.17
2003,CO,0.482,0.425,$317.63,$746.69
2003,CT,0.452,0.413,$292.78,$709.09
2003,DE,0.441,0.391,$261.57,$669.44
2003,DC,0.436,0.358,$263.66,$737.05
2003,FL,0.457,0.373,$230.99,$619.85
2003,GA,0.463,0.387,$247.18,$638.23
2003,HI,0.549,0.468,$320.78,$685.48
2003,ID,0.5,0.466,$239.90,$514.73
2003,IL,0.405,0.347,$256.27,$737.69
2003,IN,0.526,0.482,$277.95,$577.09
2004,AL,0.432,0.379,$180.64,$476.34
2004,AK,0.322,0.285,$178.46,$626.61
2004,AZ,0.422,0.341,$189.96,$557.87
2004,AR,0.518,0.494,$233.28,$471.96
2004,CA,0.485,0.417,$266.72,$639.46
2004,CO,0.474,0.412,$306.22,$743.34
2004,CT,0.44,0.4,$281.03,$701.99
2004,DE,0.439,0.401,$249.17,$622.13
2004,DC,0.414,0.319,$260.69,$816.18
2004,FL,0.45,0.373,$227.48,$610.49
2004,GA,0.456,0.392,$243.02,$620.51
2004,HI,0.55,0.444,$330.13,$743.55
2004,ID,0.494,0.458,$232.34,$507.07
2004,IL,0.399,0.345,$245.11,$709.63
2004,IN,0.536,0.485,$281.02,$579.80
2005,AL,0.428,0.372,$187.09,$503.36
2005,AK,0.317,0.282,$176.85,$626.64
2005,AZ,0.457,0.349,$208.59,$597.28
2005,AR,0.51,0.434,$237.93,$548.84
2005,CA,0.488,0.396,$288.56,$728.51
2005,CO,0.486,0.431,$311.83,$723.98
2005,CT,0.389,0.364,$288.38,$792.45
2005,DE,0.431,0.391,$248.83,$636.84
2005,DC,0.442,0.322,$272.45,$845.02
2005,FL,0.395,0.338,$230.38,$682.41
2005,GA,0.48,0.385,$249.44,$648.43
2005,HI,0.565,0.489,$348.90,$713.22
2005,ID,0.501,0.398,$242.01,$607.77
2005,IL,0.376,0.33,$247.86,$751.40
2005,IN,0.537,0.499,$294.52,$590.44
