State,Minimum WBA,Maximum WBA,Year
AK,$44 ,$248 ,2000
AL,$45 ,$190 ,2000
AR,$55 ,$309 ,2000
AZ,$40 ,$205 ,2000
CA,$40 ,$230 ,2000
CO,$25 ,$337 ,2000
CT,$15 ,$362 ,2000
DC,$50 ,$309 ,2000
DE,$20 ,$315 ,2000
FL,$32 ,$275 ,2000
GA,$39 ,$264 ,2000
HI,$5 ,$364 ,2000
IA,$37 ,$263 ,2000
ID,$51 ,$273 ,2000
IL,$51 ,$284 ,2000
IN,$50 ,$252 ,2000
KS,$73 ,$292 ,2000
KY,$39 ,$268 ,2000
LA,$12 ,$215 ,2000
MA,$14 ,$402 ,2000
MD,$25 ,$250 ,2000
ME,$44 ,$254 ,2000
MI,$87 ,$300 ,2000
MN,$38 ,$331 ,2000
MO,$45 ,$220 ,2000
MS,$30 ,$190 ,2000
MT,$63 ,$254 ,2000
NC,$25 ,$322 ,2000
ND,$43 ,$283 ,2000
NE,$36 ,$206 ,2000
NH,$32 ,$301 ,2000
NJ,$61 ,$407 ,2000
NM,$46 ,$246 ,2000
NV,$16 ,$267 ,2000
NY,$40 ,$365 ,2000
OH,$77 ,$279 ,2000
OK,$16 ,$276 ,2000
OR,$84 ,$360 ,2000
PA,$35 ,$375 ,2000
PR,$7 ,$133 ,2000
RI,$52 ,$383 ,2000
SC,$20 ,$238 ,2000
SD,$28 ,$214 ,2000
TN,$30 ,$255 ,2000
TX,$47 ,$287 ,2000
UT,$20 ,$298 ,2000
VA,$50 ,$230 ,2000
VI,$32 ,$233 ,2000
VT,$40 ,$287 ,2000
WA,$94 ,$441 ,2000
WI,$44 ,$297 ,2000
WV,$24 ,$318 ,2000
WY,$19 ,$261 ,2000
AK,44.0,248,2001
AL,45.0,190,2001
AR,57.0,321,2001
AZ,40.0,205,2001
CA,40.0,230,2001
CO,25.0,358,2001
CT,15.0,397,2001
DC,50.0,309,2001
DE,20.0,315,2001
FL,32.0,275,2001
GA,39.0,274,2001
HI,5.0,383,2001
IA,40.0,273,2001
ID,51.0,296,2001
IL,51.0,315,2001
IN,50.0,288,2001
KS,80.0,320,2001
KY,39.0,329,2001
LA,10.0,258,2001
MA,29.0,477,2001
MD,25.0,280,2001
ME,46.0,265,2001
MI,88.0,300,2001
MN,38.0,331,2001
MO,40.0,250,2001
MS,30.0,190,2001
MT,65.0,263,2001
NC,30.0,375,2001
ND,43.0,293,2001
NE,36.0,252,2001
NH,32.0,301,2001
NJ,61.0,429,2001
NM,50.0,267,2001
NV,16.0,291,2001
NY,40.0,405,2001
OH,77.0,303,2001
OK,16.0,291,2001
OR,88.0,376,2001
PA,35.0,430,2001
PR,7.0,133,2001
RI,56.0,397,2001
SC,20.0,259,2001
SD,28.0,224,2001
TN,30.0,255,2001
TX,48.0,294,2001
UT,22.0,355,2001
VA,50.0,268,2001
VI,32.0,331,2001
WA,94.0,441,2001
WI,46.0,313,2001
WV,24.0,327,2001
WY,20.0,271,2001
AK,$44 ,$248 ,2002
AL,$45 ,$190 ,2002
AR,$60 ,$333 ,2002
AZ,$40 ,$205 ,2002
CA,$40 ,$330 ,2002
CO,$25 ,$390 ,2002
CT,$15 ,$406 ,2002
DC,$50 ,$309 ,2002
DE,$20 ,$330 ,2002
FL,$32 ,$275 ,2002
GA,$39 ,$284 ,2002
HI,$5 ,$395 ,2002
IA,$42 ,$283 ,2002
ID,$51 ,$315 ,2002
IL,$51 ,$326 ,2002
IN,$50 ,$312 ,2002
KS,$83 ,$333 ,2002
KY,$39 ,$329 ,2002
LA,$10 ,$258 ,2002
MA,$29 ,$512 ,2002
MD,$25 ,$280 ,2002
ME,$47 ,$272 ,2002
MI,$81 ,$300 ,2002
MN,$38 ,$452 ,2002
MO,$40 ,$250 ,2002
MS,$30 ,$200 ,2002
MT,$68 ,$286 ,2002
NC,$15 ,$396 ,2002
ND,$43 ,$290 ,2002
NE,$36 ,$262 ,2002
NH,$32 ,$331 ,2002
NJ,$61 ,$446 ,2002
NM,$52 ,$277 ,2002
NV,$16 ,$301 ,2002
NY,$40 ,$405 ,2002
OH,$86 ,$308 ,2002
OK,$16 ,$304 ,2002
OR,$93 ,$400 ,2002
PA,$35 ,$430 ,2002
PR,$7 ,$133 ,2002
RI,$56 ,$415 ,2002
SC,$20 ,$268 ,2002
SD,$28 ,$234 ,2002
TN,$30 ,$275 ,2002
TX,$51 ,$319 ,2002
UT,$23 ,$365 ,2002
VA,$50 ,$268 ,2002
VI,$32 ,$312 ,2002
VT,$25 ,$312 ,2002
WA,$106 ,$496 ,2002
WI,$48 ,$324 ,2002
WV,$24 ,$338 ,2002
WY,$20 ,$283 ,2002
AK,$44 ,$248 ,2003
AL,$45 ,$210 ,2003
AR,$62 ,$345 ,2003
AZ,$40 ,$205 ,2003
CA,$40 ,$370 ,2003
CO,$25 ,$398 ,2003
CT,$15 ,$411 ,2003
DC,$50 ,$309 ,2003
DE,$20 ,$320 ,2003
FL,$32 ,$275 ,2003
GA,$40 ,$295 ,2003
HI,$5 ,$395 ,2003
IA,$43 ,$292 ,2003
ID,$51 ,$316 ,2003
IL,$51 ,$326 ,2003
IN,$50 ,$336 ,2003
KS,$86 ,$345 ,2003
KY,$39 ,$329 ,2003
LA,$10 ,$258 ,2003
MA,$29 ,$507 ,2003
MD,$25 ,$310 ,2003
ME,$49 ,$283 ,2003
MI,$81 ,$362 ,2003
MN,$38 ,$467 ,2003
MO,$40 ,$250 ,2003
MS,$30 ,$210 ,2003
MT,$70 ,$297 ,2003
NC,$34 ,$408 ,2003
ND,$43 ,$290 ,2003
NE,$36 ,$262 ,2003
NH,$32 ,$372 ,2003
NJ,$61 ,$475 ,2003
NM,$52 ,$277 ,2003
NV,$16 ,$309 ,2003
NY,$40 ,$405 ,2003
OH,$88 ,$315 ,2003
OK,$16 ,$303 ,2003
OR,$93 ,$405 ,2003
PA,$35 ,$451 ,2003
PR,$7 ,$133 ,2003
RI,$56 ,$427 ,2003
SC,$20 ,$278 ,2003
SD,$28 ,$241 ,2003
TN,$30 ,$275 ,2003
TX,$53 ,$328 ,2003
UT,$23 ,$365 ,2003
VA,$59 ,$318 ,2003
VI,$32 ,$375 ,2003
VT,$1 ,$351 ,2003
WA,$107 ,$496 ,2003
WI,$49 ,$329 ,2003
WV,$24 ,$351 ,2003
WY,$21 ,$296 ,2003
AK,$44 ,$248 ,2004
AL,$45 ,$210 ,2004
AR,$63 ,$345 ,2004
AZ,$40 ,$205 ,2004
CA,$40 ,$410 ,2004
CO,$25 ,$398 ,2004
CT,$15 ,$429 ,2004
DC,$50 ,$309 ,2004
DE,$20 ,$330 ,2004
FL,$32 ,$275 ,2004
GA,$40 ,$300 ,2004
HI,$5 ,$417 ,2004
IA,$44 ,$300 ,2004
ID,$51 ,$316 ,2004
IL,$51 ,$326 ,2004
IN,$50 ,$348 ,2004
KS,$87 ,$351 ,2004
KY,$39 ,$365 ,2004
LA,$10 ,$258 ,2004
MA,$29 ,$508 ,2004
MD,$25 ,$310 ,2004
ME,$51 ,$292 ,2004
MI,$81 ,$362 ,2004
MN,$38 ,$478 ,2004
MO,$40 ,$250 ,2004
MS,$30 ,$210 ,2004
MT,$73 ,$323 ,2004
NC,$36 ,$416 ,2004
ND,$43 ,$312 ,2004
NE,$36 ,$280 ,2004
NH,$32 ,$372 ,2004
NJ,$61 ,$490 ,2004
NM,$58 ,$290 ,2004
NV,$16 ,$317 ,2004
NY,$40 ,$405 ,2004
OH,$90 ,$323 ,2004
OK,$16 ,$275 ,2004
OR,$96 ,$410 ,2004
PA,$35 ,$461 ,2004
PR,$7 ,$133 ,2004
RI,$56 ,$441 ,2004
SC,$20 ,$278 ,2004
SD,$28 ,$248 ,2004
TN,$30 ,$275 ,2004
TX,$53 ,$328 ,2004
UT,$24 ,$377 ,2004
VA,$50 ,$316 ,2004
VI,$32 ,$471 ,2004
VT,$42 ,$359 ,2004
WA,$109 ,$496 ,2004
WI,$49 ,$329 ,2004
WV,$24 ,$358 ,2004
WY,$22 ,$306 ,2004
AK,$44 ,$248 ,2005
AL,$45 ,$220 ,2005
AR,$65 ,$345 ,2005
AZ,$60 ,$240 ,2005
CA,$40 ,$450 ,2005
CO,$25 ,$407 ,2005
CT,$15 ,$447 ,2005
DC,$50 ,$359 ,2005
DE,$20 ,$330 ,2005
FL,$32 ,$275 ,2005
GA,$40 ,$300 ,2005
HI,$5 ,$436 ,2005
IA,$46 ,$310 ,2005
ID,$51 ,$325 ,2005
IL,$51 ,$336 ,2005
IN,$50 ,$369 ,2005
KS,$89 ,$359 ,2005
KY,$39 ,$365 ,2005
LA,$10 ,$258 ,2005
MA,$29 ,$528 ,2005
MD,$25 ,$310 ,2005
ME,$52 ,$302 ,2005
MI,$81 ,$362 ,2005
MN,$38 ,$493 ,2005
MO,$48 ,$250 ,2005
MS,$30 ,$210 ,2005
MT,$75 ,$335 ,2005
NC,$36 ,$426 ,2005
ND,$43 ,$324 ,2005
NE,$30 ,$288 ,2005
NH,$32 ,$372 ,2005
NJ,$61 ,$503 ,2005
NM,$57 ,$300 ,2005
NV,$16 ,$329 ,2005
NY,$40 ,$405 ,2005
OH,$93 ,$331 ,2005
OK,$16 ,$292 ,2005
OR,$98 ,$419 ,2005
PA,$35 ,$478 ,2005
PR,$7 ,$133 ,2005
RI,$62 ,$462 ,2005
SC,$20 ,$292 ,2005
SD,$28 ,$256 ,2005
TN,$30 ,$275 ,2005
TX,$54 ,$336 ,2005
UT,$24 ,$371 ,2005
VA,$50 ,$326 ,2005
VI,$33 ,$387 ,2005
VT,$42 ,$371 ,2005
WA,$111 ,$496 ,2005
WI,$49 ,$329 ,2005
WV,$24 ,$366 ,2005
WY,$23 ,$316 ,2005
AK,44,248,2006
AL,45,220,2006
AR,68,382,2006
AZ,60,240,2006
CA,40,450,2006
CO,25,421,2006
CT,15,465,2006
DC,50,359,2006
DE,20,330,2006
FL,32,275,2006
GA,40,300,2006
HI,5,459,2006
IA,48,324,2006
ID,51,322,2006
IL,51,350,2006
IN,50,390,2006
KS,93,373,2006
KY,39,365,2006
LA,10,258,2006
MA,29,528,2006
MD,25,340,2006
ME,54,313,2006
MI,81,362,2006
MN,38,515,2006
MO,48,270,2006
MS,30,210,2006
MT,98,346,2006
NC,36,442,2006
ND,43,340,2006
NE,30,288,2006
NH,32,372,2006
NJ,73,521,2006
NM,62,312,2006
NV,16,346,2006
NY,40,405,2006
OH,96,343,2006
OK,16,317,2006
OR,101,434,2006
PA,35,497,2006
PR,7,133,2006
RI,62,477,2006
SC,20,303,2006
SD,28,266,2006
TN,30,275,2006
TX,55,336,2006
UT,25,383,2006
VA,54,330,2006
VI,33,416,2006
VT,57,385,2006
WA,112,496,2006
WI,51,341,2006
WV,24,380,2006
WY,24,330,2006
AK,$44 ,$248 ,2007
AL,$45 ,$230 ,2007
AR,$71 ,$395 ,2007
AZ,$60 ,$240 ,2007
CA,$40 ,$450 ,2007
CO,$25 ,$435 ,2007
CT,$15 ,$483 ,2007
DC,$50 ,$359 ,2007
DE,$20 ,$330 ,2007
FL,$32 ,$275 ,2007
GA,$42 ,$320 ,2007
HI,$5 ,$475 ,2007
IA,$50 ,$334 ,2007
ID,$51 ,$338 ,2007
IL,$51 ,$367 ,2007
IN,$50 ,$390 ,2007
KS,$96 ,$386 ,2007
KY,$39 ,$401 ,2007
LA,$10 ,$258 ,2007
MA,$31 ,$575 ,2007
MD,$25 ,$340 ,2007
ME,$56 ,$320 ,2007
MI,$110 ,$362 ,2007
MN,$38 ,$521 ,2007
MO,$56 ,$280 ,2007
MS,$30 ,$210 ,2007
MT,$103 ,$362 ,2007
NC,$39 ,$457 ,2007
ND,$43 ,$351 ,2007
NE,$30 ,$288 ,2007
NH,$32 ,$372 ,2007
NJ,$73 ,$536 ,2007
NM,$65 ,$326 ,2007
NV,$16 ,$362 ,2007
NY,$40 ,$405 ,2007
OH,$100 ,$355 ,2007
OK,$16 ,$342 ,2007
OR,$104 ,$445 ,2007
PA,$35 ,$520 ,2007
PR,$7 ,$133 ,2007
RI,$65 ,$492 ,2007
SC,$20 ,$303 ,2007
SD,$28 ,$274 ,2007
TN,$30 ,$275 ,2007
TX,$56 ,$364 ,2007
UT,$26 ,$406 ,2007
VA,$54 ,$347 ,2007
VI,$33 ,$426 ,2007
VT,$59 ,$394 ,2007
WA,$116 ,$496 ,2007
WI,$53 ,$355 ,2007
WV,$24 ,$391 ,2007
WY,$25 ,$349 ,2007
AK,$44 ,$248 ,2008
AL,$45 ,$235 ,2008
AR,$73 ,$409 ,2008
AZ,$60 ,$240 ,2008
CA,$40 ,$450 ,2008
CO,$25 ,$413 ,2008
CT,$15 ,$501 ,2008
DC,$50 ,$359 ,2008
DE,$20 ,$330 ,2008
FL,$32 ,$275 ,2008
GA,$44 ,$320 ,2008
HI,$5 ,$523 ,2008
IA,$51 ,$347 ,2008
ID,$58 ,$364 ,2008
IL,$51 ,$369 ,2008
IN,$50 ,$390 ,2008
KS,$101 ,$407 ,2008
KY,$39 ,$415 ,2008
LA,$10 ,$258 ,2008
MA,$32 ,$600 ,2008
MD,$25 ,$380 ,2008
ME,$57 ,$331 ,2008
MI,$113 ,$362 ,2008
MN,$38 ,$538 ,2008
MO,$45 ,$320 ,2008
MS,$30 ,$210 ,2008
MT,$114 ,$386 ,2008
NC,$39 ,$457 ,2008
ND,$43 ,$385 ,2008
NE,$30 ,$298 ,2008
NH,$32 ,$427 ,2008
NJ,$85 ,$560 ,2008
NM,$66 ,$355 ,2008
NV,$16 ,$362 ,2008
NY,$40 ,$405 ,2008
OH,$103 ,$365 ,2008
OK,$16 ,$392 ,2008
OR,$108 ,$463 ,2008
PA,$35 ,$539 ,2008
PR,$7 ,$133 ,2008
RI,$68 ,$513 ,2008
SC,$20 ,$326 ,2008
SD,$28 ,$285 ,2008
TN,$30 ,$275 ,2008
TX,$57 ,$378 ,2008
UT,$26 ,$427 ,2008
VA,$54 ,$363 ,2008
VI,$33 ,$454 ,2008
VT,$61 ,$409 ,2008
WA,$122 ,$515 ,2008
WI,$53 ,$355 ,2008
WV,$24 ,$408 ,2008
WY,$28 ,$387 ,2008
AK,$56 ,$370 ,2009
AL,$45 ,$255 ,2009
AR,$77 ,$431 ,2009
AZ,$60 ,$240 ,2009
CA,$40 ,$450 ,2009
CO,$25 ,$431 ,2009
CT,$15 ,$519 ,2009
DC,$50 ,$359 ,2009
DE,$20 ,$330 ,2009
FL,$32 ,$275 ,2009
GA,$44 ,$330 ,2009
HI,$5 ,$545 ,2009
IA,$53 ,$361 ,2009
ID,$65 ,$362 ,2009
IL,$51 ,$385 ,2009
IN,$50 ,$390 ,2009
KS,$105 ,$423 ,2009
KY,$39 ,$415 ,2009
LA,$10 ,$284 ,2009
MA,$34 ,$628 ,2009
MD,$25 ,$380 ,2009
ME,$60 ,$344 ,2009
MI,$117 ,$362 ,2009
MN,$38 ,$351 ,2009
MO,$35 ,$320 ,2009
MS,$30 ,$230 ,2009
MT,$120 ,$407 ,2009
NC,$42 ,$494 ,2009
ND,$43 ,$406 ,2009
NE,$30 ,$308 ,2009
NH,$32 ,$427 ,2009
NJ,$85 ,$584 ,2009
NM,$67 ,$359 ,2009
NV,$16 ,$393 ,2009
NY,$64 ,$405 ,2009
OH,$105 ,$372 ,2009
OK,$16 ,$409 ,2009
OR,$113 ,$482 ,2009
PA,$35 ,$558 ,2009
PR,$7 ,$133 ,2009
RI,$68 ,$528 ,2009
SC,$20 ,$326 ,2009
SD,$28 ,$298 ,2009
TN,$30 ,$275 ,2009
TX,$58 ,$392 ,2009
UT,$28 ,$444 ,2009
VA,$54 ,$378 ,2009
VI,$33 ,$459 ,2009
VT,$64 ,$425 ,2009
WA,$129 ,$541 ,2009
WI,$54 ,$363 ,2009
WV,$24 ,$424 ,2009
WY,$30 ,$415 ,2009
AK,$56 ,$370 ,2010
AL,$45 ,$265 ,2010
AR,$79 ,$441 ,2010
AZ,$60 ,$240 ,2010
CA,$40 ,$450 ,2010
CO,$25 ,$443 ,2010
CT,$15 ,$537 ,2010
DC,$50 ,$359 ,2010
DE,$20 ,$330 ,2010
FL,$32 ,$275 ,2010
GA,$44 ,$330 ,2010
HI,$5 ,$559 ,2010
IA,$56 ,$374 ,2010
ID,$72 ,$334 ,2010
IL,$51 ,$385 ,2010
IN,$50 ,$390 ,2010
KS,$109 ,$436 ,2010
KY,$39 ,$415 ,2010
LA,$10 ,$247 ,2010
MA,$33 ,$629 ,2010
MD,$25 ,$410 ,2010
ME,$62 ,$356 ,2010
MI,$117 ,$362 ,2010
MN,$38 ,$377 ,2010
MO,$35 ,$320 ,2010
MS,$30 ,$235 ,2010
MT,$125 ,$422 ,2010
NC,$43 ,$505 ,2010
ND,$43 ,$431 ,2010
NE,$30 ,$318 ,2010
NH,$32 ,$427 ,2010
NJ,$87 ,$600 ,2010
NM,$71 ,$426 ,2010
NV,$16 ,$400 ,2010
NY,$64 ,$405 ,2010
OH,$106 ,$375 ,2010
OK,$16 ,$430 ,2010
OR,$115 ,$493 ,2010
PA,$35 ,$564 ,2010
PR,$7 ,$133 ,2010
RI,$68 ,$546 ,2010
SC,$20 ,$326 ,2010
SD,$28 ,$309 ,2010
TN,$30 ,$275 ,2010
TX,$59 ,$406 ,2010
UT,$29 ,$451 ,2010
VA,$54 ,$378 ,2010
VI,$33 ,$462 ,2010
VT,$64 ,$425 ,2010
WA,$133 ,$560 ,2010
WI,$54 ,$363 ,2010
WV,$24 ,$424 ,2010
WY,$31 ,$438 ,2010
AK,$56 ,$370 ,2011
AL,$45 ,$265 ,2011
AR,$81 ,$451 ,2011
AZ,$60 ,$240 ,2011
CA,$40 ,$450 ,2011
CO,$25 ,$415 ,2011
CT,$15 ,$555 ,2011
DC,$50 ,$359 ,2011
DE,$20 ,$330 ,2011
FL,$32 ,$275 ,2011
GA,$44 ,$330 ,2011
HI,$5 ,$549 ,2011
IA,$56 ,$376 ,2011
ID,$72 ,$336 ,2011
IL,$51 ,$388 ,2011
IN,$50 ,$390 ,2011
KS,$108 ,$435 ,2011
KY,$39 ,$415 ,2011
LA,$10 ,$247 ,2011
MA,$33 ,$625 ,2011
MD,$25 ,$430 ,2011
ME,$62 ,$359 ,2011
MI,$117 ,$362 ,2011
MN,$38 ,$372 ,2011
MO,$35 ,$320 ,2011
MS,$30 ,$235 ,2011
MT,$120 ,$421 ,2011
NC,$43 ,$506 ,2011
ND,$43 ,$442 ,2011
NE,$30 ,$348 ,2011
NH,$32 ,$427 ,2011
NJ,$87 ,$598 ,2011
NM,$72 ,$386 ,2011
NV,$16 ,$398 ,2011
NY,$64 ,$405 ,2011
OH,$108 ,$387 ,2011
OK,$16 ,$358 ,2011
OR,$116 ,$496 ,2011
PA,$35 ,$573 ,2011
PR,$7 ,$133 ,2011
RI,$68 ,$551 ,2011
SC,$42 ,$326 ,2011
SD,$28 ,$314 ,2011
TN,$30 ,$275 ,2011
TX,$60 ,$415 ,2011
UT,$29 ,$452 ,2011
VA,$54 ,$378 ,2011
VI,$33 ,$462 ,2011
VT,$64 ,$425 ,2011
WA,$135 ,$570 ,2011
WI,$54 ,$363 ,2011
WV,$24 ,$424 ,2011
WY,$31 ,$430 ,2011
AK,$56 ,$370 ,2012
AL,$45 ,$265 ,2012
AR,$82 ,$457 ,2012
AZ,$60 ,$240 ,2012
CA,$40 ,$450 ,2012
CO,$25 ,$454 ,2012
CT,$15 ,$573 ,2012
DC,$50 ,$359 ,2012
DE,$20 ,$330 ,2012
FL,$32 ,$275 ,2012
GA,$44 ,$330 ,2012
HI,$5 ,$523 ,2012
IA,$57 ,$385 ,2012
ID,$72 ,$343 ,2012
IL,$51 ,$403 ,2012
IN,$50 ,$390 ,2012
KS,$111 ,$444 ,2012
KY,$39 ,$415 ,2012
LA,$10 ,$247 ,2012
MA,$33 ,$653 ,2012
MD,$50 ,$430 ,2012
ME,$64 ,$366 ,2012
MI,$117 ,$362 ,2012
MN,$38 ,$385 ,2012
MO,$35 ,$320 ,2012
MS,$30 ,$235 ,2012
MT,$123 ,$431 ,2012
NC,$45 ,$522 ,2012
ND,$43 ,$470 ,2012
NE,$70 ,$354 ,2012
NH,$32 ,$427 ,2012
NJ,$87 ,$611 ,2012
NM,$74 ,$397 ,2012
NV,$16 ,$396 ,2012
NY,$64 ,$405 ,2012
OH,$111 ,$400 ,2012
OK,$16 ,$368 ,2012
OR,$118 ,$507 ,2012
PA,$35 ,$573 ,2012
PR,$7 ,$133 ,2012
RI,$68 ,$566 ,2012
SC,$42 ,$326 ,2012
SD,$28 ,$323 ,2012
TN,$30 ,$275 ,2012
TX,$61 ,$426 ,2012
UT,$25 ,$467 ,2012
VA,$54 ,$378 ,2012
VI,$33 ,$495 ,2012
VT,$68 ,$425 ,2012
WA,$138 ,$583 ,2012
WI,$54 ,$363 ,2012
WV,$24 ,$424 ,2012
WY,$32 ,$444 ,2012
AK,$56 ,$370 ,2013
AL,$45 ,$265 ,2013
AR,$81 ,$451 ,2013
AZ,$122 ,$240 ,2013
CA,$40 ,$450 ,2013
CO,$25 ,$466 ,2013
CT,$15 ,$591 ,2013
DC,$50 ,$359 ,2013
DE,$20 ,$330 ,2013
FL,$32 ,$275 ,2013
GA,$44 ,$330 ,2013
HI,$5 ,$534 ,2013
IA,$59 ,$396 ,2013
ID,$72 ,$357 ,2013
IL,$51 ,$413 ,2013
IN,$37 ,$390 ,2013
KS,$114 ,$456 ,2013
KY,$39 ,$415 ,2013
LA,$10 ,$247 ,2013
MA,$33 ,$674 ,2013
MD,$50 ,$430 ,2013
ME,$65 ,$372 ,2013
MI,$117 ,$362 ,2013
MN,$24 ,$393 ,2013
MO,$35 ,$320 ,2013
MS,$30 ,$235 ,2013
MT,$127 ,$446 ,2013
NC,$46 ,$535 ,2013
ND,$43 ,$516 ,2013
NE,$70 ,$362 ,2013
NH,$32 ,$427 ,2013
NJ,$87 ,$624 ,2013
NM,$76 ,$407 ,2013
NV,$16 ,$402 ,2013
NY,$64 ,$405 ,2013
OH,$115 ,$413 ,2013
OK,$16 ,$386 ,2013
OR,$122 ,$524 ,2013
PA,$70 ,$573 ,2013
PR,$7 ,$133 ,2013
RI,$45 ,$566 ,2013
SC,$42 ,$326 ,2013
SD,$28 ,$333 ,2013
TN,$30 ,$275 ,2013
TX,$62 ,$440 ,2013
UT,$26 ,$479 ,2013
VA,$54 ,$378 ,2013
VI,$33 ,$491 ,2013
VT,$69 ,$425 ,2013
WA,$143 ,$604 ,2013
WI,$54 ,$363 ,2013
WV,$24 ,$424 ,2013
WY,$33 ,$459 ,2013
AK,$56 ,$370 ,2014
AL,$45 ,$265 ,2014
AR,$81 ,$451 ,2014
AZ,$123 ,$240 ,2014
CA,$40 ,$450 ,2014
CO,$25 ,$481 ,2014
CT,$15 ,$590 ,2014
DC,$50 ,$359 ,2014
DE,$20 ,$330 ,2014
FL,$32 ,$275 ,2014
GA,$44 ,$330 ,2014
HI,$5 ,$544 ,2014
IA,$60 ,$408 ,2014
ID,$72 ,$383 ,2014
IL,$51 ,$418 ,2014
IN,$37 ,$390 ,2014
KS,$117 ,$469 ,2014
KY,$39 ,$415 ,2014
LA,$10 ,$247 ,2014
MA,$33 ,$679 ,2014
MD,$50 ,$430 ,2014
ME,$66 ,$378 ,2014
MI,$117 ,$362 ,2014
MN,$25 ,$405 ,2014
MO,$35 ,$320 ,2014
MS,$30 ,$235 ,2014
MT,$132 ,$464 ,2014
NC,$15 ,$350 ,2014
ND,$43 ,$570 ,2014
NE,$70 ,$372 ,2014
NH,$32 ,$427 ,2014
NJ,$87 ,$636 ,2014
NM,$75 ,$406 ,2014
NV,$16 ,$407 ,2014
NY,$68 ,$405 ,2014
OH,$116 ,$418 ,2014
OK,$16 ,$440 ,2014
OR,$126 ,$538 ,2014
PA,$70 ,$573 ,2014
PR,$7 ,$133 ,2014
RI,$44 ,$566 ,2014
SC,$42 ,$326 ,2014
SD,$28 ,$345 ,2014
TN,$30 ,$275 ,2014
TX,$63 ,$454 ,2014
UT,$26 ,$487 ,2014
VA,$54 ,$378 ,2014
VI,$33 ,$468 ,2014
VT,$58 ,$425 ,2014
WA,$148 ,$624 ,2014
WI,$54 ,$370 ,2014
WV,$24 ,$424 ,2014
WY,$34 ,$471 ,2014
AK,$56 ,$370 ,2015
AL,$45 ,$265 ,2015
AR,$81 ,$451 ,2015
AZ,$126 ,$240 ,2015
CA,$40 ,$450 ,2015
CO,$25 ,$484 ,2015
CT,$15 ,$594 ,2015
DC,$50 ,$359 ,2015
DE,$20 ,$330 ,2015
FL,$32 ,$275 ,2015
GA,$44 ,$330 ,2015
HI,$5 ,$551 ,2015
IA,$62 ,$416 ,2015
ID,$72 ,$398 ,2015
IL,$51 ,$426 ,2015
IN,$37 ,$390 ,2015
KS,$118 ,$474 ,2015
KY,$39 ,$415 ,2015
LA,$10 ,$247 ,2015
MA,$33 ,$698 ,2015
MD,$50 ,$430 ,2015
ME,$67 ,$386 ,2015
MI,$117 ,$362 ,2015
MN,$25 ,$412 ,2015
MO,$35 ,$320 ,2015
MS,$30 ,$235 ,2015
MT,$134 ,$471 ,2015
NC,$15 ,$350 ,2015
ND,$43 ,$594 ,2015
NE,$70 ,$380 ,2015
NH,$32 ,$427 ,2015
NJ,$99 ,$646 ,2015
NM,$77 ,$412 ,2015
NV,$16 ,$412 ,2015
NY,$100 ,$420 ,2015
OH,$118 ,$424 ,2015
OK,$16 ,$490 ,2015
OR,$128 ,$549 ,2015
PA,$70 ,$573 ,2015
PR,$7 ,$133 ,2015
RI,$46 ,$566 ,2015
SC,$42 ,$326 ,2015
SD,$28 ,$352 ,2015
TN,$30 ,$275 ,2015
TX,$64 ,$465 ,2015
UT,$26 ,$496 ,2015
VA,$60 ,$378 ,2015
VI,$33 ,$477 ,2015
VT,$73 ,$436 ,2015
WA,$151 ,$637 ,2015
WI,$54 ,$370 ,2015
WV,$24 ,$424 ,2015
WY,$34 ,$475 ,2015
AK,$56 ,$370 ,2016
AL,$45 ,$265 ,2016
AR,$81 ,$451 ,2016
AZ,$126 ,$240 ,2016
CA,$40 ,$450 ,2016
CO,$25 ,$502 ,2016
CT,$15 ,$598 ,2016
DC,$50 ,$359 ,2016
DE,$20 ,$330 ,2016
FL,$32 ,$275 ,2016
GA,$44 ,$330 ,2016
HI,$5 ,$569 ,2016
IA,$64 ,$431 ,2016
ID,$72 ,$410 ,2016
IL,$51 ,$437 ,2016
IN,$37 ,$390 ,2016
KS,$118 ,$474 ,2016
KY,$39 ,$415 ,2016
LA,$10 ,$247 ,2016
MA,$37 ,$722 ,2016
MD,$50 ,$430 ,2016
ME,$69 ,$397 ,2016
MI,$117 ,$362 ,2016
MN,$26 ,$424 ,2016
MO,$35 ,$320 ,2016
MS,$30 ,$235 ,2016
MT,$139 ,$487 ,2016
NC,$15 ,$350 ,2016
ND,$43 ,$633 ,2016
NE,$70 ,$392 ,2016
NH,$32 ,$427 ,2016
NJ,$100 ,$657 ,2016
NM,$79 ,$423 ,2016
NV,$16 ,$417 ,2016
NY,$100 ,$420 ,2016
OH,$118 ,$435 ,2016
OK,$16 ,$505 ,2016
OR,$128 ,$549 ,2016
PA,$70 ,$573 ,2016
PR,$7 ,$133 ,2016
RI,$49 ,$566 ,2016
SC,$42 ,$326 ,2016
SD,$28 ,$366 ,2016
TN,$30 ,$275 ,2016
TX,$65 ,$479 ,2016
UT,$28 ,$509 ,2016
VA,$60 ,$378 ,2016
VI,$33 ,$477 ,2016
VT,$74 ,$446 ,2016
WA,$158 ,$664 ,2016
WI,$54 ,$370 ,2016
WV,$24 ,$424 ,2016
WY,$35 ,$491 ,2016
AK,$56 ,$370 ,2017
AL,$45 ,$265 ,2017
AR,$81 ,$451 ,2017
AZ,$126 ,$240 ,2017
CA,$40 ,$450 ,2017
CO,$25 ,$516 ,2017
CT,$15 ,$616 ,2017
DC,$50 ,$425 ,2017
DE,$20 ,$330 ,2017
FL,$32 ,$275 ,2017
GA,$44 ,$330 ,2017
HI,$5 ,$592 ,2017
IA,$66 ,$447 ,2017
ID,$72 ,$410 ,2017
IL,$51 ,$449 ,2017
IN,$37 ,$390 ,2017
KS,$118 ,$474 ,2017
KY,$39 ,$415 ,2017
LA,$10 ,$247 ,2017
MA,$37 ,$742 ,2017
MD,$50 ,$430 ,2017
ME,$71 ,$410 ,2017
MI,$141 ,$362 ,2017
MN,$26 ,$440 ,2017
MO,$35 ,$320 ,2017
MS,$30 ,$235 ,2017
MT,$151 ,$510 ,2017
NC,$15 ,$350 ,2017
ND,$43 ,$630 ,2017
NE,$70 ,$392 ,2017
NH,$32 ,$427 ,2017
NJ,$100 ,$677 ,2017
NM,$79 ,$425 ,2017
NV,$16 ,$426 ,2017
NY,$100 ,$425 ,2017
OH,$118 ,$435 ,2017
OK,$16 ,$510 ,2017
OR,$138 ,$590 ,2017
PA,$68 ,$561 ,2017
PR,$7 ,$133 ,2017
RI,$49 ,$566 ,2017
SC,$42 ,$326 ,2017
SD,$28 ,$380 ,2017
TN,$30 ,$275 ,2017
TX,$66 ,$493 ,2017
UT,$29 ,$524 ,2017
VA,$60 ,$378 ,2017
VI,$33 ,$480 ,2017
VT,$77 ,$458 ,2017
WA,$162 ,$681 ,2017
WI,$54 ,$370 ,2017
WV,$24 ,$424 ,2017
WY,$33 ,$489 ,2017
AK,$56 ,$370 ,2018
AL,$45 ,$265 ,2018
AR,$81 ,$451 ,2018
AZ,$164 ,$240 ,2018
CA,$40 ,$450 ,2018
CO,$25 ,$520 ,2018
CT,$15 ,$613 ,2018
DC,$50 ,$432 ,2018
DE,$20 ,$330 ,2018
FL,$32 ,$275 ,2018
GA,$44 ,$330 ,2018
HI,$5 ,$619 ,2018
IA,$68 ,$455 ,2018
ID,$72 ,$405 ,2018
IL,$51 ,$458 ,2018
IN,$37 ,$390 ,2018
KS,$118 ,$474 ,2018
KY,$39 ,$448 ,2018
LA,$10 ,$247 ,2018
MA,$42 ,$769 ,2018
MD,$50 ,$430 ,2018
ME,$73 ,$418 ,2018
MI,$147 ,$362 ,2018
MN,$26 ,$447 ,2018
MO,$35 ,$320 ,2018
MS,$30 ,$235 ,2018
MT,$153 ,$518 ,2018
NC,$15 ,$350 ,2018
ND,$43 ,$606 ,2018
NE,$70 ,$414 ,2018
NH,$32 ,$427 ,2018
NJ,$100 ,$681 ,2018
NM,$81 ,$433 ,2018
NV,$16 ,$439 ,2018
NY,$100 ,$430 ,2018
OH,$128 ,$443 ,2018
OK,$16 ,$506 ,2018
OR,$141 ,$604 ,2018
PA,$68 ,$561 ,2018
PR,$7 ,$133 ,2018
RI,$51 ,$566 ,2018
SC,$42 ,$326 ,2018
SD,$28 ,$390 ,2018
TN,$30 ,$275 ,2018
TX,$67 ,$494 ,2018
UT,$30 ,$543 ,2018
VA,$60 ,$378 ,2018
VI,$33 ,$505 ,2018
VT,$77 ,$466 ,2018
WA,$169 ,$713 ,2018
WI,$54 ,$370 ,2018
WV,$24 ,$424 ,2018
WY,$35 ,$475 ,2018
AK,$56 ,$370 ,2019
AL,$45 ,$265 ,2019
AR,$81 ,$451 ,2019
AZ,$172 ,$240 ,2019
CA,$40 ,$450 ,2019
CO,$25 ,$542 ,2019
CT,$15 ,$631 ,2019
DC,$50 ,$438 ,2019
DE,$20 ,$330 ,2019
FL,$32 ,$275 ,2019
GA,$44 ,$330 ,2019
HI,$5 ,$630 ,2019
IA,$70 ,$467 ,2019
ID,$72 ,$414 ,2019
IL,$51 ,$471 ,2019
IN,$37 ,$390 ,2019
KS,$118 ,$474 ,2019
KY,$39 ,$502 ,2019
LA,$10 ,$247 ,2019
MA,$45 ,$795 ,2019
MD,$50 ,$430 ,2019
ME,$75 ,$431 ,2019
MI,$147 ,$362 ,2019
MN,$28 ,$462 ,2019
MO,$35 ,$320 ,2019
MS,$30 ,$235 ,2019
MT,$150 ,$527 ,2019
NC,$15 ,$350 ,2019
ND,$43 ,$595 ,2019
NE,$70 ,$426 ,2019
NH,$32 ,$427 ,2019
NJ,$103 ,$696 ,2019
NM,$82 ,$442 ,2019
NV,$16 ,$450 ,2019
NY,$100 ,$450 ,2019
OH,$130 ,$443 ,2019
OK,$16 ,$520 ,2019
OR,$146 ,$624 ,2019
PA,$68 ,$561 ,2019
PR,$7 ,$133 ,2019
RI,$53 ,$576 ,2019
SC,$42 ,$326 ,2019
SD,$28 ,$402 ,2019
TN,$30 ,$275 ,2019
TX,$67 ,$494 ,2019
UT,$31 ,$560 ,2019
VA,$60 ,$378 ,2019
VI,$33 ,$552 ,2019
VT,$68 ,$498 ,2019
WA,$178 ,$749 ,2019
WI,$54 ,$370 ,2019
WV,$24 ,$424 ,2019
WY,$35 ,$489 ,2019
AK,$56 ,$370 ,2020
AL,$45 ,$275 ,2020
AR,$81 ,$451 ,2020
AZ,$187 ,$240 ,2020
CA,$40 ,$450 ,2020
CO,$25 ,$561 ,2020
CT,$15 ,$649 ,2020
DC,$50 ,$444 ,2020
DE,$20 ,$400 ,2020
FL,$32 ,$275 ,2020
GA,$55 ,$365 ,2020
HI,$5 ,$648 ,2020
IA,$72 ,$481 ,2020
ID,$72 ,$448 ,2020
IL,$51 ,$484 ,2020
IN,$37 ,$390 ,2020
KS,$122 ,$488 ,2020
KY,$39 ,$552 ,2020
LA,$10 ,$247 ,2020
MA,$98 ,$823 ,2020
MD,$50 ,$430 ,2020
ME,$77 ,$445 ,2020
MI,$150 ,$362 ,2020
MN,$28 ,$462 ,2020
MO,$35 ,$320 ,2020
MS,$30 ,$235 ,2020
MT,$163 ,$552 ,2020
NC,$15 ,$350 ,2020
ND,$43 ,$618 ,2020
NE,$70 ,$440 ,2020
NH,$32 ,$427 ,2020
NJ,$120 ,$713 ,2020
NM,$86 ,$461 ,2020
NV,$16 ,$469 ,2020
NY,$104 ,$504 ,2020
OH,$135 ,$480 ,2020
OK,$16 ,$539 ,2020
OR,$151 ,$648 ,2020
PA,$68 ,$572 ,2020
PR,$33 ,$190 ,2020
RI,$53 ,$586 ,2020
SC,$42 ,$326 ,2020
SD,$28 ,$414 ,2020
TN,$30 ,$275 ,2020
TX,$69 ,$521 ,2020
UT,$32 ,$580 ,2020
VA,$60 ,$378 ,2020
VI,$33 ,$602 ,2020
VT,$72 ,$513 ,2020
WA,$188 ,$790 ,2020
WI,$54 ,$370 ,2020
WV,$24 ,$424 ,2020
WY,$36 ,$508 ,2020
AK,$56 ,$370 ,2021
AL,$45 ,$275 ,2021
AR,$81 ,$451 ,2021
AZ,$190 ,$240 ,2021
CA,$40 ,$450 ,2021
CO,$25 ,$590 ,2021
CT,$15 ,$667 ,2021
DC,$50 ,$444 ,2021
DE,$20 ,$400 ,2021
FL,$32 ,$275 ,2021
GA,$55 ,$365 ,2021
HI,$5 ,$639 ,2021
IA,$73 ,$493 ,2021
ID,$72 ,$463 ,2021
IL,$51 ,$505 ,2021
IN,$37 ,$390 ,2021
KS,$125 ,$503 ,2021
KY,$39 ,$569 ,2021
LA,$10 ,$247 ,2021
MA,$103 ,$855 ,2021
MD,$50 ,$430 ,2021
ME,$80 ,$462 ,2021
MI,$150 ,$362 ,2021
MN,$29 ,$491 ,2021
MO,$35 ,$320 ,2021
MS,$30 ,$235 ,2021
MT,$169 ,$572 ,2021
NC,$15 ,$350 ,2021
ND,$43 ,$640 ,2021
NE,$70 ,$456 ,2021
NH,$100 ,$427 ,2021
NJ,$132 ,$731 ,2021
NM,$90 ,$484 ,2021
NV,$16 ,$483 ,2021
NY,$108 ,$504 ,2021
OH,$140 ,$498 ,2021
OK,$16 ,$461 ,2021
OR,$157 ,$673 ,2021
PA,$68 ,$583 ,2021
PR,$60 ,$240 ,2021
RI,$59 ,$599 ,2021
SC,$42 ,$326 ,2021
SD,$28 ,$428 ,2021
TN,$30 ,$275 ,2021
TX,$70 ,$535 ,2021
UT,$35 ,$617 ,2021
VA,$60 ,$378 ,2021
VI,$33 ,$677 ,2021
VT,$74 ,$531 ,2021
WA,$201 ,$844 ,2021
WI,$54 ,$370 ,2021
WV,$24 ,$424 ,2021
WY,$38 ,$526 ,2021
AK,$56 ,$370 ,2022
AL,$45 ,$275 ,2022
AR,$81 ,$451 ,2022
AZ,$200 ,$240 ,2022
CA,$40 ,$450 ,2022
CO,$25 ,$636 ,2022
CT,$15 ,$685 ,2022
DC,$50 ,$444 ,2022
DE,$20 ,$400 ,2022
FL,$32 ,$275 ,2022
GA,$55 ,$365 ,2022
HI,$5 ,$695 ,2022
IA,$79 ,$531 ,2022
ID,$72 ,$499 ,2022
IL,$51 ,$542 ,2022
IN,$37 ,$390 ,2022
KS,$135 ,$540 ,2022
KY,$39 ,$569 ,2022
LA,$10 ,$275 ,2022
MA,$55 ,$974 ,2022
MD,$50 ,$430 ,2022
ME,$89 ,$511 ,2022
MI,$157 ,$362 ,2022
MN,$31 ,$529 ,2022
MO,$35 ,$320 ,2022
MS,$30 ,$235 ,2022
MT,$183 ,$618 ,2022
NC,$15 ,$350 ,2022
ND,$43 ,$657 ,2022
NE,$70 ,$490 ,2022
NH,$32 ,$427 ,2022
NJ,$144 ,$804 ,2022
NM,$96 ,$514 ,2022
NV,$16 ,$533 ,2022
NY,$116 ,$504 ,2022
OH,$149 ,$530 ,2022
OK,$16 ,$476 ,2022
OR,$171 ,$733 ,2022
PA,$68 ,$594 ,2022
PR,$60 ,$240 ,2022
RI,$62 ,$661 ,2022
SC,$42 ,$326 ,2022
SD,$28 ,$466 ,2022
TN,$30 ,$275 ,2022
TX,$71 ,$549 ,2022
UT,$38 ,$661 ,2022
VA,$60 ,$378 ,2022
VI,$33 ,$642 ,2022
VT,$75 ,$583 ,2022
WA,$295 ,$929 ,2022
WI,$54 ,$370 ,2022
WV,$24 ,$424 ,2022
WY,$38 ,$533 ,2022
AK,$56 ,$370 ,2023
AL,$45 ,$275 ,2023
AR,$81 ,$451 ,2023
AZ,$216 ,$320 ,2023
CA,$40 ,$450 ,2023
CO,$25 ,$675 ,2023
CT,$15 ,$703 ,2023
DC,$50 ,$444 ,2023
DE,$20 ,$400 ,2023
FL,$32 ,$275 ,2023
GA,$55 ,$365 ,2023
HI,$5 ,$763 ,2023
IA,$82 ,$551 ,2023
ID,$72 ,$532 ,2023
IL,$51 ,$578 ,2023
IN,$37 ,$390 ,2023
KS,$140 ,$560 ,2023
KY,$39 ,$626 ,2023
LA,$35 ,$275 ,2023
MA,$58 ,"$1,015 ",2023
MD,$50 ,$430 ,2023
ME,$94 ,$538 ,2023
MI,$160 ,$362 ,2023
MN,$33 ,$552 ,2023
MO,$35 ,$320 ,2023
MS,$30 ,$235 ,2023
MT,$194 ,$657 ,2023
NC,$15 ,$350 ,2023
ND,$43 ,$673 ,2023
NE,$70 ,$514 ,2023
NH,$32 ,$427 ,2023
NJ,$156 ,$830 ,2023
NM,$101 ,$542 ,2023
NV,$16 ,$562 ,2023
NY,$124 ,$504 ,2023
OH,$157 ,$561 ,2023
OK,$16 ,$493 ,2023
OR,$183 ,$783 ,2023
PA,$68 ,$605 ,2023
PR,$60 ,$240 ,2023
RI,$66 ,$680 ,2023
SC,$42 ,$326 ,2023
SD,$28 ,$487 ,2023
TN,$30 ,$275 ,2023
TX,$72 ,$563 ,2023
UT,$41 ,$712 ,2023
VA,$60 ,$378 ,2023
VI,$33 ,$629 ,2023
VT,$80 ,$668 ,2023
WA,$317 ,$999 ,2023
WI,$54 ,$370 ,2023
WV,$24 ,$630 ,2023
WY,$40 ,$560 ,2023
AK,56,370,2024
AL,45,275,2024
AR,81,451,2024
AZ,224,320,2024
CA,40,450,2024
CO,25,710,2024
CT,40,721,2024
DC,50,444,2024
DE,20,450,2024
FL,32,275,2024
GA,55,365,2024
HI,5,796,2024
IA,86,582,2024
ID,72,568,2024
IL,51,593,2024
IN,37,390,2024
KS,147,589,2024
KY,39,665,2024
LA,35,275,2024
MA,60,1033,2024
MD,50,430,2024
ME,100,573,2024
MI,164,362,2024
MN,34,574,2024
MO,35,320,2024
MS,30,235,2024
MT,207,698,2024
NC,15,350,2024
ND,43,748,2024
NE,70,546,2024
NH,32,427,2024
NJ,169,854,2024
NM,107,577,2024
NV,16,585,2024
NY,132,504,2024
OH,157,561,2024
OK,16,519,2024
OR,190,812,2024
PA,68,605,2024
PR,60,240,2024
RI,71,705,2024
SC,42,326,2024
SD,28,514,2024
TN,55,325,2024
TX,73,577,2024
UT,44,746,2024
VA,60,378,2024
VI,33,645,2024
VT,86,705,2024
WA,323,1019,2024
WI,54,370,2024
WV,24,662,2024
WY,43,595,2024
AK,56,370,2025
AL,45,275,2025
AR,81,451,2025
AZ,224,320,2025
CA,40,450,2025
CO,25,735,2025
CT,42,721,2025
DC,50,444,2025
DE,20,450,2025
FL,32,275,2025
GA,55,365,2025
HI,5,835,2025
IA,90,602,2025
ID,72,590,2025
IL,51,605,2025
IN,37,390,2025
KS,153,612,2025
KY,39,694,2025
LA,35,275,2025
MA,60,1051,2025
MD,50,430,2025
ME,104,595,2025
MI,167,446,2025
MN,36,589,2025
MO,35,320,2025
MS,30,235,2025
MT,217,732,2025
NC,15,350,2025
ND,43,786,2025
NE,70,564,2025
NH,32,427,2025
NJ,181,875,2025
NM,111,598,2025
NV,16,604,2025
NY,136,504,2025
OH,169,600,2025
OK,16,541,2025
OR,196,836,2025
PA,68,605,2025
PR,60,240,2025
RI,77,723,2025
SC,42,326,2025
SD,28,532,2025
TN,55,325,2025
TX,74,591,2025
UT,45,777,2025
VA,60,378,2025
VI,33,648,2025
VT,90,729,2025
WA,342,1079,2025
WI,54,370,2025
WV,24,662,2025
WY,45,624,2025
